timestamp,open,high,low,close,volume,MACD_DIF,MACD_DEA,MACD_Hist,K,D,J
2025-07-12 04:30:00,2.7979,2.8022,2.7828,2.7919,3162156.2,0.0,0.0,0.0,,,
2025-07-12 04:45:00,2.7918,2.7926,2.7696,2.7748,4076860.4,-0.0013641025641026872,-0.00027282051282053745,-0.0010912820512821498,,,
2025-07-12 05:00:00,2.7749,2.7814,2.7627,2.7657,3876376.1,-0.0031432244868141446,-0.0008469013076192589,-0.0022963231791948858,,,
2025-07-12 05:15:00,2.7656,2.788,2.7616,2.7825,4443908.3,-0.0031611322668663178,-0.0013097474994686708,-0.001851384767397647,,,
2025-07-12 05:30:00,2.7824,2.799,2.778,2.7867,4099283.0,-0.0028040955444930127,-0.0016086171084735393,-0.0011954784360194734,,,
2025-07-12 05:45:00,2.7867,2.7987,2.7864,2.7888,1566255.4,-0.002324889046400269,-0.0017518714960588855,-0.0005730175503413837,,,
2025-07-12 06:00:00,2.7888,2.7912,2.7659,2.7717,1895302.6,-0.0032870504618949248,-0.0020589072892260936,-0.0012281431726688312,,,
2025-07-12 06:15:00,2.7717,2.7807,2.7656,2.7783,1423330.6,-0.003476925639711137,-0.002342510959323102,-0.0011344146803880348,,,
2025-07-12 06:30:00,2.7783,2.7934,2.7734,2.7892,1602396.8,-0.0027165494896848053,-0.002417318665395443,-0.0002992308242893622,67.98029556650268,67.98029556650268,67.98029556650269
2025-07-12 06:45:00,2.7893,2.7965,2.7842,2.7918,1456105.8,-0.0018824479534567118,-0.002310344523007697,0.000427896569550985,75.64131608756345,72.57690787913914,81.77013250441209
2025-07-12 07:00:00,2.7918,2.7942,2.781,2.7887,1586302.4,-0.0014547906478261652,-0.0021392337479713905,0.0006844431001452253,74.13432622677838,73.31463235959983,75.77371396113548
2025-07-12 07:15:00,2.7888,2.7908,2.7764,2.7858,1569401.1,-0.0013344917257751554,-0.0019782853435321435,0.0006437936177569881,70.21789569456917,72.02829559104863,66.59709590161023
2025-07-12 07:30:00,2.7859,2.7864,2.7632,2.7698,2092195.5,-0.002501385827008651,-0.002082905440227445,-0.00041848038678120574,50.33944326862323,63.70224327770049,23.613843250468705
2025-07-12 07:45:00,2.7697,2.7722,2.7558,2.7675,2756461.4,-0.003570589059291418,-0.0023804421640402397,-0.0011901468952511783,41.910553062604244,55.73926474797359,14.253129691865553
2025-07-12 08:00:00,2.7675,2.7765,2.7658,2.7723,1676317.8,-0.003984687442882606,-0.002701291219808713,-0.0012833962230738931,41.425492776744974,50.67139696408547,22.93368440206399
2025-07-12 08:15:00,2.7723,2.7756,2.7663,2.7748,2050712.2,-0.004064283755464082,-0.0029738897269397874,-0.0010903940285242946,43.24916770031073,48.09686636933918,33.55377036225383
2025-07-12 08:30:00,2.7748,2.7807,2.769,2.7785,3740607.3,-0.0037851722196746707,-0.003136146225486764,-0.0006490259941879066,47.53559691898423,47.90477994381215,46.7972308693284
2025-07-12 08:45:00,2.7784,2.7929,2.7681,2.7903,4899518.7,-0.002582048683433147,-0.003025326717076041,0.0004432780336428941,60.16493830294482,52.06362004691958,76.3675748149953
2025-07-12 09:00:00,2.7903,2.802,2.7823,2.7961,3052266.1,-0.001147327409359189,-0.002649726855532671,0.001502399446173482,69.29195557380561,57.87356747395854,92.12873177349975
2025-07-12 09:15:00,2.7961,2.8147,2.7953,2.8075,3798239.4,0.0008992186305496475,-0.0019399377583162077,0.002839156388865855,75.50112370737394,63.79505853594043,98.91325405024094
2025-07-12 09:30:00,2.8076,2.8253,2.8044,2.82,2648199.0,0.003489541383976391,-0.0008540419298576881,0.004343583313834079,81.15449772015162,69.61142409433148,104.24064497179191
2025-07-12 09:45:00,2.82,2.822,2.8104,2.8211,1979402.2,0.005566978967042946,0.0004301622495224386,0.005136816717520507,85.43661165150354,74.90461838368397,106.50059818714269
2025-07-12 10:00:00,2.821,2.8361,2.8097,2.8174,3141244.6,0.006836002954151432,0.0017113303904482374,0.005124672563703195,81.41512924447693,77.07975594146656,90.08587585049767
2025-07-12 10:15:00,2.8174,2.8267,2.8108,2.8267,2395587.9,0.008494229691012212,0.0030679102505610325,0.00542631944045118,83.12367107656297,79.09746616023766,91.1760809092136
2025-07-12 10:30:00,2.8267,2.8448,2.8201,2.8429,2956182.3,0.010988917536803644,0.004652111707809555,0.006336805828994089,87.92826257113886,82.04405563204368,99.6966764493292
2025-07-12 10:45:00,2.843,2.8466,2.8281,2.8367,2963992.6,0.012323628327246539,0.006186415031696952,0.006137213295549586,87.7482315752947,83.94673504114209,95.35122464359989
2025-07-12 11:00:00,2.8368,2.8476,2.824,2.8402,3006071.8,0.013508103979847252,0.007650752821327012,0.0058573511585202406,88.05485523121544,85.31672643134532,93.53111283095566
2025-07-12 11:15:00,2.8402,2.8451,2.8326,2.8351,1873716.8,0.013875335856045723,0.008895669428270754,0.004979666427774969,84.06851347567446,84.9005302840121,82.40447985899917
2025-07-12 11:30:00,2.8351,2.8351,2.7974,2.7997,8490255.6,0.011180998028497147,0.009352735148316034,0.0018282628801811127,57.56758702731071,75.78772221007212,21.127316661787887
2025-07-12 11:45:00,2.7997,2.8095,2.7972,2.8054,4085910.9,0.009397331661859631,0.009361654451024755,3.567721083487692e-05,43.799831615428126,65.12366668424566,1.1521614777930438
2025-07-12 12:00:00,2.8054,2.8087,2.7717,2.7895,4084118.5,0.006624404090711966,0.008814204378962198,-0.0021898002882502314,37.01658679350361,55.753805154472225,-0.4578499284336175
2025-07-12 12:15:00,2.7894,2.7935,2.77,2.7813,3482195.3,0.003722259650744686,0.007795815433318695,-0.0040735557825740095,29.531231765054304,47.01242809229906,-5.431160889435205
2025-07-12 12:30:00,2.7812,2.7906,2.7631,2.7733,3670153.7,0.0007679042103063694,0.0063902331887162305,-0.005622328978409861,23.710925985927997,39.24495311497009,-7.357128272156189
2025-07-12 12:45:00,2.7732,2.7879,2.7555,2.7865,6723097.0,-0.000502521325197236,0.005011682285933537,-0.005514203611130773,27.027060285387535,35.17221464570235,10.73675156475791
2025-07-12 13:00:00,2.7865,2.7875,2.7692,2.7837,6761170.0,-0.0017155040515870468,0.0036662450184294206,-0.005381749070016467,28.22435876655849,32.85622192232534,18.960632455024793
2025-07-12 13:15:00,2.7836,2.7901,2.7528,2.7676,6169227.4,-0.00393062722409665,0.0021468705699242063,-0.006077497794020856,24.161081351287304,29.957807722091836,12.567628609678238
2025-07-12 13:30:00,2.7675,2.7818,2.7485,2.764,3901766.8,-0.00590850860171388,0.0005357947355965889,-0.006444303337310469,22.07349902772259,27.329684265098305,11.561128552971162
2025-07-12 13:45:00,2.7641,2.7765,2.7606,2.7759,2161217.7,-0.00644150958301859,-0.0008596661281264469,-0.005581843454892143,29.68838332645562,28.11592138585206,32.83330720766274
2025-07-12 14:00:00,2.776,2.7982,2.774,2.7921,2533132.9,-0.005493387735516553,-0.001786410449604468,-0.003706977285912085,43.93405480246939,33.388650856581414,65.02486269424533
2025-07-12 14:15:00,2.7921,2.7933,2.7828,2.7885,1402510.0,-0.0049751340061567895,-0.0024241551609149323,-0.002550978845241857,56.117030567693355,40.96479498709063,86.42150172889882
2025-07-12 14:30:00,2.7885,2.7903,2.7631,2.7733,1931877.2,-0.0057249336882119195,-0.0030843108663743297,-0.0026406228218375898,54.04448263535664,45.32469760682569,71.48405269241853
2025-07-12 14:45:00,2.7733,2.7741,2.7522,2.7566,5226829.7,-0.007579335904201567,-0.003983315873939778,-0.0035960200302617897,41.46223770217666,44.03720964564696,36.31229381523606
2025-07-12 15:00:00,2.7566,2.768,2.705,2.7065,8402456.2,-0.012942422131496212,-0.005775137125451065,-0.007167285006045147,28.177963365018392,38.75079058826176,7.032308918531655
2025-07-12 15:15:00,2.7066,2.718,2.679,2.6927,15540017.5,-0.018097633026026294,-0.008239636305566112,-0.009857996720460182,22.616402560569764,33.372658783368564,1.1038901149721596
2025-07-12 15:30:00,2.6928,2.6993,2.6629,2.6745,13135957.2,-0.023382226940247275,-0.011268154432502345,-0.01211407250774493,17.93544703857676,28.226919964484523,-2.6474988132387622
2025-07-12 15:45:00,2.6746,2.6903,2.6711,2.6812,7311530.2,-0.026721641238395044,-0.014358851793680887,-0.012362789444714157,16.46546402371603,24.306433853135363,0.7835243648773655
2025-07-12 16:00:00,2.6813,2.7139,2.6701,2.7109,5696747.5,-0.026664240574683085,-0.016819929549881325,-0.00984431102480176,22.80254967666069,23.805139059639863,20.79737091070234
2025-07-12 16:15:00,2.7109,2.7252,2.7047,2.7083,4205798.3,-0.02652280996266132,-0.018760505632437325,-0.007762304330223995,26.80701712001051,24.805765170257764,30.809521019515998
2025-07-12 16:30:00,2.7083,2.7188,2.7076,2.7124,3161511.6,-0.025782682731445572,-0.020164941052238976,-0.005617741679206596,30.822679368691112,26.811403357325784,38.84523139142177
2025-07-12 16:45:00,2.7125,2.7219,2.7031,2.7069,3195992.4,-0.025347737661616687,-0.02120150037411452,-0.0041462372875021684,33.73790147088381,29.12023615464761,42.97323210335622
2025-07-12 17:00:00,2.707,2.7317,2.7044,2.7271,3459674.9,-0.023106709613612608,-0.021582542222014136,-0.0015241673915984723,42.85349497683627,33.69798921804429,61.16450649442022
2025-07-12 17:15:00,2.7271,2.74,2.7269,2.7318,2739907.0,-0.02071266530690119,-0.021408566838991547,0.0006959015320903567,58.357150840852604,41.917709905819486,91.23603271091885
2025-07-12 17:30:00,2.7317,2.7353,2.7175,2.7246,3896009.0,-0.019175306772504896,-0.02096191482569422,0.001786608053189323,65.58008075899795,49.80516695081461,97.12990837536464
2025-07-12 17:45:00,2.7246,2.7292,2.7186,2.7241,2597706.2,-0.01779218761567014,-0.020327969383689408,0.002535781768019267,69.47112683159885,56.360486963123066,95.69240656855044
2025-07-12 18:00:00,2.724,2.734,2.7188,2.7317,2989518.2,-0.015899519471532564,-0.01944227940125804,0.0035427599297254767,75.689382632139,62.8034522202317,101.4612434559536
2025-07-12 18:15:00,2.7316,2.7338,2.7252,2.7313,4719710.5,-0.014267377541264725,-0.018407299029259378,0.004139921487994653,75.93384316483596,67.18024921721103,93.44103106008583
2025-07-12 18:30:00,2.7313,2.7426,2.7313,2.7362,2770860.3,-0.012435159475770341,-0.01721287111856157,0.00477771164279123,78.55505156753401,70.97185000957174,93.72145468345855
2025-07-12 18:45:00,2.7363,2.7454,2.7326,2.7397,3028725.5,-0.010578747493108942,-0.01588604639347105,0.005307298900362106,81.2116419475342,74.38511399424569,94.86469785411126
2025-07-12 19:00:00,2.7396,2.7534,2.739,2.7454,3242145.0,-0.008549037278851479,-0.014418644570547135,0.005869607291695656,82.03225109513248,76.93415969720644,92.22843389098455
2025-07-12 19:15:00,2.7455,2.75,2.7263,2.7268,3395210.0,-0.00834514423601318,-0.013203944503640345,0.004858800267627165,63.3232648767504,72.39719475389201,45.1754051224672
2025-07-12 19:30:00,2.7268,2.7355,2.7265,2.7349,2527142.4,-0.007444143769561595,-0.012051984356824596,0.004607840587263001,58.371498773471444,67.72196275824595,39.67057080392243
2025-07-12 19:45:00,2.7349,2.7389,2.7321,2.737,2730870.7,-0.006485876808443702,-0.010938762847148419,0.004452886038704716,56.53885358787693,63.994259700301455,41.628041363027876
2025-07-12 20:00:00,2.737,2.7373,2.719,2.7226,3557710.0,-0.006809902672998636,-0.010112990812318463,0.0033030881393198274,41.35345537529427,56.4473249237404,11.165716278402002
2025-07-12 20:15:00,2.7227,2.7281,2.7147,2.7224,3390319.9,-0.007002117778584616,-0.009490816205571694,0.0024886984269870786,34.20118385816906,49.03194456752896,4.539662439449259
2025-07-12 20:30:00,2.7224,2.723,2.7034,2.7071,3726393.2,-0.00829343026554108,-0.009251339017565571,0.0009579087520244917,25.267455904626164,41.11044834583424,-6.41852897778999
2025-07-12 20:45:00,2.7071,2.7098,2.6841,2.6843,3752238.3,-0.011029433720957105,-0.00960695795824388,-0.0014224757627132253,16.94117069877468,33.05402246298805,-15.284532829652065
2025-07-12 21:00:00,2.6842,2.7144,2.6837,2.7061,3007115.1,-0.011308303280374243,-0.009947227022669952,-0.0013610762577042912,22.006691513402284,29.371578812975905,7.27691691425504
2025-07-12 21:15:00,2.7062,2.7262,2.7035,2.7248,1537337.3,-0.00990618338213567,-0.009939018294563095,3.2834912427425963e-05,35.33477775137885,31.359311792497614,43.285709669141326
2025-07-12 21:30:00,2.7248,2.736,2.7178,2.736,1660149.1,-0.007801318124174728,-0.009511478260485422,0.0017101601363106941,55.1386441051431,39.28575589685649,86.84442052171632
2025-07-12 21:45:00,2.7359,2.7364,2.7223,2.727,1282164.7,-0.006781251974784741,-0.008965433003345286,0.002184181028560545,62.906439065358256,47.159316953118925,94.40068328983692
2025-07-12 22:00:00,2.7271,2.7319,2.7153,2.7254,1893718.4,-0.00603241095204643,-0.008378828593085514,0.0023464176410390846,67.8704618645078,54.06303192363752,95.48532174624837
2025-07-12 22:15:00,2.7254,2.7257,2.7055,2.7248,957990.4,-0.005424829968965206,-0.007788028868261453,0.0023631988992962472,71.24317950994298,59.7897477857701,94.15004295828871
2025-07-12 22:30:00,2.7247,2.7339,2.7211,2.733,1009817.6,-0.0042328525039425635,-0.007076993595397676,0.0028441410914551123,78.67824870557997,66.08591475906262,103.8629165986147
2025-07-12 22:45:00,2.7329,2.738,2.7245,2.7379,726137.2,-0.0028598461993922797,-0.006233564116196597,0.0033737179168043174,85.724111782865,72.63198043367905,111.90837448123688
2025-07-12 23:00:00,2.7379,2.7438,2.7213,2.7249,952597.3,-0.00278857520637521,-0.00554456633423232,0.0027559911278571096,80.00021207043112,75.08805764593366,89.82452091942602
2025-07-12 23:15:00,2.725,2.7406,2.725,2.7341,969561.7,-0.0019670543405485574,-0.004829063935495567,0.0028620095949470096,78.64364841089008,76.27325456758706,83.38443609749612
2025-07-12 23:30:00,2.734,2.7398,2.7255,2.7301,909300.8,-0.0016200843819604849,-0.004187268024788551,0.0025671836428280657,73.83902061160862,75.46184324892701,70.59337533697183
2025-07-12 23:45:00,2.7302,2.7484,2.7279,2.7395,2200094.5,-0.0005799217718758243,-0.0034657987742060057,0.0028858770023301814,75.64404015909963,75.52257555231792,75.88696937266306
2025-07-13 00:00:00,2.7395,2.7437,2.7232,2.741,1482238.9,0.00036128735878149243,-0.0027003815476085062,0.0030616689063899987,78.01288768959475,76.35267959807713,81.33330387262998
2025-07-13 00:15:00,2.7411,2.7559,2.7319,2.7481,1959220.2,0.0016609664513618227,-0.0018281119478144405,0.0034890783991762633,80.18319496766681,77.6295180546073,85.29054879378583
2025-07-13 00:30:00,2.748,2.7511,2.7286,2.7452,2668989.4,0.0024289661227410164,-0.0009766963337033492,0.0034056624564443656,76.53975449951695,77.2662635362438,75.08673642606323
2025-07-13 00:45:00,2.7452,2.7453,2.7337,2.7391,1238172.2,0.0025163850547591515,-0.00027808005601084906,0.0027944651107700007,68.17486523474479,74.23579743574385,56.05300083274665
2025-07-13 01:00:00,2.739,2.7497,2.7341,2.7392,1444231.7,0.0025641761262287233,0.00029037118043706545,0.0022738049457916576,62.694611505243714,70.38873545891023,47.30636359791069
2025-07-13 01:15:00,2.7393,2.7459,2.7339,2.7404,1541332.7,0.002668124388762738,0.0007659218221022,0.0019022025666605381,59.329537129897545,66.70233601590584,44.58393935788095
2025-07-13 01:30:00,2.7404,2.7538,2.7397,2.7499,1277786.1,0.0034769941170869068,0.0013081362810991415,0.0021688578359877653,66.77015013552803,66.72494072244658,66.86056896169094
2025-07-13 01:45:00,2.7499,2.7669,2.7489,2.7612,1946429.1,0.004972524598057859,0.002041013944490885,0.002931510653566974,73.4989406700623,68.9829407049852,82.5309406002165
2025-07-13 02:00:00,2.7613,2.7702,2.7557,2.7573,1632914.1,0.005776458455250655,0.0027881028466428394,0.0029883556086078155,73.18369094316203,70.3831907843775,78.78469126073108
2025-07-13 02:15:00,2.7574,2.7574,2.7464,2.7561,1725163.0,0.006244766081766162,0.003479435493667504,0.002765330588098658,70.82438370569771,70.53025509148424,71.41264093412468
2025-07-13 02:30:00,2.7561,2.7624,2.7426,2.7623,1273715.7,0.0070350952355120455,0.004190567442036413,0.0028445277934756328,74.21946093200377,71.75999037165744,79.13840205269645
2025-07-13 02:45:00,2.7624,2.7859,2.7618,2.7762,4910232.4,0.008682958871803148,0.00508904572798976,0.003593913143813388,76.61884879502676,73.3796098461139,83.0973266928525
2025-07-13 03:00:00,2.7763,2.7782,2.7623,2.7634,1536353.6,0.00885398640597046,0.005842033863585901,0.003011952542384559,69.98948894027416,72.24956954416731,65.46932773248784
2025-07-13 03:15:00,2.7634,2.777,2.7634,2.77,1413849.2,0.009413577933811812,0.006556342677631084,0.002857235256180728,69.80068493454179,71.43327467429215,66.53550545504109
2025-07-13 03:30:00,2.7701,2.7838,2.7631,2.7799,2878682.2,0.010534470692846298,0.007351968280674127,0.0031825024121721716,75.53811896069034,72.80155610309154,81.01124467588795
2025-07-13 03:45:00,2.7799,2.7799,2.7653,2.7684,1247588.7,0.010375233159977348,0.007956621256534771,0.002418611903442577,70.22017784446356,71.94109668354889,66.7783401662929
2025-07-13 04:00:00,2.7684,2.771,2.7583,2.7643,915701.8,0.009805172606761392,0.008326331526580095,0.0014788410801812972,63.51860971001198,69.13360102570326,52.28862707862942
2025-07-13 04:15:00,2.7642,2.7716,2.7583,2.7609,978733.9,0.00897557903820978,0.008456181028906032,0.0005193980093037478,56.43349962191717,64.9002338911079,39.5000310835357
2025-07-13 04:30:00,2.7609,2.7788,2.759,2.7733,1125620.6,0.009212500555291658,0.008607444934183158,0.0006050556211084999,61.25589736149368,63.68545504790316,56.39678198867472
2025-07-13 04:45:00,2.7733,2.7839,2.7723,2.7808,1601470.9,0.009891427663486052,0.008864241480043738,0.0010271861834423145,68.01117795114105,65.12736268231579,73.77880848879155
2025-07-13 05:00:00,2.7808,2.7875,2.7747,2.7828,2226899.5,0.010470171948669726,0.009185427573768935,0.0012847443749007918,73.30882183044088,67.85451573169082,84.21743402794098
2025-07-13 05:15:00,2.7828,2.783,2.773,2.7819,1593589.6,0.010732491010295941,0.009494840261074337,0.0012376507492216048,75.81318715636665,70.50740620658276,86.42474905593443
2025-07-13 05:30:00,2.7819,2.7868,2.7795,2.7836,1129587.0,0.010951316588375892,0.009786135526534649,0.0011651810618412434,79.4234033097236,73.47940524096303,91.31139944724472
2025-07-13 05:45:00,2.7836,2.7836,2.7707,2.7707,1154951.6,0.00996889997190431,0.009822688415608582,0.0001462115562957285,67.10418668136826,71.35433238776477,58.60389526857523
2025-07-13 06:00:00,2.7707,2.7841,2.7677,2.7817,1697243.7,0.009963087523422232,0.009850768237171313,0.00011231928625091842,71.44845322136848,71.385705998966,71.57394766617344
2025-07-13 06:15:00,2.7817,2.7962,2.7817,2.796,2523379.0,0.010985734892577703,0.010077761568252592,0.0009079733243251113,80.78973398574963,74.52038199456054,93.32843796812782
2025-07-13 06:30:00,2.796,2.8144,2.793,2.8059,3895873.7,0.012451504371060906,0.010552510128814255,0.001898994242246651,82.07883589423011,77.03986662778372,92.15677442712288
2025-07-13 06:45:00,2.806,2.8075,2.7911,2.7925,1944626.7,0.012389055906953939,0.010919819284442193,0.0014692366225117458,72.42086561399778,75.50019962318841,66.26219759561653
2025-07-13 07:00:00,2.7926,2.8016,2.7898,2.7986,1566408.1,0.012685552911919196,0.011272966009937595,0.001412586901981601,70.33625159419977,73.77888361352552,63.45098755554824
2025-07-13 07:15:00,2.7985,2.8078,2.7919,2.7936,2128003.0,0.012374426030773655,0.011493258014104809,0.0008811680166688467,65.37762954245727,70.9784655898361,54.1759574476996
2025-07-13 07:30:00,2.7935,2.7982,2.7894,2.7922,2092305.5,0.011877965642060673,0.011570199539695982,0.0003077661023646906,61.07259528383644,67.67650882116955,47.86476820917022
2025-07-13 07:45:00,2.7922,2.8,2.7858,2.7992,2091648.7,0.01191204407663582,0.01163856844708395,0.0002734756295518694,63.199003565384096,66.18400706924106,57.22899655767017
2025-07-13 08:00:00,2.7991,2.8202,2.7938,2.8119,7491657.8,0.012816099327921826,0.011874074623251525,0.0009420247046703009,70.1961611070816,67.52139174852124,75.5456998242023
2025-07-13 08:15:00,2.8119,2.8142,2.7961,2.8052,2516044.7,0.01284387937576259,0.01206803557375374,0.00077584380200885,67.14376108437502,67.39551486047249,66.64025353218008
2025-07-13 08:30:00,2.8052,2.8072,2.7932,2.7962,1586157.5,0.01200132665682574,0.01205469379036814,-5.336713354240144e-05,54.84002676942813,63.210352163457706,38.099375981368965
2025-07-13 08:45:00,2.7963,2.7973,2.7834,2.794,2493632.6,0.011028941174389573,0.011849543267172427,-0.0008206020927828545,46.16146712164791,57.527390482854436,23.42962039923485
2025-07-13 09:00:00,2.7941,2.8023,2.7866,2.7895,1816960.8,0.009782440398413694,0.011436122693420682,-0.0016536822950069877,36.29967373327252,50.451484899660464,7.996051400496626
2025-07-13 09:15:00,2.7895,2.7913,2.7771,2.7821,1677009.8,0.008104043033778208,0.010769706761492187,-0.0026656637277139798,28.06675851359692,42.989909437639284,-1.779543334487812
2025-07-13 09:30:00,2.7821,2.7821,2.771,2.7801,2124490.2,0.006537161417226045,0.00992319769263896,-0.003386036275412915,24.876483995514562,36.95210095693104,0.7252500726816038
2025-07-13 09:45:00,2.7801,2.7837,2.7719,2.7767,1742118.2,0.004963824977850528,0.008931323149681274,-0.003967498171830746,20.446111281562587,31.45010439847489,-1.5618749522620163
2025-07-13 10:00:00,2.7766,2.7967,2.7766,2.7923,2072180.4,0.004919030616769238,0.008128864643098867,-0.0032098340263296294,28.06163516331824,30.32061465342267,23.543676183109376
2025-07-13 10:15:00,2.7923,2.7936,2.7854,2.7907,1278193.1,0.00470024266302449,0.007443140247083992,-0.0027428975840595024,33.908374059496275,31.516534455447204,38.69205326759441
2025-07-13 10:30:00,2.7906,2.7908,2.7845,2.787,1047498.0,0.004180106885440793,0.006790533574755352,-0.0026104266893145593,37.338547715538965,33.45720554214446,45.10123206232798
2025-07-13 10:45:00,2.7871,2.7874,2.7716,2.776,1254956.7,0.0028474636763884398,0.00600191959508197,-0.0031544559186935306,30.217178775215444,32.377196619834784,25.897143085976765
2025-07-13 11:00:00,2.776,2.7882,2.776,2.7872,843678.3,0.0026643675590243276,0.005334409187870442,-0.0026700416288461147,37.397182016277874,34.05052508531582,44.09049587820199
2025-07-13 11:15:00,2.7873,2.7919,2.7789,2.7893,1150783.9,0.002658074389476184,0.004799142228191591,-0.002141067838715407,48.666863237829794,38.922637802820475,68.15531410784843
2025-07-13 11:30:00,2.7893,2.7904,2.7789,2.7797,1805548.9,0.001857040431687551,0.004210721868890783,-0.0023536814372032318,43.7286221844937,40.52463259671155,50.13660136005801
2025-07-13 11:45:00,2.7798,2.7899,2.777,2.7889,1763396.6,0.0019421900039997553,0.0037570154959125773,-0.001814825491912822,52.127182385944025,44.39214919312237,67.59724877158733
2025-07-13 12:00:00,2.7888,2.8069,2.7825,2.8015,3427623.8,0.00299189761758889,0.00360399192024784,-0.0006120943026589501,62.985638115652726,50.58997883396582,87.77695667902653
2025-07-13 12:15:00,2.8015,2.8075,2.7967,2.7997,2494013.8,0.003636632669630213,0.003610520070124315,2.611259950589806e-05,68.08141891089943,56.420458859610356,91.40333901347758
2025-07-13 12:30:00,2.7997,2.8187,2.7915,2.8158,3098298.8,0.005384654346646922,0.003965346925428837,0.0014193074212180854,76.66857509841964,63.169830939213455,103.666063416832
2025-07-13 12:45:00,2.8158,2.8286,2.8055,2.8211,5099868.4,0.007115615440074663,0.004595400628358002,0.0025202148117166607,80.05975181999914,68.79980456614202,102.57964632771339
2025-07-13 13:00:00,2.8211,2.8249,2.7988,2.8014,3182362.4,0.006819181932759211,0.005040156889238244,0.0017790250435209664,69.4694923413431,69.02303382454238,70.36240937494455
2025-07-13 13:15:00,2.8014,2.8184,2.8014,2.8179,2024226.8,0.00782546129958872,0.00559721777130834,0.002228243528280381,72.73418352471968,70.26008372460149,77.68238312495606
2025-07-13 13:30:00,2.8179,2.8331,2.8161,2.8232,4150830.1,0.008947469791554141,0.0062672681753575005,0.0026802016161966407,75.94043607530328,72.15353450816876,83.51423920957231
2025-07-13 13:45:00,2.8232,2.8558,2.8114,2.8322,11864765.5,0.010442519524101801,0.007102318445106361,0.0033402010789954396,73.97721119064205,72.76142673565987,76.40878010060644
2025-07-13 14:00:00,2.8322,2.8514,2.8251,2.8419,4646111.3,0.0122686408869348,0.00813558293347205,0.0041330579534627505,76.3304191020833,73.95109085780102,81.08907559064787
2025-07-13 14:15:00,2.842,2.8949,2.8398,2.8724,14827827.4,0.01599259761408911,0.009706985869595463,0.006285611744493647,76.96689448842947,74.95635873467717,80.98796599593408
2025-07-13 14:30:00,2.8724,2.8724,2.8482,2.8502,6267790.2,0.01695703553292427,0.011156995802261226,0.005800039730663044,70.23453829854039,73.38241858929824,63.93877771702469
2025-07-13 14:45:00,2.8503,2.8675,2.8322,2.8442,6188082.3,0.01704077423818884,0.012333751489446747,0.004707022748742091,62.570510790771614,69.7784493231227,48.15463372606945
2025-07-13 15:00:00,2.8443,2.8717,2.8433,2.8605,5059071.9,0.018212469528773312,0.013509495097312061,0.004702974431461251,63.114991931967815,67.5572968594044,54.230382077094646
2025-07-13 15:15:00,2.8606,2.8734,2.8452,2.8497,3744731.5,0.018061376442720878,0.014419871366393826,0.003641505076327052,59.29591262487693,64.80350211456191,48.280733645506956
2025-07-13 15:30:00,2.8496,2.8499,2.8082,2.829,5625492.6,0.01608588896569696,0.014753074886254453,0.0013328140794425063,47.5275326764848,59.044845635202876,24.49290675904865
2025-07-13 15:45:00,2.8289,2.84,2.8227,2.8381,2875903.5,0.015080753318847062,0.014818610572772976,0.0002621427460740861,43.18060040792952,53.75676389277842,22.028273438231707
2025-07-13 16:00:00,2.8381,2.852,2.8293,2.8366,3353053.6,0.014001735324091769,0.014655235523036735,-0.000653500198944966,39.705944293483185,49.07315735968001,20.971518161089534
2025-07-13 16:15:00,2.8365,2.8476,2.8289,2.84,2358815.8,0.01326801199117389,0.014377790816664167,-0.0011097788254902773,38.69669642633598,45.61433704856534,24.861415181877263
2025-07-13 16:30:00,2.84,2.842,2.8321,2.8377,1658875.7,0.012358479328732574,0.01397392851907785,-0.0016154491903452757,40.879597208559325,44.03609043523,34.56661075521798
2025-07-13 16:45:00,2.8377,2.8384,2.8123,2.8237,2855914.2,0.010388236025352438,0.013256790020332768,-0.00286855399498033,35.17740018402943,41.08319368482981,23.365813182428667
2025-07-13 17:00:00,2.8237,2.8289,2.8115,2.8208,2933029.7,0.008494874622130055,0.012304406940692226,-0.0038095323185621706,29.89331791409749,37.353235094585706,14.973483553121056
2025-07-13 17:15:00,2.8207,2.8327,2.8133,2.8295,2144661.9,0.007608681219353652,0.011365261796424511,-0.003756580577070859,30.818449161545555,35.174973116905655,22.105401250825352
2025-07-13 17:30:00,2.8295,2.8479,2.8278,2.8421,1848073.1,0.007832789736046397,0.010658767384348889,-0.002825977648302492,46.34471953235457,38.89822192205529,61.237714752953124
2025-07-13 17:45:00,2.8422,2.8628,2.8408,2.8603,3263065.4,0.009370962622503143,0.01040120643197974,-0.001030243809476597,62.60538157257688,46.80060847222916,94.21492777327234
2025-07-13 18:00:00,2.8604,2.8648,2.8459,2.8566,3803039.1,0.010174135537846851,0.010355792253153164,-0.00018165671530631297,69.94204925351276,54.51442206599037,100.79730362855754
2025-07-13 18:15:00,2.8565,2.8661,2.8472,2.8656,2195189.2,0.01140540622037678,0.010565715046597889,0.0008396911737788906,79.65611586375837,62.89498666524637,113.17837426078238
2025-07-13 18:30:00,2.8656,2.8761,2.8605,2.8729,3044816.2,0.012822437026115185,0.011017059442501347,0.0018053775836138382,84.78622378533319,70.19206570527531,113.97453994544895
2025-07-13 18:45:00,2.873,2.8817,2.86,2.86,3396784.7,0.012757461879316256,0.01136513992986433,0.001392321949451927,79.55358888632844,73.31257343229302,92.03561979439928
2025-07-13 19:00:00,2.8601,2.8667,2.8519,2.8641,2074775.5,0.01288823677137696,0.011669759298166856,0.0012184774732101038,78.01198423381067,74.87904369946557,84.27786530250086
2025-07-13 19:15:00,2.8641,2.8653,2.8546,2.8639,2739862.2,0.012827866823317269,0.011901380803196939,0.0009264860201203297,76.66685888491871,75.47498209461662,79.05061246552287
2025-07-13 19:30:00,2.8639,2.88,2.8532,2.8553,3642523.7,0.011948342028417436,0.01191077304824104,3.756898017639662e-05,68.11804197770108,73.02266872231144,58.30878848848039
2025-07-13 19:45:00,2.8553,2.8589,2.8441,2.8456,1433137.7,0.010349303034939084,0.011598479045580649,-0.0012491760106415652,49.32400842523182,65.12311528995157,17.725794695792302
2025-07-13 20:00:00,2.8456,2.8485,2.8329,2.8436,2896819.8,0.008819009771843689,0.011042585190833256,-0.002223575418989567,40.191415452886744,56.812548677596624,6.949149003466985
2025-07-13 20:15:00,2.8436,2.8591,2.8436,2.8581,1530857.4,0.008676255679426426,0.010569319288551891,-0.0018930636091254657,44.00739172268947,52.544163025960906,26.93384911614659
2025-07-13 20:30:00,2.8581,2.8648,2.85,2.854,2031970.6,0.008138471069362385,0.010083149644713992,-0.0019446785753516067,43.75082945447067,49.613051835464155,32.02638469248369
2025-07-13 20:45:00,2.854,2.8583,2.8482,2.8487,1040364.5,0.0072015917188066325,0.00950683805953252,-0.002305246340725887,39.95956936308977,46.39522434467269,27.088259399923928
2025-07-13 21:00:00,2.8487,2.8495,2.8312,2.8333,1617256.5,0.005157009985820249,0.008636872444790066,-0.0034798624589698172,28.074139138234703,40.28819594252669,3.6460255296507285
2025-07-13 21:15:00,2.8332,2.8431,2.8316,2.8428,1237186.9,0.00425419512395564,0.007760336980623181,-0.0035061418566675415,26.63959002658274,35.73866063721204,8.441448805324143
2025-07-13 21:30:00,2.8429,2.8434,2.7637,2.8007,11224024.9,0.00013997612820482175,0.00623626481013951,-0.0060962886819346885,28.364484494649304,33.28060192302446,18.532249637898985
2025-07-13 21:45:00,2.8007,2.8147,2.7973,2.8018,3162143.9,-0.0029972607046846456,0.004389559707174679,-0.007386820411859325,31.471476309983853,32.677560052010925,29.059308825929705
2025-07-13 22:00:00,2.8017,2.8161,2.7883,2.8089,2897194.4,-0.004854671206753647,0.0025407135243890144,-0.007395384731142662,35.88372077111354,33.7462802917118,40.158601729917024
2025-07-13 22:15:00,2.809,2.8169,2.7915,2.7995,3241563.5,-0.00700444101655906,0.0006316826161993994,-0.007636123632758459,35.72597540362404,34.40617866234921,38.365568886173705
2025-07-13 22:30:00,2.7995,2.8249,2.799,2.8233,2062267.0,-0.006710335414366053,-0.0008367209899136911,-0.005873614424452362,43.46782798091923,37.42672843520589,55.55002707234593
2025-07-13 22:45:00,2.8234,2.8252,2.8142,2.8151,1076349.5,-0.007057570792541323,-0.0020808909504392175,-0.004976679842102106,47.08989800560233,40.647784958671366,59.97412409946426
2025-07-13 23:00:00,2.815,2.8313,2.8125,2.8277,1799430.8,-0.0062440649401995785,-0.00291352574839129,-0.0033305391918082884,56.257290201093134,45.85095337281195,77.06996385765551
2025-07-13 23:15:00,2.8276,2.8424,2.8189,2.8265,2924224.1,-0.005631271865683907,-0.0034570749718498134,-0.0021741968938340933,63.770021154555536,51.82397596672647,87.66211153021366
2025-07-13 23:30:00,2.8266,2.838,2.8259,2.8333,1492949.6,-0.004544539150713955,-0.0036745678076226416,-0.0008699713430913138,71.62250678392367,58.42348623912554,98.02054787351994
2025-07-13 23:45:00,2.8333,2.8423,2.8314,2.8361,1578035.1,-0.0034179589421112766,-0.003623246034520369,0.00020528709240909227,77.19997063475381,64.68231437100162,102.23528316225818
2025-07-14 00:00:00,2.8361,2.8417,2.8207,2.8362,3072967.7,-0.002488382323496019,-0.003396273292315499,0.0009078909688194801,80.97989416315676,70.11484096838667,102.71000055269693
2025-07-14 00:15:00,2.8362,2.8481,2.8285,2.8388,3138163.9,-0.0015243165132012848,-0.003021881936492656,0.0014975654232913713,81.84289763998432,74.02419319225255,97.48030653544785
2025-07-14 00:30:00,2.8388,2.8417,2.828,2.8392,1905645.6,-0.0007197143368942172,-0.0025614484165729684,0.0018417340796787513,81.85317412251493,76.63385350234002,92.29181536286475
2025-07-14 00:45:00,2.8391,2.8486,2.8355,2.8464,1676881.9,0.0004932328307187817,-0.0019505121671146183,0.0024437449978334,85.87072180651523,79.71280960373176,98.18654621208219
2025-07-14 01:00:00,2.8463,2.8641,2.8386,2.854,3307135.7,0.0020441944824867164,-0.0011515708371943514,0.003195765319681068,84.05593340072593,81.16051753606315,89.8467651300515
2025-07-14 01:15:00,2.8539,2.8767,2.8539,2.8702,4665312.1,0.0045283474064357065,-1.558718846833985e-05,0.0045439345949040465,85.6220640203225,82.64769969748293,91.57079266600161
2025-07-14 01:30:00,2.8701,2.8736,2.8566,2.8609,2472087.9,0.005681135624271416,0.0011237573740796114,0.004557378250191805,81.00994744211975,82.10178227902854,78.82627776830216
2025-07-14 01:45:00,2.8608,2.864,2.8506,2.8554,1952712.8,0.006080828551358941,0.0021151716095354775,0.0039656569418234635,74.6613935328417,79.62165269696625,64.74087520459258
2025-07-14 02:00:00,2.8554,2.8712,2.8499,2.8693,2512568.5,0.007433512997922165,0.003178839887212815,0.00425467311070935,78.70283378379919,79.31537972591057,77.47774189957644
2025-07-14 02:15:00,2.8693,2.8856,2.8615,2.8833,3890460.4,0.009525405222461814,0.0044481529542626155,0.005077252268199198,84.47087067068097,81.03387670750071,91.34485859704148
2025-07-14 02:30:00,2.8832,2.8945,2.878,2.8824,3798711.5,0.010984005623767334,0.00575532348816356,0.005228682135603775,83.58208420651926,81.88327920717356,86.97969420521065
2025-07-14 02:45:00,2.8824,2.8967,2.88,2.8871,2757005.8,0.01237653863762489,0.007079566518055826,0.0052969721195690635,83.82596463441162,82.53084101625291,86.41621187072906
2025-07-14 03:00:00,2.8871,2.9227,2.8855,2.9207,7558675.4,0.016006853236657737,0.008865023861776209,0.0071418293748815274,88.42460266154599,84.4954282313506,96.28295152193678
2025-07-14 03:15:00,2.9207,2.93,2.913,2.9252,4440380.0,0.01902767688847362,0.010897554467115692,0.00813012242135793,90.28556531993189,86.42547392754436,98.00574810470695
2025-07-14 03:30:00,2.9253,2.9472,2.915,2.9434,7636877.7,0.022629431295012825,0.01324392983269512,0.009385501462317706,92.22189452298302,88.35761412602392,99.95045531690124
2025-07-14 03:45:00,2.9435,2.9458,2.9125,2.9267,6034038.7,0.023861239661447264,0.01536739179844555,0.008493847863001714,87.79164328253675,88.16895717819487,87.0370154912205
2025-07-14 04:00:00,2.9267,2.9385,2.9193,2.9325,3526063.8,0.02501708679000414,0.01729733079675727,0.0077197559932468685,86.8251242986696,87.72101288501979,85.03334712596924
2025-07-14 04:15:00,2.9325,2.9416,2.9256,2.9355,3775254.7,0.025876886257791387,0.019013241888964097,0.00686364436882729,86.66599107270319,87.36933894758091,85.25929532294774
2025-07-14 04:30:00,2.9356,2.9374,2.9247,2.9304,2758587.3,0.025848787421922648,0.02038035099555581,0.005468436426366838,83.01817516600254,85.91895102038812,77.21662345723135
2025-07-14 04:45:00,2.9304,2.941,2.9279,2.9398,2469107.7,0.026282057138300008,0.02156069222410465,0.004721364914195357,85.00814852336674,85.61535018804766,83.79374519400491
2025-07-14 05:00:00,2.9398,2.9455,2.9327,2.9362,2841809.7,0.02603482335895757,0.022455518451075233,0.003579304907882337,84.06269869142866,85.09779968917466,81.99249669593667
2025-07-14 05:15:00,2.9363,2.9566,2.9308,2.9558,5049805.1,0.027107961299825956,0.02338600702082538,0.0037219542790005757,88.77044614198047,86.32201517344326,93.66730807905489
2025-07-14 05:30:00,2.9558,2.9796,2.9425,2.9472,9861338.7,0.02695377636689056,0.024099560890038417,0.0028542154768521413,76.41825073151405,83.02076035946686,63.21323147560844
2025-07-14 05:45:00,2.9472,2.948,2.8755,2.9317,13177285.2,0.02528934342664879,0.024337517397360495,0.0009518260292882968,68.94101761863989,78.3275127791912,50.16802729753729
2025-07-14 06:00:00,2.9317,2.9318,2.8915,2.9043,6856668.4,0.02151134789310749,0.023772283496509897,-0.0022609356034024065,55.18258042971765,70.61253532936668,24.322670630419594
2025-07-14 06:15:00,2.9042,2.9325,2.9035,2.9276,8082173.2,0.020164925775453924,0.023050811952298703,-0.002885886176844779,53.471063866369526,64.89871150836763,30.615768582373335
2025-07-14 06:30:00,2.9276,2.9279,2.9128,2.9212,3401863.8,0.01836969561745816,0.022114588685330595,-0.003744893067872436,50.28074126473937,60.02605476049154,30.790114273235034
2025-07-14 06:45:00,2.9213,2.9345,2.9175,2.9263,2630047.6,0.017160672609143113,0.0211238054700931,-0.003963132860949986,49.786904679214594,56.61300473339923,36.13470457084533
2025-07-14 07:00:00,2.9263,2.955,2.9245,2.9455,4092897.3,0.01754949307146969,0.02040894299036842,-0.002859449918898728,55.60561496705882,56.277208144619095,54.262428611938276
2025-07-14 07:15:00,2.9455,2.9622,2.9447,2.9592,3754457.5,0.018747007757663692,0.020076555943827474,-0.0013295481861637821,63.87156271579138,58.80865966834319,73.99736881068775
2025-07-14 07:30:00,2.9592,2.9799,2.9576,2.9579,7059471.8,0.019367886696902037,0.01993482209444239,-0.0005669353975403524,68.89010949890555,62.16914294519731,82.33204260632203
2025-07-14 07:45:00,2.9579,2.9643,2.9366,2.9569,4758875.7,0.01955384157297857,0.019858625990149627,-0.00030478441717105703,71.9165225522716,65.41826948088874,84.91302869503733
2025-07-14 08:00:00,2.957,2.9615,2.93,2.9376,7381539.4,0.017937095774201328,0.01947431994695997,-0.001537224172758641,65.32745545717052,65.38799813964933,65.2063700922129
2025-07-14 08:15:00,2.9375,2.9474,2.9276,2.9416,3608318.7,0.01678509156405683,0.018936474270379342,-0.002151382706322511,60.17467362066168,63.65022329998678,53.22357426201148
2025-07-14 08:30:00,2.9417,2.9863,2.941,2.9859,7571919.2,0.01922514420210275,0.018994208256724026,0.00023093594537872478,73.26837651808286,66.85627437268546,86.09258080887767
2025-07-14 08:45:00,2.9859,3.0067,2.9587,2.9784,16013527.3,0.020319485793710346,0.01925926376412129,0.0010602220295890565,71.60343187902095,68.43866020813063,77.93297522080158
2025-07-14 09:00:00,2.9784,2.9922,2.9632,2.9705,7378175.0,0.020315115407719464,0.019470434092840924,0.0008446813148785398,66.38931143921751,67.75554395182625,63.656846414
2025-07-14 09:15:00,2.9705,2.9908,2.9641,2.9796,5779666.7,0.020806105955359477,0.019737568465344635,0.0010685374900148426,66.17273101426134,67.22793963930462,64.0623137641748
2025-07-14 09:30:00,2.9796,3.0222,2.975,3.0107,8277503.1,0.023434590219688634,0.020476972816213437,0.002957617403475197,73.3963379418542,69.28407240682115,81.62086901192029
2025-07-14 09:45:00,3.0108,3.0174,2.97,2.9831,12674764.2,0.02302517372912405,0.02098661299879556,0.0020385607303284904,68.4869173312149,69.01835404828573,67.42404389707323
2025-07-14 10:00:00,2.983,2.9845,2.9464,2.9723,5851120.2,0.021580472219660418,0.021105384842968533,0.00047508737669188505,61.40847342870284,66.48172717509144,51.261965935925645
2025-07-14 10:15:00,2.9723,2.9866,2.9616,2.9789,3030056.5,0.020729147991793706,0.02103013747273357,-0.00030098948093986236,59.015092222376865,63.99284885751991,49.059578952090774
2025-07-14 10:30:00,2.9788,3.002,2.9674,2.9872,4236717.5,0.020488034730738125,0.02092171692433448,-0.00043368219359635543,58.30891205629723,62.098203257112345,50.730329654667
2025-07-14 10:45:00,2.9873,3.0134,2.9821,3.0095,4528896.2,0.021844563831270314,0.021106286305721648,0.0007382775255486661,66.62106889944876,63.605825137891145,72.651556422564
2025-07-14 11:00:00,3.0094,3.0098,2.9909,3.0009,4720033.3,0.021972390746715753,0.021279507193920473,0.0006928835527952801,68.3806246488849,65.19742497488907,74.74702399687655
2025-07-14 11:15:00,3.0009,3.002,2.9731,2.9852,3997434.7,0.020569720771674405,0.02113754990947126,-0.0005678291377968561,62.64952813003922,64.34812602660578,59.25233233690611
2025-07-14 11:30:00,2.9852,2.9985,2.9691,2.9966,4041643.9,0.02014575175109634,0.02093919027779628,-0.0007934385266999376,63.84198972961266,64.17941392760808,63.16714133362183
2025-07-14 11:45:00,2.9966,3.0111,2.9772,2.9772,4758043.4,0.018036422726413814,0.020358636767519787,-0.0023222140411059723,57.02142038312198,61.79341607944605,47.47742899047384
2025-07-14 12:00:00,2.9772,2.985,2.965,2.9814,3512821.4,0.016513313972302157,0.019589572208476264,-0.0030762582361741064,55.427215578797664,59.671349245896586,46.938948244599814
2025-07-14 12:15:00,2.9814,2.998,2.9475,2.9621,10061343.4,0.01359220809404027,0.018390099385589068,-0.0047978912915487976,44.336403709082184,54.559700733625114,23.889809659996317
2025-07-14 12:30:00,2.9622,2.9624,2.942,2.9494,4480034.3,0.01013559000601072,0.016739197509673398,-0.0066036075036626785,33.012317692142396,47.37723971979754,4.282473636832108
2025-07-14 12:45:00,2.9493,2.9618,2.9437,2.9614,4104663.0,0.0082691730993667,0.015045192627612058,-0.006776019528245358,31.065167910541117,41.939882450045396,9.315738831532556
2025-07-14 13:00:00,2.9614,2.9695,2.9495,2.9532,2760069.0,0.006058514006134441,0.013247856903316537,-0.007189342897182096,26.11290981783286,36.66422490597455,5.010279641549488
2025-07-14 13:15:00,2.9531,2.9696,2.9423,2.9695,3697845.6,0.005557758146694347,0.0117098371519921,-0.006152079005297753,30.674404905086828,34.66761823901198,22.68797823723652
2025-07-14 13:30:00,2.9695,2.9995,2.9657,2.9921,10547418.1,0.006904940785062763,0.010748857878606233,-0.0038439170935434704,44.617475918393744,37.98423746547257,57.88395282423609
2025-07-14 13:45:00,2.992,3.035,2.9872,3.0035,14769088.2,0.008791138683669875,0.010357314039618962,-0.0015661753559490874,51.78799469828389,42.585489876409675,70.19300434203232
2025-07-14 14:00:00,3.0035,3.0224,3.0011,3.0109,4353556.2,0.010759058533762023,0.010437662938447575,0.0003213955953144474,59.22067030064795,48.13055001782243,81.400910866299
2025-07-14 14:15:00,3.0109,3.0309,2.9738,2.9996,8345238.8,0.011276841225044354,0.010605498595766932,0.000671342629277422,60.125608157421176,52.12890273102201,76.11901901021952
2025-07-14 14:30:00,2.9997,3.0003,2.9697,2.9855,6907898.0,0.010429214088868655,0.010570241694387278,-0.00014102760551862326,55.67513662107644,53.310980694373484,60.40344847448236
2025-07-14 14:45:00,2.9855,3.0152,2.9714,3.0118,5479855.7,0.01174427300965597,0.010805047957441017,0.000939225052214953,62.1077681752879,56.243243188011625,73.83681814984045
2025-07-14 15:00:00,3.0118,3.0216,2.9714,2.9861,5530660.8,0.010590609508738691,0.010762160267700552,-0.0001715507589618616,57.15490909636236,56.54713182412854,58.370463640829996
2025-07-14 15:15:00,2.9862,3.0109,2.9784,3.0057,5314578.6,0.011129584150370242,0.01083564504423449,0.00029393910613575124,60.900827567298016,57.99836373851837,66.7057552248573
2025-07-14 15:30:00,3.0057,3.0109,2.9674,2.9694,6526259.8,0.008529298366459326,0.010374375708679459,-0.001845077342220133,42.380253491233695,52.79232698942348,21.55610649485412
2025-07-14 15:45:00,2.9694,2.9694,2.9093,2.9469,14611671.9,0.004599965648392601,0.009219493696622089,-0.004619528048229488,38.224332346051796,47.93632877496625,18.80033948822289
2025-07-14 16:00:00,2.9468,2.9519,2.9178,2.9242,5949049.1,-0.0003418188532084976,0.007307231186655971,-0.007649050039864469,29.56731805526258,41.81332520173169,5.075303762324353
2025-07-14 16:15:00,2.9241,2.9645,2.9207,2.9639,4773018.1,-0.001042740398870201,0.005637236869550737,-0.006679977268420938,34.678650633333014,39.435100345598805,25.16575120880144
2025-07-14 16:30:00,2.9639,2.9875,2.9518,2.979,3957304.7,-0.0003754539699856174,0.004434698701643467,-0.004810152671629085,43.8077320636587,40.89264425161877,49.63790768773855
2025-07-14 16:45:00,2.9789,3.0022,2.9691,2.9935,5121960.9,0.0013083226221026756,0.0038094234857353093,-0.0025011008636326337,54.1977341095214,45.32767420425298,71.93785392005823
2025-07-14 17:00:00,2.9936,2.9957,2.967,2.9711,3960189.8,0.0008257165603815508,0.0032126821006645575,-0.0023869655402830067,54.475544912432476,48.37696444031281,66.67270585667181
2025-07-14 17:15:00,2.9712,2.9714,2.9524,2.9574,3642327.1,-0.0006546809701446499,0.002439209486502716,-0.003093890456647366,52.09786983663472,49.61726623908678,57.05907703173061
2025-07-14 17:30:00,2.9574,2.9663,2.9363,2.9406,3337294.8,-0.0031472467736040066,0.0013219182344813717,-0.0044691650080853785,45.000942095814196,48.07849152466258,38.845843238117425
2025-07-14 17:45:00,2.9405,2.9519,2.9372,2.9519,2150260.2,-0.004162821157811081,0.0002249703560228811,-0.004387791513833962,45.28588102404839,47.14762135779119,41.562400356562804
2025-07-14 18:00:00,2.9518,2.9578,2.9392,2.9451,2313549.0,-0.005453509679252289,-0.0009107256510321529,-0.004542784028220136,40.97257787069256,45.089273528758305,32.73918655456107
2025-07-14 18:15:00,2.945,2.9595,2.9414,2.9549,1373219.4,-0.00562081823959204,-0.0018527441687441303,-0.0037680740708479097,41.302781975144626,43.82710967755374,36.25412657032639
2025-07-14 18:30:00,2.9548,2.9594,2.9228,2.9369,2634863.9,-0.007123742972171332,-0.002906943929429571,-0.004216799042741761,33.4545834494247,40.369600934844065,19.62454847858598
2025-07-14 18:45:00,2.9369,2.9371,2.9101,2.9157,3745605.5,-0.009911233939608355,-0.0043078019314653285,-0.005603432008143026,24.329838115758434,35.023013328482186,2.9434876903109313
2025-07-14 19:00:00,2.9154,2.9428,2.9119,2.9263,3164414.8,-0.01113663302874457,-0.005673568150921177,-0.005463064877823392,22.528303292125567,30.85810998302998,5.868689910316739
2025-07-14 19:15:00,2.9263,2.9321,2.9175,2.9263,1445409.6,-0.01196979034326695,-0.006932812589390332,-0.005036977753876619,23.828004261090758,28.51474140905024,14.454529965171794
2025-07-14 19:30:00,2.9264,2.9334,2.9203,2.9268,1616520.8,-0.012446255015975627,-0.008035501074707392,-0.004410753941268235,25.790437004428327,27.60663994084294,22.158031131599103
2025-07-14 19:45:00,2.9267,2.9307,2.9101,2.93,2311666.8,-0.012422445229453682,-0.00891288990565665,-0.003509555323797032,30.621424939524616,28.611568273736832,34.64113827110018
2025-07-14 20:00:00,2.93,2.9307,2.8901,2.8929,4691376.0,-0.015221768670447222,-0.010174665658614766,-0.005047103011832456,21.759144003871427,26.327426850448365,12.62257831071755
2025-07-14 20:15:00,2.8928,2.904,2.8762,2.9035,5136039.3,-0.016395919301761985,-0.01141891638724421,-0.004977002914517775,25.43046575048025,26.02843981712566,24.234517617189425
2025-07-14 20:30:00,2.9035,2.9208,2.8994,2.9176,2292115.8,-0.016004203479552892,-0.012335973805705948,-0.003668229673846944,33.54018229519206,28.53235397648113,43.555838932613916
2025-07-14 20:45:00,2.9176,2.9367,2.915,2.9237,2069198.2,-0.015028309847000543,-0.012874441013964868,-0.002153868833035675,46.1338953039019,34.39953441895472,69.60261707379625
2025-07-14 21:00:00,2.9236,2.9286,2.9169,2.9198,1600698.3,-0.014403569139479266,-0.01318026663906775,-0.0012233025004115168,52.577752024423056,40.458940287444165,76.81537549838083
2025-07-14 21:15:00,2.9197,2.9359,2.9181,2.9312,1402958.0,-0.012840554976726981,-0.013112324306599596,0.00027176932987261516,65.35486498597898,48.75758185362243,98.54943125069208
2025-07-14 21:30:00,2.9311,2.9478,2.9219,2.9403,2989901.9,-0.010743714194208831,-0.012638602284121444,0.001894888089912613,73.41162321225421,56.975595639833024,106.2836783570966
2025-07-14 21:45:00,2.9403,2.9497,2.937,2.9423,1054642.5,-0.008818910570364658,-0.011874663941370088,0.003055753371005431,78.91840640454133,64.2898658947358,108.17548742415241
2025-07-14 22:00:00,2.9424,2.9464,2.9302,2.9464,1479386.1,-0.006883307610709988,-0.010876392675238069,0.003993085064528081,84.4490056302385,71.00957913990337,111.32785861090878
2025-07-14 22:15:00,2.9464,2.9488,2.94,2.9433,1344798.1,-0.005535660760716876,-0.00980824629233383,0.004272585531616954,86.73017608909316,76.24977812296663,107.69097202134623
2025-07-14 22:30:00,2.9432,2.9492,2.9364,2.9491,995808.2,-0.003954049573277718,-0.008637406948522608,0.00468335737524489,90.75583641194685,81.08513088596004,110.09724746392044
2025-07-14 22:45:00,2.9491,2.956,2.9469,2.9507,1294328.7,-0.0025421997874119917,-0.007418365516300485,0.004876165728888493,89.52828118520027,83.89951431904012,100.78581491752055
2025-07-14 23:00:00,2.9506,2.9546,2.9425,2.951,981027.4,-0.0013831471086005465,-0.006211321834760497,0.004828174726159951,88.75627952841153,85.51843605549726,95.23196647424004
2025-07-14 23:15:00,2.951,2.951,2.9357,2.9442,1316751.6,-0.0010017451852175618,-0.005169406504851911,0.004167661319634349,82.12599813767451,84.38762341622301,77.60274758057753
2025-07-14 23:30:00,2.9443,2.9586,2.9442,2.9547,1332354.5,0.00014609672267740237,-0.0041063058593460485,0.004252402582023451,84.54176442602441,84.43900375282347,84.7472857724263
2025-07-14 23:45:00,2.9546,2.9637,2.9493,2.9582,1292074.9,0.001322940420057872,-0.0030204566034652647,0.004343397023523137,84.22187280142954,84.3666267690255,83.93236486623763
2025-07-15 00:00:00,2.9582,2.9582,2.9335,2.9339,2185183.6,0.0002914311753268173,-0.002358079047706849,0.002649510223033666,59.82950724075388,76.1875869262683,27.113347869725033
2025-07-15 00:15:00,2.9339,2.956,2.9337,2.9502,2044493.6,0.0007802324089385415,-0.001730416756377771,0.0025106491653163125,58.319009242180606,70.23139436490574,34.49423899673033
2025-07-15 00:30:00,2.9502,2.9502,2.9157,2.9224,2653850.1,-0.001063359016681531,-0.0015970052084385233,0.0005336461917569923,43.53211727256484,61.331635334125444,7.933081149443623
2025-07-15 00:45:00,2.9225,2.9256,2.9031,2.9079,2683893.8,-0.003652345358501119,-0.0020080732384510427,-0.0016442721200500762,31.661675541446062,51.44164873656565,-7.8982708487931035
2025-07-15 01:00:00,2.908,2.911,2.8742,2.8876,5400980.4,-0.007258504511112651,-0.0030581594929833646,-0.0042003450181292866,26.09847270733272,42.99392339348801,-7.692428664977854
2025-07-15 01:15:00,2.8877,2.9002,2.8646,2.8874,4600326.8,-0.010017079294371012,-0.004449943453260894,-0.005567135841110118,25.068002995604985,37.01861659419367,1.1667757984276221
2025-07-15 01:30:00,2.8873,2.9132,2.8819,2.9102,3262204.2,-0.010245397665363587,-0.005609034295681433,-0.004636363369682154,32.050044378502996,35.36242585563011,25.425281424248766
2025-07-15 01:45:00,2.9103,2.9214,2.8821,2.889,2654882.9,-0.011998691002576223,-0.006886965637060391,-0.005111725365515832,29.573894368716086,33.4329153599921,21.85585238616406
2025-07-15 02:00:00,2.8889,2.9004,2.8669,2.8827,5197597.5,-0.013738180756773577,-0.008257208661003029,-0.005480972095770548,26.161798525012983,31.009209748332395,16.46697607837416
2025-07-15 02:15:00,2.8828,2.8859,2.85,2.8571,7003125.4,-0.016986633632491532,-0.01000309365530073,-0.006983539977190803,19.67390341919101,27.230774305285266,4.560161647002502
2025-07-15 02:30:00,2.8571,2.8834,2.8533,2.8784,5221687.6,-0.017638992624778194,-0.011530273449196222,-0.006108719175581971,22.563706737211827,25.675085115927455,16.340949979780568
2025-07-15 02:45:00,2.8785,2.8858,2.8681,2.8716,2327248.7,-0.018491536078851567,-0.012922525975127292,-0.005569010103724275,24.56628068195066,25.305483637935186,23.087874769981603
2025-07-15 03:00:00,2.8715,2.8746,2.82,2.8359,9597976.9,-0.021796616721457607,-0.014697344124393354,-0.007099272597064252,21.60434491222752,24.071770729365966,16.669493277950636
2025-07-15 03:15:00,2.8359,2.84,2.8038,2.8369,8613549.1,-0.024057900795049658,-0.016569455458524618,-0.00748844533652504,23.78498277595214,23.976174744894692,23.402598838067036
2025-07-15 03:30:00,2.8369,2.8396,2.8115,2.8379,5080296.8,-0.02547562591487207,-0.01835068954979411,-0.007124936365077959,25.52218806378666,24.49151251785868,27.583539155642626
2025-07-15 03:45:00,2.8379,2.8553,2.8366,2.8497,3608086.8,-0.02535474814932126,-0.01975150126969954,-0.0056032468796217184,30.02499612415707,26.33600705329148,37.402974265888254
2025-07-15 04:00:00,2.8496,2.8524,2.8215,2.852,4313728.9,-0.024787624564922783,-0.02075872592874419,-0.004028898636178592,36.64882419319236,29.77361276659177,50.39924704639355
2025-07-15 04:15:00,2.8521,2.875,2.8521,2.8688,3915454.9,-0.02272064597811596,-0.021151109938618545,-0.0015695360394974156,50.82313005490124,36.79011852936159,78.88915310598054
2025-07-15 04:30:00,2.8689,2.8787,2.854,2.8725,2920248.2,-0.020547136874741856,-0.021030315325843207,0.0004831784511013515,61.80891597156017,45.12971767676112,95.16731256115827
2025-07-15 04:45:00,2.8725,2.8815,2.8653,2.8685,2789393.1,-0.018929178040191896,-0.020610087868712948,0.0016809098285210516,67.50675698917019,52.58873078089747,97.34280940571561
2025-07-15 05:00:00,2.8685,2.8869,2.8682,2.8819,3103560.7,-0.016376883477052573,-0.01976344699038087,0.0033865635133282987,76.33222226875289,60.503227943515945,107.99021091922675
2025-07-15 05:15:00,2.8818,2.8824,2.8733,2.8777,2103124.8,-0.014525634078843108,-0.01871588440807332,0.004190250329230212,80.53114858029178,67.17920148910788,107.23504276265959
2025-07-15 05:30:00,2.8777,2.8777,2.8638,2.8739,2009874.3,-0.013212824617809371,-0.01761527245002053,0.004402447832211158,81.27363928341293,71.8773474205429,100.06622300915299
2025-07-15 05:45:00,2.8739,2.8766,2.8624,2.8759,2904422.7,-0.011874152537308724,-0.01646704846747817,0.0045928959301694446,81.90923556712764,75.22131013607115,95.28508642924061
2025-07-15 06:00:00,2.8759,2.885,2.8638,2.8698,3308723.1,-0.011176627089198199,-0.015408964191822175,0.004232337102623976,79.22389404781002,76.55550477331745,84.56067259679517
2025-07-15 06:15:00,2.8698,2.8768,2.8635,2.8699,1903006.3,-0.0104947866145908,-0.0144261286763759,0.003931342061785099,69.86573779432541,74.32558244698677,60.94604848900269
2025-07-15 06:30:00,2.87,2.874,2.8552,2.8585,1816885.0,-0.010750384116084977,-0.013690979764317716,0.002940595648232739,51.13642904626736,66.59586464674696,20.217557845308164
2025-07-15 06:45:00,2.8584,2.8622,2.8493,2.8593,2208732.2,-0.010764309405107308,-0.013105645692475635,0.0023413362873683265,42.956200924462166,58.7159767393187,11.436649294749103
2025-07-15 07:00:00,2.8594,2.873,2.854,2.8544,3139657.0,-0.011043432530066344,-0.012693203059993777,0.0016497705299274336,33.15874387871957,50.19689911911899,-0.9175666020792761
2025-07-15 07:15:00,2.8545,2.864,2.8507,2.8616,1875972.3,-0.010561908681757437,-0.012266944184346509,0.0017050355025890716,33.59042309001496,44.661407109417645,11.448455051209592
2025-07-15 07:30:00,2.8616,2.8711,2.8546,2.8625,3069277.3,-0.00999248790394569,-0.011812052928266346,0.0018195650243206553,34.71854536533204,41.34711986138911,21.46139637321791
2025-07-15 07:45:00,2.8625,2.8651,2.8483,2.8524,3380402.0,-0.010238184013592111,-0.0114972791453315,0.0012590951317393885,26.869584285334714,36.521274669370975,7.5662035172621955
2025-07-15 08:00:00,2.8523,2.8533,2.8383,2.841,3808287.7,-0.011223408213302477,-0.011442504958925697,0.00021909674562321964,19.84025105103711,30.96093346325969,-2.401113773408049
2025-07-15 08:15:00,2.841,2.8495,2.8194,2.8489,6454410.0,-0.011237205996969202,-0.011401445166534399,0.000164239169565197,30.358076775023658,30.75998123384768,29.554267857375613
2025-07-15 08:30:00,2.8489,2.86,2.8482,2.8549,3968022.4,-0.010641324420104237,-0.011249421017248367,0.00060809659714413,41.911489522787555,34.47715066349431,56.78016724137406
2025-07-15 08:45:00,2.8549,2.8582,2.8472,2.8501,1669823.5,-0.01043610296335773,-0.01108675740647024,0.0006506544431125107,47.033032816186584,38.66244471439173,63.77420901977628
2025-07-15 09:00:00,2.8501,2.8804,2.8485,2.8799,5388706.3,-0.007779178996238478,-0.010425241724423889,0.0026460627281854106,64.41546450040869,47.24678464306405,98.75282421509796
2025-07-15 09:15:00,2.88,2.8887,2.8708,2.8838,3825415.5,-0.005297780685860509,-0.009399749516711213,0.0041019688308507034,73.92007397670338,56.1378810876105,109.48445975488913
2025-07-15 09:30:00,2.8837,2.896,2.8813,2.8896,2570845.6,-0.0028306135687738987,-0.00808592232712375,0.005255308758349852,79.82835218986503,64.03470478836202,111.41564699287105
2025-07-15 09:45:00,2.8896,2.8938,2.877,2.88,2208746.5,-0.0016312021400732846,-0.006794978289713658,0.005163776149640373,79.58965864006667,69.21968940559691,100.32959710900622
2025-07-15 10:00:00,2.8801,2.8979,2.8782,2.888,2311903.9,-3.4726494908099426e-05,-0.005442927930752546,0.005408201435844447,82.18928410399349,73.54288763839577,99.48207703518892
2025-07-15 10:15:00,2.888,2.9223,2.8873,2.9133,5133213.8,0.003234702873752937,-0.0037074017698514503,0.006942104643604388,85.21073750761862,77.43217092813671,100.76787066658244
2025-07-15 10:30:00,2.9132,2.9148,2.8999,2.9067,2199793.6,0.0052328631725755415,-0.0019193487813660521,0.007152211953941594,83.2163904733436,79.36024410987234,90.92868320028609
2025-07-15 10:45:00,2.9068,2.9176,2.9022,2.9146,2006854.5,0.0073689390400568655,-6.169121708146869e-05,0.007430630257138334,85.39326164712038,81.37124995562169,93.43728503011778
2025-07-15 11:00:00,2.9146,2.9287,2.9118,2.9132,2707210.1,0.008846845328937203,0.0017200160921222658,0.007126829236814937,83.81994666748994,82.1874821929111,87.08487561664762
2025-07-15 11:15:00,2.9132,2.9135,2.8866,2.8957,3273232.6,0.008507918970323214,0.0030775966677624557,0.005430322302560758,70.21502489404345,78.19666309328856,54.251748495553244
2025-07-15 11:30:00,2.8957,2.9024,2.8922,2.901,1994302.9,0.008568214057217194,0.004175720145653403,0.0043924939115637905,62.28390441034224,72.89241019897312,41.06689283308046
2025-07-15 11:45:00,2.901,2.9059,2.8962,2.9049,1575170.7,0.008828921443732707,0.005106360405269264,0.0037225610384634426,59.51099752436749,68.43193930743791,41.66911395822663
2025-07-15 12:00:00,2.9049,2.9063,2.8921,2.8939,1929905.1,0.00805507200076061,0.005696102724367534,0.0023589692763930767,50.03703465320857,62.3003044226948,25.51049511423612
2025-07-15 12:15:00,2.894,2.8994,2.8836,2.8869,1723158.2,0.006798579451415154,0.005916598069777058,0.0008819813816380966,35.79704749238284,53.46588544592415,0.45937158530021804
2025-07-15 12:30:00,2.8869,2.9328,2.8514,2.8648,11856219.5,0.003973708315017532,0.005528020118825153,-0.0015543118038076204,29.35200381556066,45.42792490246965,-2.7998383582573183
2025-07-15 12:45:00,2.8647,2.9018,2.8639,2.8965,4590388.3,0.004243980691742699,0.005271212233408662,-0.001027231541665963,38.03647101217565,42.96410693903832,28.181199158450326
2025-07-15 13:00:00,2.8965,2.9266,2.8926,2.9186,3786948.3,0.00617033106448428,0.005451035999623786,0.0007192950648604937,52.87607485987805,46.2680962459849,66.09203208766435
2025-07-15 13:15:00,2.9187,2.9195,2.9026,2.9115,2193665.8,0.007042881002507162,0.005769405000200461,0.0012734760023067008,59.86169118422678,50.79929455873219,77.98648443521596
2025-07-15 13:30:00,2.9114,2.9223,2.8988,2.9145,3348231.3,0.007885558235972479,0.006192635647354865,0.0016929225886176133,65.74726996229369,55.781953026586024,85.67790383370902
2025-07-15 13:45:00,2.9146,2.9342,2.9115,2.9224,4418536.7,0.009086110960357274,0.006771330709955347,0.0023147802504019273,72.41444406503959,61.32611670607054,94.59109878297768
2025-07-15 14:00:00,2.9225,2.9308,2.9116,2.9297,2687908.0,0.010505505704984763,0.00751816570896123,0.002987339996023533,79.79803517379445,67.48342286197851,104.4272597974263
2025-07-15 14:15:00,2.9298,2.9308,2.903,2.9062,3282707.0,0.009623202377214923,0.00793917304261197,0.001684029334602953,75.259881742272,70.07557582207635,85.62849358266331
2025-07-15 14:30:00,2.9061,2.9099,2.8666,2.8764,5025473.9,0.006445064985062032,0.007640351431101983,-0.001195286446039951,60.23766673317322,66.79627279244197,47.12045461463572
2025-07-15 14:45:00,2.8763,2.8821,2.8407,2.8548,10237076.3,0.002158546344657175,0.006543990413813022,-0.0043854440691558465,45.18518245669657,59.59257601386017,16.37039534236939
2025-07-15 15:00:00,2.8548,2.8763,2.8429,2.8719,4555096.6,0.00013966653984187616,0.005263125639018793,-0.005123459099176917,41.246449623537494,53.477200550419276,16.784947769773922
2025-07-15 15:15:00,2.8719,2.8836,2.8631,2.8731,2238613.7,-0.001347942042732253,0.003940912102668584,-0.005288854145400837,39.04843522139574,48.66761210741143,19.81008144936436
2025-07-15 15:30:00,2.8731,2.8906,2.8673,2.8826,1850408.2,-0.0017402514217543796,0.0028046793977839915,-0.004544930819538371,40.9699015557968,46.101708590206556,30.70628748697729
2025-07-15 15:45:00,2.8827,2.9034,2.8827,2.8903,4008987.8,-0.0014135393805698726,0.001961035642113219,-0.0033745750226830914,44.99597715127979,45.73313144389763,43.5216685660441
2025-07-15 16:00:00,2.8902,2.9084,2.8837,2.8987,3102970.1,-0.0004713742271569288,0.0014745536682591893,-0.001945927895416118,51.45495776049055,47.64040688276194,59.084059515947786
2025-07-15 16:15:00,2.8986,2.9075,2.8921,2.9,1868206.9,0.00037586484434548595,0.0012548159034764487,-0.0008789510591309627,56.24189192911721,50.50756856488036,67.71053865759092
2025-07-15 16:30:00,2.9,2.9192,2.895,2.9187,2480738.6,0.002527110671370014,0.0015092748570551618,0.0010178358143148524,70.61561372769165,57.21025028581746,97.42634061144004
2025-07-15 16:45:00,2.9187,2.9194,2.8988,2.9052,2646840.3,0.003106837622214531,0.0018287874100870358,0.0012780502121274952,74.39600847411539,62.938836348583436,97.31035272517931
2025-07-15 17:00:00,2.9051,2.9193,2.9047,2.9181,1372331.5,0.004554693921341002,0.002373968712337829,0.002180725209003173,82.36422351433397,69.41396540383361,108.2647397353347
2025-07-15 17:15:00,2.918,2.9323,2.9134,2.9297,2787740.4,0.006562505051181944,0.003211675980106652,0.003350829071075292,86.99040719838057,75.27277933534926,110.42566292444317
2025-07-15 17:30:00,2.9296,2.932,2.9209,2.9293,2332122.1,0.008028881234947605,0.004175117031074843,0.0038537642038727615,89.78847659379211,80.11134508816355,109.14273960504926
2025-07-15 17:45:00,2.9294,2.9386,2.9274,2.9386,2199233.1,0.009828134584223047,0.005305720541704484,0.004522414042518563,93.19231772919473,84.4716693018406,110.63361458390298
2025-07-15 18:00:00,2.9385,2.9402,2.9263,2.9322,2446304.8,0.010615263167453648,0.006367629066854317,0.004247634100599331,90.74178114099705,86.56170658155942,99.10193025987232
2025-07-15 18:15:00,2.9322,2.9462,2.9166,2.9185,3698720.5,0.010018110197990815,0.007097725293081617,0.0029203849049091977,76.76069451297508,83.29470255869798,63.69267842152928
2025-07-15 18:30:00,2.9184,2.9192,2.8819,2.8968,4769013.7,0.00770503467834871,0.0072191871701350364,0.0004858475082136736,58.898005776923696,75.16247029810656,26.36907673455798
2025-07-15 18:45:00,2.8969,2.9112,2.8935,2.9031,1814436.7,0.006307553462921334,0.007036860428692296,-0.0007293069657709622,50.255487521577855,66.86014270593033,17.0461771528729
2025-07-15 19:00:00,2.9031,2.9228,2.8991,2.9153,2386077.3,0.0061139991948473416,0.006852288181923306,-0.0007382889870759645,50.81832916161164,61.51287152449077,29.42924443585339
2025-07-15 19:15:00,2.9153,2.9207,2.9014,2.9015,2242211.2,0.004791824207668327,0.006440195387072311,-0.001648371179403984,44.03959113625327,55.6884447284116,20.7418839519366
2025-07-15 19:30:00,2.9015,2.9044,2.8728,2.8742,2584379.2,0.0015235466626402072,0.005456865642185891,-0.003933318979545684,29.995513073578604,47.1241341768006,-4.261729132865398
2025-07-15 19:45:00,2.8742,2.8758,2.8575,2.8631,4574777.8,-0.001939902088166523,0.003977512096115409,-0.005917414184281932,22.101480718725554,38.783249690775584,-11.262057225374505
2025-07-15 20:00:00,2.863,2.8773,2.854,2.8749,3291650.9,-0.0036900126241188325,0.0024440071520685606,-0.006134019776187393,22.290358078571803,33.28561915337432,0.2998359289667718
2025-07-15 20:15:00,2.8749,2.8799,2.8593,2.8794,2254894.5,-0.004660156062553433,0.0010231745091441617,-0.005683330571697595,24.043174366191703,30.20480422431345,11.719914649948208
2025-07-15 20:30:00,2.8794,2.8834,2.8698,2.8779,1285227.7,-0.005486790881126691,-0.00027881856891000885,-0.005207972312216682,27.60824027513547,29.33928290792079,24.146155009564822
2025-07-15 20:45:00,2.8779,2.8822,2.8653,2.8653,1572024.7,-0.007077039916976169,-0.001638462838523241,-0.005438577078452928,23.880299718307302,27.519621844716294,16.601655465489323
2025-07-15 21:00:00,2.8654,2.8895,2.8581,2.8878,1817557.2,-0.006447439703844093,-0.0026002582115874115,-0.003847181492256682,32.296168804452854,29.11180416462848,38.664898084101594
2025-07-15 21:15:00,2.8877,2.8956,2.8836,2.8938,885558.2,-0.005402055608611178,-0.0031606176909921646,-0.0022414379176190135,41.42083417548235,33.21481416824644,57.832874189954154
2025-07-15 21:30:00,2.8937,2.9111,2.8886,2.9079,1588670.4,-0.003396674273501432,-0.003207829007494018,-0.000188845266007414,59.079155066200336,41.83626113423107,93.56494293013886
2025-07-15 21:45:00,2.9079,2.9114,2.8962,2.9007,793748.9,-0.0023611569964385737,-0.0030384946052829298,0.0006773376088443561,66.50573171660746,50.0594179950232,99.39835915977598
2025-07-15 22:00:00,2.9007,2.9045,2.8825,2.8971,1386046.3,-0.0018101260016289977,-0.0027928208845521434,0.0009826948829231457,69.36619048238407,56.4950088241435,95.10855379886522
2025-07-15 22:15:00,2.8971,2.9015,2.8958,2.8985,563945.9,-0.0012460974330279484,-0.0024834761942473045,0.0012373787612193561,71.50991810770564,61.49997858533087,91.5297971524552
2025-07-15 22:30:00,2.8984,2.9069,2.891,2.9049,1498480.7,-0.0002794528572520605,-0.002042671526848256,0.0017632186695961953,76.9415714213973,66.64717619735302,97.53036186948586
2025-07-15 22:45:00,2.9049,2.9114,2.9043,2.9095,889477.1,0.0008480259739944707,-0.0014645320266797105,0.0023125580006741813,83.43947162927424,72.24460800799342,105.82919887183587
2025-07-15 23:00:00,2.9094,2.9286,2.9089,2.9189,3430376.9,0.002471571770851444,-0.0006773112671734796,0.0031488830380249234,84.37335933677382,76.28752511758688,100.54502777514767
2025-07-15 23:15:00,2.9189,2.9235,2.915,2.9158,1239423.2,0.003468121078692654,0.00015177520199974716,0.003316345876692907,80.3269973308066,77.63401585532678,85.71296028176627
2025-07-15 23:30:00,2.9159,2.9231,2.9108,2.9222,1317898.5,0.0047199118916316785,0.0010654025399261335,0.003654509351705545,82.25704377368326,79.1750251614456,88.42108099815857
2025-07-15 23:45:00,2.9221,2.9225,2.915,2.919,1117084.1,0.0053916008545713545,0.001930642202855178,0.0034609586517161768,81.22993084550698,79.8599937227994,83.96980509092214
2025-07-16 00:00:00,2.9189,2.9198,2.9018,2.9029,1715578.8,0.00457207966195039,0.0024589296946742204,0.0021131499672761697,68.9038295296872,76.20793899176199,54.29561060553763
2025-07-16 00:15:00,2.9029,2.9159,2.9026,2.9127,903357.0,0.004659667563321701,0.0028990772684037167,0.0017605902949179844,65.17347500560719,72.52978432971038,50.460856357400786
2025-07-16 00:30:00,2.9128,2.9326,2.9128,2.9283,2492501.6,0.005919633382763134,0.0035031884912756005,0.0024164448914875338,73.33680384989215,72.79879083643765,74.41282987680117
2025-07-16 00:45:00,2.9282,2.935,2.9242,2.9315,1575841.3,0.007094596536082687,0.004221470100237018,0.0028731264358456687,78.71047967502865,74.76935378263465,86.59273145981666
2025-07-16 01:00:00,2.9316,2.9365,2.9257,2.9274,1756632.1,0.007607236083143842,0.004898623296818383,0.0027086127863254596,77.06539182946183,75.53469979824371,80.12677589189809
2025-07-16 01:15:00,2.9273,2.934,2.9261,2.9274,1448354.7,0.007922184604822746,0.005503335558419256,0.0024188490464034903,75.96866659908395,75.67935539852378,76.54728900020427
2025-07-16 01:30:00,2.9275,2.9275,2.9187,2.9216,1043007.2,0.007615979775884352,0.0059258644019122755,0.0016901153739720762,69.66595064338553,73.67488714681103,61.64807763653451
2025-07-16 01:45:00,2.9216,2.9226,2.9153,2.9194,1043354.8,0.007113785339810885,0.006163448589491998,0.0009503367503188873,63.35078746062384,70.23352058474863,49.585321212374254
2025-07-16 02:00:00,2.9193,2.92,2.9037,2.9094,1673710.4,0.005841538584028694,0.006099066588399338,-0.0002575280043706444,49.53453073743805,63.33385730231177,21.9358776076906
2025-07-16 02:15:00,2.9095,2.9096,2.889,2.8952,2505547.0,0.003645430287230411,0.005608339328165553,-0.001962909040935142,37.37389768460793,54.68053742974382,2.7606181943361605
2025-07-16 02:30:00,2.8953,2.8964,2.8774,2.8849,2237102.5,0.0010616368320492953,0.004698998828942302,-0.003637361996893007,29.14605023305495,46.169041697514196,-4.899932695863541
2025-07-16 02:45:00,2.8849,2.8994,2.8843,2.8977,994902.9,4.6281426059113784e-05,0.003768455348365665,-0.003722173922306551,30.88022074194627,41.07276804565822,10.495126134522366
2025-07-16 03:00:00,2.8977,2.903,2.8912,2.8921,1129521.5,-0.0011964760165383836,0.0027754690753848555,-0.003971945091923239,28.87784597686432,37.00779402272692,12.617949885139126
2025-07-16 03:15:00,2.8921,2.9015,2.8921,2.8987,1219290.2,-0.0016300155967319263,0.001894372140961499,-0.0035243877376934254,31.796066929216767,35.27055165822353,24.84709747120324
2025-07-16 03:30:00,2.8986,2.9077,2.8981,2.9066,1802872.9,-0.0013209082524769933,0.0012513160622738006,-0.0025722243147507937,40.6251889973886,37.05543077127856,47.764705449608684
2025-07-16 03:45:00,2.9067,2.9067,2.9006,2.9044,875025.0,-0.0012391756237590812,0.0007532177250672243,-0.0019923933488263054,46.99496375637097,40.36860843297603,60.24767440316086
2025-07-16 04:00:00,2.9044,2.9051,2.8912,2.8918,1387145.8,-0.002166146634036803,0.00016934485324641882,-0.002335491487283222,42.597581471383336,41.11159944577847,45.569545522593074
2025-07-16 04:15:00,2.8919,2.9038,2.8919,2.9037,973983.6,-0.0019184327915588995,-0.00024821067571464484,-0.0016702221158442546,55.624060525435674,45.94908647233087,74.97400863164528
2025-07-16 04:30:00,2.9037,2.9159,2.9018,2.9119,1282399.1,-0.00104836145865983,-0.00040824083230368185,-0.0006401206263561481,66.95283688708697,52.9503366105829,94.95783744009513
2025-07-16 04:45:00,2.9119,2.9148,2.906,2.911,1152578.8,-0.00042652937210174713,-0.00041189854026329494,-1.4630831838452192e-05,72.79978155341651,59.566818258194104,99.26570814386133
2025-07-16 05:00:00,2.9111,2.9247,2.9091,2.9225,2062544.7,0.0009829006600692303,-0.0001329387001967899,0.0011158393602660201,79.67746630924266,66.27036760854362,106.49166371064072
2025-07-16 05:15:00,2.9224,2.9278,2.9182,2.922,1540227.7,0.0020360677717694564,0.0003008625941964594,0.001735205177572997,81.16931269432224,71.2366826371365,101.03457280869375
2025-07-16 05:30:00,2.922,2.9299,2.9181,2.9267,1218809.0,0.0032129244231380305,0.0008832749599847737,0.0023296494631532567,84.68996384617168,75.72110970681489,102.62767212488527
2025-07-16 05:45:00,2.9268,2.9274,2.914,2.9174,1077273.7,0.003356468244887001,0.0013779136169652193,0.001978554627921782,79.02672869675894,76.8229827034629,83.43422068335101
2025-07-16 06:00:00,2.9175,2.9256,2.9113,2.9224,1526352.8,0.0038295414015863116,0.0018682391738894378,0.0019613022276968738,79.55787081075931,77.7346120725617,83.20438828715453
2025-07-16 06:15:00,2.9224,2.9305,2.918,2.9221,1817883.2,0.004132609642286678,0.002321113267568886,0.0018114963747177916,79.11802786347683,78.19575066953341,80.96258225136367
2025-07-16 06:30:00,2.9222,2.9341,2.9198,2.9339,2737292.3,0.005264271544348276,0.002909744922924764,0.0023545266214235116,85.8722868935047,80.75459607752384,96.10766852546641
2025-07-16 06:45:00,2.9339,2.9365,2.9302,2.9351,2329533.6,0.00618663603691072,0.0035651231457219552,0.0026215128911887646,89.05146995086074,83.52022070196948,100.11396844864325
2025-07-16 07:00:00,2.9351,2.9391,2.9277,2.9291,1770000.8,0.006360150826959288,0.004124128681969422,0.0022360221449898654,81.58986885612954,82.87677008668949,79.01606639500963
2025-07-16 07:15:00,2.9291,2.9348,2.9279,2.9307,1113796.0,0.006551250439367884,0.004609553033449115,0.0019416974059187691,77.65463679137643,81.1360589882518,70.69179239762568
2025-07-16 07:30:00,2.9307,2.9345,2.9283,2.9301,1814012.6,0.006578450985393225,0.005003332623837937,0.0015751183615552878,74.3117242877761,78.8612807547599,65.21261135380851
2025-07-16 07:45:00,2.9301,2.9339,2.9282,2.9293,1439967.6,0.006460976188286338,0.005294861336727618,0.0011661148515587205,71.12388333813378,76.28214828255119,60.807353449298944
2025-07-16 08:00:00,2.9293,2.932,2.9228,2.9228,1096518.0,0.005776789652794712,0.005391246999941037,0.00038554265285367477,61.20489105036258,71.25639587182165,41.10188140744444
2025-07-16 08:15:00,2.9227,2.9379,2.9203,2.9378,2284262.9,0.006371494906722397,0.005587296581297309,0.0007841983254250878,72.08288155332284,71.53189109898871,73.18486246199109
2025-07-16 08:30:00,2.9377,2.9574,2.9375,2.9564,2855717.6,0.008248583126674536,0.0061195538903727545,0.0021290292363017813,80.50206287952028,74.5219483591659,92.46229192022903
2025-07-16 08:45:00,2.9565,2.9611,2.9486,2.9567,2471357.1,0.009649166967073963,0.006825476505712996,0.002823690461360967,83.40660401118349,77.48350024317176,95.25281154720693
2025-07-16 09:00:00,2.9567,2.9614,2.9514,2.9599,1672229.4,0.01089179912730609,0.007638741030031615,0.0032530580972744746,87.72119099529051,80.89606382721134,101.37144533144888
2025-07-16 09:15:00,2.9599,2.9637,2.9533,2.9587,1983788.4,0.011645521769911404,0.008440097178007573,0.0032054245919038316,87.97388155446409,83.25533640296226,97.41097185746776
2025-07-16 09:30:00,2.9588,2.9631,2.9448,2.9496,1517299.6,0.011377406783122268,0.009027559099030512,0.002349847684091756,81.15309461541871,82.55458914044773,78.35010556536068
2025-07-16 09:45:00,2.9496,2.9589,2.9472,2.952,1367383.9,0.01122914111788198,0.009467875502800805,0.001761265615081175,78.44922129507184,81.1861331919891,72.97539750123732
2025-07-16 10:00:00,2.952,2.9615,2.949,2.9578,1019482.7,0.011447689202176203,0.009863838242675886,0.0015838509595003172,81.10132418135386,81.15786352177736,80.98824550050688
2025-07-16 10:15:00,2.9578,2.962,2.9532,2.9532,1035268.1,0.011121506770188194,0.010115371948178348,0.0010061348220098461,79.33636665853696,80.55069790069723,76.9077041742164
2025-07-16 10:30:00,2.9532,2.9544,2.9427,2.9437,1752459.7,0.009981375158001793,0.010088572590143037,-0.00010719743214124451,60.77895181815983,73.96011587318476,34.41662370810997
2025-07-16 10:45:00,2.9438,2.9499,2.9436,2.9441,1401595.0,0.009006270616738643,0.00987211219546216,-0.0008658415787235162,42.741523434329245,63.553918393566256,1.1167335158552163
2025-07-16 11:00:00,2.9442,2.9558,2.9442,2.9534,1398862.3,0.00888154460159818,0.009673998676689364,-0.0007924540750911847,45.47847594034645,57.528770909159654,21.377886002720047
2025-07-16 11:15:00,2.9534,2.9534,2.9442,2.9511,807763.9,0.008499134822196108,0.009439025905790713,-0.0009398910835946052,43.652317293564295,52.90328637062786,25.150379139437163
2025-07-16 11:30:00,2.9512,2.9512,2.9445,2.9481,818583.1,0.007863353544063756,0.009123891433445322,-0.0012605378893815657,37.925074274141394,47.910549005132374,17.954124812159435
2025-07-16 11:45:00,2.948,2.9533,2.9445,2.9513,1282074.9,0.007530894097731888,0.008805291966302635,-0.0012743978685707466,40.13657801350325,45.319225341255994,29.771283357997746
2025-07-16 12:00:00,2.9513,2.956,2.946,2.9487,1310112.5,0.006977190610175654,0.008439671695077238,-0.0014624810849015839,37.12041297618719,42.58628788623306,26.188663156095444
2025-07-16 12:15:00,2.9488,2.9565,2.9482,2.9564,1509216.0,0.007078110206988786,0.008167359397459549,-0.001089249190470763,48.408427303640885,44.527001025369,56.171279860184654
2025-07-16 12:30:00,2.9565,2.9726,2.9502,2.957,3590957.3,0.007124379290451621,0.007958763376057963,-0.000834384085606342,48.21431385460113,45.75610530177971,53.130730960243966
2025-07-16 12:45:00,2.957,2.9736,2.9537,2.9644,2968868.7,0.007669753879598673,0.007900961476766106,-0.00023120759716743246,55.2539870141786,48.92206587257934,67.91782929737712
2025-07-16 13:00:00,2.9644,2.9706,2.957,2.9675,2354185.3,0.008256930507795524,0.00797215528297199,0.00028477522482353405,63.25322490287641,53.69911888267836,82.36143694327251
2025-07-16 13:15:00,2.9674,2.995,2.9674,2.9888,6582657.2,0.01032201840159308,0.008442127906696208,0.0018798904948968721,71.43390846543456,59.610715410263765,95.08029457577612
2025-07-16 13:30:00,2.9888,2.9934,2.978,2.9874,4234240.2,0.01171065400611715,0.009095833126580397,0.002614820879536753,75.93943732679132,65.05362271577296,97.71106654882803
2025-07-16 13:45:00,2.9874,2.9898,2.9721,2.9787,3247869.7,0.011971144533808431,0.009670895408026004,0.002300249125782427,73.20054897693666,67.76926480282752,84.06311732515493
2025-07-16 14:00:00,2.9787,2.9846,2.9604,2.9608,2847797.8,0.010610889026628545,0.009858894131746513,0.0007519948948820319,58.86839319550861,64.80230760038789,47.00056438575004
2025-07-16 14:15:00,2.9607,2.966,2.9528,2.966,5514684.2,0.009839054779959167,0.009854926261389044,-1.58714814298775e-05,51.923658141735224,60.50942444750367,34.75212553019834
2025-07-16 14:30:00,2.9659,2.9792,2.9567,2.9749,3951470.6,0.009832186868409476,0.009850378382793132,-1.8191514383656196e-05,52.99374828496616,58.00419905999117,42.97284673491613
2025-07-16 14:45:00,2.9749,2.9945,2.973,2.9904,5502677.4,0.010951225548894161,0.010070547816013338,0.0008806777328808236,65.02900754542775,60.34580188847003,74.39541885934317
2025-07-16 15:00:00,2.9905,3.0071,2.9764,2.9814,8538812.4,0.010985216246722551,0.01025348150215518,0.0007317347445673708,60.90945499959145,60.53368625884384,61.660992481086694
2025-07-16 15:15:00,2.9814,2.9862,2.9657,2.9839,4356660.5,0.011086089685229616,0.010420003138770069,0.0006660865464595475,59.69777049082668,60.25504766950478,58.58321613347046
2025-07-16 15:30:00,2.9839,2.9844,2.9541,2.9708,4866860.3,0.009993770132091573,0.010334756537434372,-0.000340986405342799,50.84823741745734,57.11944425215563,38.30582374806076
2025-07-16 15:45:00,2.9709,2.979,2.9662,2.9764,2061795.8,0.009470798742800213,0.010161964978507541,-0.0006911662357073287,48.38624053735956,54.208376347223606,36.74196891763148
2025-07-16 16:00:00,2.9764,2.987,2.9677,2.9799,2596037.4,0.009232336272639419,0.009976039237333917,-0.0007437029646944985,48.8934666811374,52.436739791861534,41.806920459689124
2025-07-16 16:15:00,2.98,2.998,2.9775,2.9962,2926686.5,0.010240579792910598,0.010028947348449254,0.00021163244446134426,59.237756179076314,54.70374525426646,68.30577802869603
2025-07-16 16:30:00,2.9963,3.0039,2.9844,2.9852,3426396.8,0.010036319533375249,0.010030421785434453,5.897747940795603e-06,59.05158588039046,56.15302546297446,64.84870671522246
2025-07-16 16:45:00,2.9852,2.9919,2.9796,2.9913,1908423.1,0.010248522241335767,0.010074041876614717,0.00017448036472104966,62.763950335354615,58.35666708710118,71.57851683186148
2025-07-16 17:00:00,2.9912,3.0002,2.9871,2.9999,2387774.0,0.010984025533996356,0.010256038608091045,0.0007279869259053107,70.64766500344389,62.45366639254875,87.03566222523419
2025-07-16 17:15:00,2.9999,3.0474,2.994,3.0268,12016309.0,0.013580969418171662,0.010921024770107169,0.0026599446480644936,73.07200532205302,65.9931127023835,87.22979056139204
2025-07-16 17:30:00,3.0269,3.0304,3.0148,3.0265,3666157.8,0.015436911556278687,0.011824202127341473,0.0036127094289372143,74.58105106500565,68.85575882325755,86.03163554850187
2025-07-16 17:45:00,3.0266,3.0409,3.0143,3.0234,5860535.6,0.0164677846097101,0.0127529186238152,0.0037148659858949017,73.20181729456861,70.30444498036123,78.99656192298337
2025-07-16 18:00:00,3.0234,3.0337,3.0124,3.0285,2791697.1,0.01749461922866935,0.013701258744786029,0.0037933604838833214,74.22990245401193,71.61293080491146,79.46384575221288
2025-07-16 18:15:00,3.0285,3.0477,3.0221,3.0426,3827108.4,0.019224536730946262,0.014805914342018077,0.004418622388928185,80.39828254768902,74.54138138583731,92.11208487139245
2025-07-16 18:30:00,3.0427,3.078,3.0427,3.0672,9693720.2,0.02232319532411564,0.01630937053843759,0.006013824785678051,83.27365177976026,77.45213818381163,94.91667897165752
2025-07-16 18:45:00,3.0673,3.07,3.0352,3.0523,5494492.6,0.02330791991620984,0.01770908041399204,0.0055988395022178,80.1431391268862,78.34913849816981,83.73114038431899
2025-07-16 19:00:00,3.0524,3.0626,3.032,3.0426,5812841.9,0.023040021292736856,0.018775268589741004,0.004264752702995853,73.78079462144461,76.82635720592808,67.68966945247769
2025-07-16 19:15:00,3.0426,3.0621,3.0414,3.0584,3552106.2,0.02382796372400131,0.019785807616593064,0.004042156107408247,74.74275196985191,76.13182212723602,71.9646116550837
2025-07-16 19:30:00,3.0585,3.0585,3.0333,3.0455,3701230.3,0.02314469396246821,0.020457584885768095,0.002687109076700115,66.64760700429161,72.97041708625456,54.00198684036573
2025-07-16 19:45:00,3.0454,3.0633,3.0358,3.0592,5350411.7,0.02343848894744971,0.02105376569810442,0.0023847232493452893,68.21222580773926,71.38435332674946,61.86797076971885
2025-07-16 20:00:00,3.0591,3.0665,3.0507,3.0624,3521305.5,0.02365683557160958,0.021574379672805455,0.0020824558988041253,70.8813212702001,71.21667597456634,70.21061186146764
2025-07-16 20:15:00,3.0625,3.0974,3.0611,3.0967,6382287.9,0.026294493632457616,0.02251840246473589,0.0037760911677217276,80.277675888854,74.2370092793289,92.35900910790423
2025-07-16 20:30:00,3.0967,3.1,3.0686,3.077,8532275.8,0.026489872527623692,0.023312696477313453,0.003177176050310239,75.57727412198103,74.6837642268796,77.36429391218391
2025-07-16 20:45:00,3.077,3.0788,3.0426,3.0626,5910811.3,0.02519235032266698,0.02368862724638416,0.0015037230762828188,65.3848494146541,71.58412595613777,52.98629633168676
2025-07-16 21:00:00,3.0626,3.0803,3.0532,3.0735,3119488.9,0.02475819645470745,0.02390254108804882,0.0008556553666586274,63.93303686467139,69.03376292564897,53.73158474271622
2025-07-16 21:15:00,3.0735,3.0936,3.0673,3.0833,4472315.6,0.024917669105682716,0.0241055666915756,0.0008121024141071152,67.60953082332406,68.55901889154067,65.71055468689084
2025-07-16 21:30:00,3.0832,3.0858,3.0538,3.0617,3037382.6,0.023035573101680917,0.023891567973596668,-0.0008559948719157502,59.26592409710859,65.46132062672997,46.87513103786583
2025-07-16 21:45:00,3.0617,3.0772,3.0608,3.0654,1639995.3,0.021593639501945816,0.0234319822792665,-0.0018383427773206833,54.87925573244406,61.933965661967996,40.76983587339619
2025-07-16 22:00:00,3.0653,3.0875,3.0653,3.0848,2941332.2,0.021765416430906015,0.023098669109594405,-0.0013332526786883903,61.09255840931803,61.65349657775133,59.970682072451424
2025-07-16 22:15:00,3.0848,3.089,3.065,3.0657,3064735.9,0.02012831383757341,0.022504598055190207,-0.002376284217616799,54.143006419220114,59.149999858240925,44.129019541178494
2025-07-16 22:30:00,3.0657,3.0708,3.0541,3.0696,3774534.3,0.018927412217867534,0.021789160887725673,-0.0028617486698581385,51.77478012152406,56.6915932793353,41.94115380590158
2025-07-16 22:45:00,3.0696,3.0749,3.0437,3.0523,2893114.9,0.016390780895102708,0.02070948488920108,-0.004318703994098373,40.85638936206156,51.41319197357739,19.742784139029908
2025-07-16 23:00:00,3.0522,3.0561,3.0359,3.0458,2506535.8,0.01369808363772096,0.01930720463890506,-0.0056091210011841,32.95683034304971,45.261071430068164,8.348348169012795
2025-07-16 23:15:00,3.0458,3.0468,3.0189,3.0373,3926912.4,0.010754254349029324,0.017596614580929912,-0.006842360231900588,30.181840487512925,40.234661115883085,10.076199230772602
2025-07-16 23:30:00,3.0374,3.0443,3.0251,3.0405,2091961.3,0.008580550440806523,0.015793401752905237,-0.007212851312098714,30.392268361147597,36.953863530971255,17.269078021500277
2025-07-16 23:45:00,3.0405,3.0463,3.034,3.038,1593786.2,0.006580291818229611,0.013950779765970112,-0.007370487947740501,29.34377567395569,34.417167578632736,19.1969918646016
2025-07-17 00:00:00,3.038,3.0461,3.0332,3.0403,1845411.1,0.005121624329677665,0.012184948678711624,-0.007063324349033959,29.73845625054005,32.85759713593517,23.500174479749802
2025-07-17 00:15:00,3.0403,3.0683,3.0403,3.0561,2629306.0,0.0051808264474262344,0.010784124232454548,-0.005603297785028313,37.514653192228735,34.409949154699696,43.724061267286814
2025-07-17 00:30:00,3.0561,3.0794,3.0521,3.0774,2560284.4,0.006867314414921832,0.010000762268948006,-0.0031334478540261737,57.241173753496724,42.0203573542987,87.68280655189277
2025-07-17 00:45:00,3.0774,3.0774,3.0533,3.0545,2074304.0,0.006283596276465353,0.009257329070451476,-0.002973732793986123,57.77510757120164,47.27194075993302,78.78144119373889
2025-07-17 01:00:00,3.0545,3.0696,3.0517,3.0639,1645105.6,0.006504516865692089,0.0087067666294996,-0.00220224976380751,63.31012681055302,52.61800277680635,84.69437487804637
2025-07-17 01:15:00,3.064,3.0644,3.0386,3.0508,2201708.0,0.005558463004081471,0.008077105904415974,-0.002518642900334503,59.782508782793,55.00617144546857,69.33518345744187
2025-07-17 01:30:00,3.0508,3.0514,3.0259,3.0341,2796849.6,0.0034217146737129944,0.007146027658275378,-0.0037243129845623835,45.379867733648304,51.797403541528475,32.54479611788797
2025-07-17 01:45:00,3.0341,3.0348,2.9873,3.0212,7151677.0,0.0006795703730113622,0.005852736201222575,-0.005173165828211213,42.52251768562436,48.70577492289377,30.156003211085533
2025-07-17 02:00:00,3.0213,3.0345,3.0121,3.0322,1594434.4,-0.0005990847956067746,0.004562372001856705,-0.00516145679746348,44.59879753055378,47.33678245878044,39.12282767410046
2025-07-17 02:15:00,3.0321,3.0427,3.0308,3.0358,1327542.6,-0.0013068734912979885,0.0033885229032257665,-0.004695396394523755,47.28591568993128,47.319826869164054,47.21809333146574
2025-07-17 02:30:00,3.0358,3.0432,3.0342,3.0399,1038299.3,-0.0015194501219246703,0.0024069282981956795,-0.003926378420120349,50.56122211395339,48.400291950760504,54.883082440339166
2025-07-17 02:45:00,3.0399,3.0536,3.0254,3.0496,1853873.3,-0.0008948939194586281,0.001746563854664818,-0.002641457774123446,56.75594607818868,51.185509993236565,67.8968182480929
2025-07-17 03:00:00,3.0497,3.0527,3.0279,3.0293,2221377.2,-0.002014744257475609,0.0009943022322367327,-0.003009046489712342,54.84823298691729,52.4064176577968,59.73186364515827
2025-07-17 03:15:00,3.0294,3.0386,3.0062,3.011,1960901.7,-0.004328988889740426,-7.035599215869897e-05,-0.004258632897581727,46.8119218615766,50.5415857257234,39.352594133283006
2025-07-17 03:30:00,3.0109,3.0216,2.9968,3.0114,2747541.3,-0.006060901477528802,-0.0012684650892327196,-0.004792436388296082,43.324589436124086,48.135920295856955,33.701927716658346
2025-07-17 03:45:00,3.0113,3.0277,3.01,3.025,1087158.3,-0.006263842661949237,-0.0022675406037760233,-0.003996302058173214,47.837307990095816,48.03638286060325,47.43915824908096
2025-07-17 04:00:00,3.0249,3.0403,3.0149,3.038,2532212.8,-0.005314422306017974,-0.0028769169442244137,-0.0024375053617935604,56.06994241593238,50.71423604571296,66.78135515637122
2025-07-17 04:15:00,3.0379,3.0551,3.0362,3.0543,3198102.6,-0.003209726331358631,-0.0029434788216512573,-0.0002662475097073738,70.25589071296584,57.22812093479725,96.31143026930302
2025-07-17 04:30:00,3.0544,3.059,3.0492,3.0497,2702624.0,-0.0018911214927350706,-0.0027330073558680204,0.0008418858631329498,75.18667097906187,63.21430428288546,99.13140437141469
2025-07-17 04:45:00,3.0498,3.0754,3.0498,3.0742,3802901.8,0.0011179406627981336,-0.0019628177521347897,0.0030807584149329234,82.94887480029048,69.7924944553538,109.26163549016385
2025-07-17 05:00:00,3.0741,3.0782,3.0643,3.0723,3473196.3,0.003311160976531724,-0.0009080220064014871,0.004219182982933211,86.21653078414124,75.26717323161628,108.11524588919116
2025-07-17 05:15:00,3.0723,3.1161,3.0723,3.116,7860812.0,0.008477801837986298,0.00096914276247607,0.007508659075510228,90.7830797571839,80.43914207347215,111.4709551246074
2025-07-17 05:30:00,3.1159,3.1489,3.1066,3.1354,12763650.2,0.01397670505607218,0.0035706552211952924,0.010406049834876889,90.89680662313253,83.92503025669228,104.84035935601304
2025-07-17 05:45:00,3.1353,3.147,3.1241,3.1419,7686346.7,0.01864420239154052,0.006585364655264338,0.012058837736276182,92.25133880467062,86.70046643935173,103.3530835353084
2025-07-17 06:00:00,3.1419,3.1728,3.1392,3.1629,10760855.5,0.023763817655607422,0.010021055255332955,0.013742762400274467,92.74429553412494,88.71507613760946,100.80273432715592
2025-07-17 06:15:00,3.1628,3.1636,3.1454,3.15,5419707.2,0.026475039669840772,0.01331185213823452,0.013163187531606252,89.59917408473139,89.00977545331676,90.77797134756065
2025-07-17 06:30:00,3.15,3.1655,3.14,3.1576,4774019.6,0.028903774414099637,0.016430236593407546,0.01247353782069209,88.96687118054366,88.99547402905905,88.9096654835129
2025-07-17 06:45:00,3.1576,3.167,3.1502,3.154,3881345.6,0.030190062040922783,0.019182201682910596,0.011007860358012187,87.54972983851958,88.51355929887923,85.6220709178003
2025-07-17 07:00:00,3.1541,3.1558,3.126,3.1358,5204009.2,0.029401939104206853,0.021226149167169847,0.008175789937037006,80.33269239618669,85.78660366464838,69.42486985926328
2025-07-17 07:15:00,3.1359,3.1496,3.1337,3.1409,2795470.3,0.02885623664262882,0.022752166662261646,0.006104069980367173,76.30803042001163,82.62707924976947,63.66993276049598
2025-07-17 07:30:00,3.141,3.1615,3.14,3.1614,6386125.8,0.029735173612701615,0.02414876805234964,0.005586405560351976,78.46517234445889,81.23977694799927,72.91596313737813
2025-07-17 07:45:00,3.1614,3.1625,3.1506,3.1553,3259859.5,0.029598327379992906,0.025238679917878294,0.004359647462114612,73.66535103593633,78.71496831064496,63.566116486519036
2025-07-17 08:00:00,3.1553,3.159,3.1395,3.1552,3554646.6,0.029145831586503412,0.02602011025160332,0.0031257213349000917,69.90795482167819,75.77929714765604,58.165270169722504
2025-07-17 08:15:00,3.1551,3.1932,3.152,3.1927,12454791.5,0.031450618852726375,0.027106211971827932,0.004344406880898443,79.6906206747695,77.08307165669386,84.90571871092081
2025-07-17 08:30:00,3.1927,3.1999,3.1844,3.1947,7082977.0,0.033057496410562326,0.028296468859574812,0.004761027550987514,84.11490183008998,79.42701504782589,93.49067539461814
2025-07-17 08:45:00,3.1947,3.2386,3.185,3.2358,11436940.3,0.03721835493695158,0.03008084607505017,0.007137508861901412,88.58104171739565,82.47835727101581,100.78641061015534
2025-07-17 09:00:00,3.2358,3.2644,3.2189,3.2471,14172417.6,0.04095557053526866,0.03225579096709387,0.00869977956817479,88.22069447826375,84.39246967343179,95.87714408792769
2025-07-17 09:15:00,3.2472,3.2798,3.245,3.265,10102880.7,0.044844778533548624,0.03477358848038482,0.0100711900531638,88.77044701471296,85.85179545385886,94.60775013642117
2025-07-17 09:30:00,3.265,3.274,3.2495,3.2721,6750790.7,0.047947208976263145,0.03740831257956049,0.010538896396702656,90.68421818087069,87.46260302952946,97.12744848355314
2025-07-17 09:45:00,3.272,3.277,3.2564,3.2631,5813714.0,0.04911353244019834,0.039749356551688056,0.009364175888510282,89.82179050024315,88.2489988531007,92.96737379452807
2025-07-17 10:00:00,3.2631,3.2764,3.2206,3.2464,11512094.0,0.048135426522311064,0.04142657054581266,0.006708855976498403,85.27915042615405,87.25904937745183,81.31935252355848
2025-07-17 10:15:00,3.2464,3.256,3.2348,3.2428,3723177.1,0.04653337286559234,0.042447931009768604,0.0040854418558237335,80.53560471811417,85.01790115767261,71.5710118389973
2025-07-17 10:30:00,3.2428,3.2604,3.237,3.2408,3968073.6,0.04458836361470864,0.042876017530756615,0.0017123460839520224,73.39690209719147,81.1442348041789,57.90223668321664
2025-07-17 10:45:00,3.2409,3.2738,3.2395,3.2738,4452133.1,0.04518884510060106,0.04333858304472551,0.0018502620558755525,80.15489675677752,80.8144554550451,78.83577936024233
2025-07-17 11:00:00,3.2737,3.2939,3.2556,3.2912,8163863.2,0.046532369397518814,0.04397734031528417,0.002555029082234643,85.56993117118505,82.39961402709174,91.91056545937167
2025-07-17 11:15:00,3.2911,3.2986,3.2666,3.2757,9775235.4,0.04581823750026004,0.04434551975227935,0.0014727177479806897,80.5936293277986,81.79761912732737,78.18564972874105
2025-07-17 11:30:00,3.2758,3.2761,3.248,3.2589,6071684.7,0.04339641635568103,0.04415569907295969,-0.0007592827172786532,70.09660758605379,77.89728194690285,54.49525886435569
2025-07-17 11:45:00,3.2589,3.2841,3.2544,3.2623,5224561.3,0.04127565715288384,0.04357969068894452,-0.002304033536060679,64.55158454454875,73.44871614611814,46.75732134140995
2025-07-17 12:00:00,3.2624,3.2712,3.233,3.2511,7167465.7,0.038250268522169506,0.042513806255589516,-0.00426353773342001,56.068577730553876,67.65533667426338,32.895059843134874
2025-07-17 12:15:00,3.2512,3.2681,3.238,3.239,5443926.2,0.034478807133179856,0.040906806431107584,-0.006427999297927728,40.427832308174025,58.579501885566934,4.124493153388201
2025-07-17 12:30:00,3.239,3.265,3.239,3.2614,5379634.9,0.03291793217447658,0.039309031579781384,-0.006391099405304801,41.38278251439245,52.84726209517544,18.453823352826475
2025-07-17 12:45:00,3.2614,3.275,3.2551,3.2593,4197397.9,0.031152369945584457,0.037677699252942,-0.0065253293073575455,40.952342814473035,48.88228900160797,25.09245044020315
2025-07-17 13:00:00,3.2592,3.2717,3.2384,3.2416,5673913.7,0.028002116120149356,0.035742582626383475,-0.0077404665062341185,31.671480575502326,43.14535285957276,8.723736007361452
2025-07-17 13:15:00,3.2416,3.2416,3.203,3.2189,9190561.3,0.023404029890874867,0.03327487207928175,-0.009870842188406885,26.658253438061603,37.64965305240238,4.6754542093800495
2025-07-17 13:30:00,3.2189,3.2277,3.1824,3.1941,10581915.3,0.017556480510207972,0.030131193765466996,-0.012574713255259024,21.60697721829484,32.3020944410332,0.21674277281812238
2025-07-17 13:45:00,3.194,3.25,3.1675,3.2274,14476127.3,0.015431403582219172,0.027191235728817435,-0.011759832146598263,31.52872237651898,32.044303752861794,30.497559623833354
2025-07-17 14:00:00,3.2274,3.246,3.2271,3.2432,3884523.8,0.014850999680436683,0.024723188519141286,-0.009872188838704603,44.4920164680669,36.19354132459683,61.088966755007036
2025-07-17 14:15:00,3.2432,3.2457,3.2307,3.2434,2948750.4,0.014242979533108269,0.022627146721934686,-0.008384167188826418,53.19622803297481,41.861103560722825,75.86647697747878
2025-07-17 14:30:00,3.2435,3.2558,3.2411,3.2451,4642264.8,0.013739909850351228,0.020849699347617996,-0.007109789497266768,59.52616752585916,47.74945821576827,83.07958614604092
2025-07-17 14:45:00,3.2451,3.256,3.2326,3.2334,3301660.9,0.01225585343394231,0.019130930164882858,-0.0068750767309405485,60.11822021103793,51.87237888085816,76.60990287139747
2025-07-17 15:00:00,3.2334,3.2421,3.169,3.2011,9415756.6,0.008376825148335154,0.016980109161573317,-0.008603284013238163,50.827373934677816,51.52404389879805,49.43403400643736
2025-07-17 15:15:00,3.2011,3.2371,3.1967,3.2283,5122020.1,0.007412038598092252,0.015066495048877106,-0.007654456450784854,56.78510428036905,53.27773069265505,63.799851455797054
2025-07-17 15:30:00,3.2284,3.2525,3.2255,3.2502,3683317.7,0.00831869257043083,0.013716934553187852,-0.005398241982757021,69.00551208145139,58.520324488920494,89.97588726651315
2025-07-17 15:45:00,3.2502,3.263,3.2423,3.2534,4533655.4,0.009189504741688115,0.012811448590887906,-0.003621943849199791,75.98622271398683,64.3422905639426,99.27408701407532
2025-07-17 16:00:00,3.2533,3.2649,3.2456,3.2529,4524793.5,0.009727155249178221,0.012194589922545969,-0.002467434673367748,79.81980367237634,69.50146160008718,100.45648781695465
2025-07-17 16:15:00,3.2529,3.272,3.2379,3.2549,6040521.6,0.01019708478924386,0.011795088895885548,-0.0015980041066416886,81.01255519906005,73.3384927997448,96.36067999769054
2025-07-17 16:30:00,3.2549,3.2587,3.2221,3.2542,6283223.6,0.010393216653520554,0.01151471444741255,-0.0011214977938919964,81.58118566668732,76.08605708872564,92.57144282261069
2025-07-17 16:45:00,3.2541,3.2657,3.2422,3.2652,5246443.5,0.011305932881617409,0.011472958134253523,-0.00016702525263611462,85.52014319526738,79.23075245757288,98.09892467065637
2025-07-17 17:00:00,3.2652,3.281,3.255,3.2675,4543299.4,0.012075657187030853,0.011593497944808991,0.0004821592422218617,86.3289049873211,81.59680330082229,95.79310836031871
2025-07-17 17:15:00,3.2675,3.3029,3.259,3.2886,9091760.3,0.014224294096548462,0.012119657175156884,0.0021046369213915776,86.39754996643757,83.19705218936072,92.79854552059126
2025-07-17 17:30:00,3.2887,3.2929,3.263,3.2666,4436371.7,0.013990613110027361,0.01249384836213098,0.0014967647478963814,75.95645245287248,80.78351894386464,66.30231947088816
2025-07-17 17:45:00,3.2665,3.3182,3.263,3.3143,10509083.9,0.017453220734718222,0.013485722836648428,0.003967497898069794,82.61821075769014,81.39508288180646,85.0644665094575
2025-07-17 18:00:00,3.3142,3.3346,3.3015,3.3308,9146663.0,0.021283432170192018,0.015045264703357146,0.006238167466834872,87.28621457920082,83.35879344760458,95.14105684239328
2025-07-17 18:15:00,3.3308,3.3343,3.3031,3.31,5827752.1,0.02238250458066071,0.016512712678817862,0.00586979190184285,84.23525416391165,83.65094701970695,85.40386845232106
2025-07-17 18:30:00,3.3101,3.348,3.3066,3.3348,7410312.6,0.02496687749962412,0.018203545642979116,0.006763331856645002,85.99533227024877,84.43240876988756,89.1211792709712
2025-07-17 18:45:00,3.3349,3.3611,3.3349,3.3537,13631674.9,0.02821484058428636,0.020205804631240568,0.008009035953045793,88.58898237696985,85.81793330558166,94.13108051974623
2025-07-17 19:00:00,3.3537,3.3676,3.3446,3.3584,7111980.5,0.030812933136836307,0.02232723033235972,0.008485702804476587,89.66914988541629,87.10167216552652,94.80410532519582
2025-07-17 19:15:00,3.3585,3.381,3.3548,3.381,6798279.0,0.034300180200665054,0.024721820306020787,0.009578359894644266,93.11276659027753,89.10537030711019,101.1275591566122
2025-07-17 19:30:00,3.381,3.3993,3.3432,3.3632,15774983.4,0.03522152556177671,0.026821761357171972,0.00839976420460474,86.57994661900132,88.2635624110739,83.21271503485616
2025-07-17 19:45:00,3.3632,3.3633,3.3022,3.3057,10914957.7,0.030955097846844026,0.027648428655106385,0.0033066691917376413,68.16261542758558,81.56324674991113,41.36135278293446
2025-07-17 20:00:00,3.3057,3.345,3.2842,3.3342,10629115.4,0.02953319467592097,0.028025381859269304,0.0015078128166516672,59.9219057962068,74.34946643200969,31.06678452460102
2025-07-17 20:15:00,3.3342,3.361,3.3103,3.3449,9051572.3,0.02893616860552939,0.028207539208521322,0.0007286293970080668,57.526854081340296,68.74192898178656,35.09670428044777
2025-07-17 20:30:00,3.3449,3.3686,3.3441,3.3529,6442583.8,0.028776832868264712,0.028321397940470002,0.0004554349277947102,58.24697888654657,65.24361228337322,44.25371209289327
2025-07-17 20:45:00,3.353,3.3762,3.349,3.3599,5591656.1,0.028882460619772843,0.028433610476330574,0.0004488501434422691,60.75428479491175,63.7471697872194,54.76851481029645
2025-07-17 21:00:00,3.36,3.4586,3.3534,3.4452,27987379.23,0.03544063095933314,0.02983501457293109,0.00560561638640205,71.27502778376375,66.25645578606752,81.31217177915622
2025-07-17 21:15:00,3.4452,3.4875,3.4349,3.4736,15611344.4,0.042440443835519925,0.032356100425448855,0.01008434341007107,78.57095638117453,70.36128931776985,94.99029050798387
2025-07-17 21:30:00,3.4736,3.4744,3.3982,3.4664,12571367.6,0.04686661695691452,0.03525820373174199,0.011608413225172531,82.25438738249811,74.32565533934593,98.11185146880246
2025-07-17 21:45:00,3.4665,3.5495,3.4266,3.512,21921642.76,0.053437930747672,0.03889414913492799,0.014543781612744014,83.45794439647379,77.36975169172189,95.63432980597759
2025-07-17 22:00:00,3.512,3.5296,3.4629,3.4931,12955452.5,0.05646972439287845,0.04240926418651808,0.01406046020636037,81.8856455544277,78.87504964595716,87.90683737136877
2025-07-17 22:15:00,3.493,3.502,3.4531,3.4694,5823830.5,0.05631093338108428,0.04518959802543132,0.011121335355652961,76.76155634509225,78.17055187900219,73.94356527727237
2025-07-17 22:30:00,3.4695,3.4958,3.4626,3.4885,4003054.2,0.05706845115382597,0.04756536865111025,0.00950308250271572,74.60832091295667,76.98314155698701,69.85867962489598
2025-07-17 22:45:00,3.4885,3.4947,3.4424,3.4729,5608559.7,0.05576715082017536,0.04920572508492328,0.006561425735252077,70.33738434928615,74.76788915442006,61.476374739018354
2025-07-17 23:00:00,3.473,3.5349,3.4704,3.5118,10188984.7,0.05721522433859505,0.050807624935657644,0.006407599402937406,73.81662781198372,74.45080204027461,72.54827935540195
2025-07-17 23:15:00,3.5117,3.5386,3.5108,3.5311,6932743.3,0.059237330663982846,0.05249356608132269,0.0067437645826601555,78.49066220732817,75.79742209595913,83.87714243006624
2025-07-17 23:30:00,3.5311,3.5345,3.507,3.5256,6250025.9,0.05970778626747508,0.05393641011855317,0.005771376148921911,80.39496449424428,77.32993622872085,86.52502102529112
2025-07-17 23:45:00,3.5255,3.5487,3.4742,3.4814,12337546.4,0.05587002030135091,0.054323132155112724,0.0015468881462381845,68.45967527172557,74.37318257638908,56.632660662398536
2025-07-18 00:00:00,3.4813,3.53,3.4621,3.4858,8912241.6,0.05257752536719229,0.05397401079752864,-0.0013964854303363528,59.24906542103738,69.33181019127186,39.08357588056842
2025-07-18 00:15:00,3.4857,3.5774,3.4853,3.5542,13105073.47,0.05485517149721453,0.05415024293746582,0.0007049285597487062,67.10431521896315,68.58931186716895,64.13432192255155
2025-07-18 00:30:00,3.5543,3.6143,3.5506,3.6124,14049925.94,0.06065725696663726,0.05545164574330012,0.005205611223337146,77.70111222082515,71.626578651721,89.85017935903343
2025-07-18 00:45:00,3.6125,3.655,3.6017,3.6535,19416708.8,0.06779043211257552,0.0579194030171552,0.009871029095420314,84.8988913707979,76.0506828914133,102.59530832956708
2025-07-18 01:00:00,3.6534,3.6538,3.6227,3.6343,14643707.5,0.07107493763019024,0.060550509939762215,0.010524427690428023,86.35561135450814,79.48565904577825,100.09551597196793
2025-07-18 01:15:00,3.6344,3.6607,3.5831,3.6025,14094637.9,0.0703015452279776,0.0625007169974053,0.007800828230572307,81.13536225245157,80.03556011466935,83.33496652801603
2025-07-18 01:30:00,3.6025,3.6294,3.5927,3.6028,9738733.5,0.0689183854230766,0.06378425068253955,0.005134134740537047,77.70554865168471,79.2588896270078,74.59886670103853
2025-07-18 01:45:00,3.6029,3.6184,3.5756,3.5957,6814472.9,0.06648293673920103,0.06432398789387185,0.0021589488453291755,74.22733119242895,77.58170348214819,67.51858661299048
2025-07-18 02:00:00,3.5957,3.5966,3.5424,3.5889,8426501.1,0.06327473122631622,0.06411413656036073,-0.0008394053340445157,70.76719696145152,75.31020130858263,61.68118826718927
2025-07-18 02:15:00,3.5888,3.6028,3.5685,3.5954,8050544.7,0.060558618858941315,0.06340303302007685,-0.002844414161135539,68.10173450033678,72.90737903916734,58.49044542267566
2025-07-18 02:30:00,3.5955,3.5955,3.569,3.5898,5853715.9,0.05729376023653732,0.06218117846336895,-0.004887418226831634,58.75703122789423,68.19059643540963,39.88990081286343
2025-07-18 02:45:00,3.5897,3.5972,3.5729,3.5934,4715852.1,0.054370081712015406,0.06061895911309824,-0.0062488774010828335,53.54159929140536,63.30759738740821,34.00960309939967
2025-07-18 03:00:00,3.5934,3.625,3.589,3.6176,6411565.0,0.05339033264907611,0.05917323382029381,-0.0057829011712177,56.883466870517054,61.16622054844449,48.31795951466218
2025-07-18 03:15:00,3.6176,3.6358,3.6118,3.6323,6033580.9,0.05318693571772393,0.05797597419977984,-0.0047890384820559115,63.25339042424437,61.86194384037778,66.03628359197755
2025-07-18 03:30:00,3.6322,3.6531,3.6251,3.6327,10333767.0,0.05245336905392728,0.056871453170609335,-0.004418084116682056,69.35953218888197,64.36113995654584,79.35631665355422
2025-07-18 03:45:00,3.6326,3.6342,3.5999,3.6054,8982045.1,0.04910310036800203,0.05531778261008788,-0.0062146822420858505,65.20987782781832,64.64405258030332,66.34152832284829
2025-07-18 04:00:00,3.6054,3.6112,3.579,3.5909,6030710.2,0.044761971336373385,0.053206620355344986,-0.0084446490189716,58.07728681445038,62.455130658352346,49.32159912664645
2025-07-18 04:15:00,3.5909,3.5953,3.5755,3.5913,4884772.7,0.04088260276360023,0.05074181683699604,-0.009859214073395808,47.70164274627667,57.53730135432712,28.030325530175773
2025-07-18 04:30:00,3.5913,3.6065,3.5888,3.6032,3499425.3,0.0383266005739511,0.04825877358438706,-0.00993217301043596,45.35638648404188,53.47699639756538,29.115166656994873
2025-07-18 04:45:00,3.6032,3.6105,3.5908,3.5908,3315848.9,0.034898090589764674,0.045586636985462586,-0.010688546395697912,37.67732498769879,48.21043926094318,16.611096441209995
2025-07-18 05:00:00,3.5909,3.6349,3.585,3.6287,7995197.0,0.03483759882905124,0.04343682935418032,-0.008599230525129078,47.9704503354418,48.13044295244273,47.650465101439934
2025-07-18 05:15:00,3.6287,3.6384,3.6133,3.6208,6916603.2,0.033762995895968206,0.0415020626625379,-0.0077390667665696924,51.43906311022588,49.23331633837045,55.85055665393675
2025-07-18 05:30:00,3.6209,3.6301,3.6099,3.6174,5125661.1,0.032265081963825715,0.039654666522795465,-0.00738958455896975,52.29099052709222,50.25254106794438,56.3678894453879
2025-07-18 05:45:00,3.6173,3.6344,3.6135,3.6185,4387796.3,0.03081155871825736,0.03788604496188784,-0.007074486243630482,57.64815372712358,52.71774528767077,67.5089706060292
2025-07-18 06:00:00,3.6186,3.6197,3.5517,3.5773,10538362.5,0.026035019893744238,0.03551583994825912,-0.00948082005451488,48.274470804626134,51.23665379332257,42.35010482723327
2025-07-18 06:15:00,3.5773,3.5779,3.5337,3.5444,6566626.5,0.01937152058800029,0.032286976076207355,-0.012915455488207064,35.58953895730247,46.02094884798254,14.72671917594235
2025-07-18 06:30:00,3.5443,3.5669,3.5411,3.5639,5236775.7,0.015485627734919127,0.028926706407949712,-0.013441078673030585,33.341131670356965,41.79434312210734,16.434708766856218
2025-07-18 06:45:00,3.5639,3.5744,3.5597,3.5654,3130276.3,0.01238430851686445,0.025618226829732662,-0.013233918312868211,32.31974839787564,38.636144880696776,19.686955432233376
2025-07-18 07:00:00,3.5653,3.57,3.5306,3.532,5560269.2,0.0071489808273135225,0.021924377629248835,-0.014775396801935313,21.979399364817482,33.083896375403675,-0.22959465635490517
2025-07-18 07:15:00,3.532,3.5408,3.5081,3.53,9005586.2,0.0028062143374674164,0.018100744970892552,-0.015294530633425136,20.255388780945,28.807727177250783,3.150711988333441
2025-07-18 07:30:00,3.5299,3.5364,3.4858,3.5174,12373899.6,-0.0016333458963142533,0.01415392679745119,-0.015787272693765446,20.591972960289056,26.06914243826354,9.637634004340086
2025-07-18 07:45:00,3.5174,3.5175,3.4381,3.4503,16016672.8,-0.01044572675302291,0.009233996087356372,-0.019679722840379284,15.799640998827444,22.64597529178484,2.106972412912654
2025-07-18 08:00:00,3.4503,3.5101,3.4487,3.4835,14568138.5,-0.014582541079469102,0.0044706886539912765,-0.01905322973346038,18.86642733255161,21.38612597204043,13.82703005357397
2025-07-18 08:15:00,3.4836,3.5099,3.4791,3.4928,6531535.5,-0.01691557177877101,0.0001934365674388194,-0.01710900834620983,25.62005980491517,22.79743724966534,31.265304915414823
2025-07-18 08:30:00,3.4929,3.4935,3.4208,3.4346,14281131.4,-0.023193409827753975,-0.00448393271159974,-0.018709477116154234,20.07483153661017,21.889902011980283,16.444690585869942
2025-07-18 08:45:00,3.4346,3.4633,3.426,3.4439,7632345.3,-0.027105751207124662,-0.009008296410704724,-0.018097454796419936,18.39624185774019,20.725348627233586,13.738028318753393
2025-07-18 09:00:00,3.4439,3.4473,3.4005,3.4338,10613155.3,-0.030667776490596044,-0.013340192426682988,-0.017327584063913055,18.81283380486517,20.087843686444113,16.262814041707287
2025-07-18 09:15:00,3.4338,3.454,3.4074,3.4289,9887372.5,-0.033499929900830505,-0.017372139921512493,-0.016127789979318012,19.289335152400017,19.82167417509608,18.224657107007893
2025-07-18 09:30:00,3.4289,3.457,3.4265,3.4499,5822138.2,-0.03366187425470857,-0.02063008678815171,-0.013031787466556859,24.976309282370167,21.539885877520778,31.849156092068945
2025-07-18 09:45:00,3.4499,3.462,3.4366,3.4501,5371874.9,-0.03338918821567072,-0.023181907073655514,-0.010207281142015204,30.781926985967534,24.62056624700303,43.104648463896545
2025-07-18 10:00:00,3.45,3.4544,3.4286,3.4349,3946760.5,-0.03400757735071869,-0.02534704112906815,-0.008660536221650538,30.983571761934495,26.741568085313517,39.46757911517645
2025-07-18 10:15:00,3.435,3.4406,3.4055,3.4376,5311030.9,-0.0338891349083692,-0.02705545988492836,-0.00683367502344084,31.959797384251317,28.48097785162612,38.917436449501714
2025-07-18 10:30:00,3.4376,3.4556,3.4376,3.4505,5066631.2,-0.03238107732637596,-0.028120583373217885,-0.004260493953158077,39.22767854290584,32.06321141538603,53.556612797945476
2025-07-18 10:45:00,3.4505,3.4884,3.445,3.471,6574228.9,-0.029195207969243242,-0.028335508292422956,-0.0008596996768202858,52.886711747602796,39.00437819279162,80.65137885722515
2025-07-18 11:00:00,3.471,3.4792,3.4536,3.4577,4212313.6,-0.027427416216854628,-0.028153889877309293,0.000726473660454665,56.94912372100331,44.98596003552885,80.87545109195224
2025-07-18 11:15:00,3.4578,3.4621,3.4271,3.4497,5687447.5,-0.0263680076790358,-0.027796713437654594,0.0014287057586187951,55.73849904681284,48.57013970595685,70.07521772852482
2025-07-18 11:30:00,3.4496,3.494,3.4437,3.493,4487937.3,-0.02178336557471594,-0.026594043865066867,0.004810678290350926,70.11568486360015,55.75198809183795,98.84307840712454
2025-07-18 11:45:00,3.493,3.4996,3.4752,3.49,5096135.9,-0.018182482267060873,-0.02491173154546567,0.006729249278404795,76.6764856228465,62.726820602174136,104.57581566419124
2025-07-18 12:00:00,3.4899,3.49,3.4701,3.4775,3554948.7,-0.016151220618418893,-0.023159629360056316,0.007008408741637422,76.62243922855016,67.35869347763281,95.14993073038488
2025-07-18 12:15:00,3.4774,3.5083,3.4756,3.5031,3654776.0,-0.012333551570412826,-0.020994413802127618,0.008660862231714792,82.72883756611505,72.48207484046021,103.22236301742473
2025-07-18 12:30:00,3.5031,3.524,3.495,3.512,8156391.3,-0.008491975517753492,-0.018493926145252793,0.010001950627499302,84.35792473447918,76.44069147179987,100.19239125983782
2025-07-18 12:45:00,3.512,3.5292,3.4956,3.5005,8979426.2,-0.006302797977718377,-0.016055700511745912,0.009752902534027535,80.20205103095226,77.69447799151733,85.21719710982214
2025-07-18 13:00:00,3.5005,3.5021,3.474,3.4806,9830317.7,-0.006103268019255648,-0.014065214013247859,0.007961945993992211,70.9345700963776,75.44117535980409,61.92135956952461
2025-07-18 13:15:00,3.4806,3.4919,3.4651,3.4892,5061472.0,-0.005191348330781498,-0.012290440876754587,0.007099092545973089,67.56395433783972,72.81543501914929,57.06099297522056
2025-07-18 13:30:00,3.4891,3.545,3.4872,3.5124,10045142.3,-0.0025670084229365564,-0.010345754385990981,0.0077787459630544245,67.64875665957987,71.09320889929282,60.759852180153985
2025-07-18 13:45:00,3.5123,3.5234,3.4994,3.5081,4691578.6,-0.0008246679433101534,-0.008441537097454816,0.007616869154144662,63.03826163621562,68.40822647826708,52.298331952112704
2025-07-18 14:00:00,3.508,3.5251,3.4853,3.4931,6014489.3,-0.0006467696422545188,-0.006882583606414756,0.0062358139641602375,53.70677600945876,63.50774298866431,34.10484205104764
2025-07-18 14:15:00,3.4932,3.4957,3.4155,3.4396,13178832.2,-0.004767826305048128,-0.00645963214614143,0.001691805841093302,42.00786354298533,56.34111650677132,13.341357615413358
2025-07-18 14:30:00,3.4396,3.4488,3.408,3.4431,8247180.5,-0.007663037920569771,-0.006700313301027099,-0.0009627246195426714,36.54538834739166,49.74254045364477,10.151084134885437
2025-07-18 14:45:00,3.4431,3.4713,3.443,3.4541,5014143.4,-0.008966545164405204,-0.007153559673702721,-0.0018129854907024835,35.5801372437599,45.02173938368315,16.696932963913397
2025-07-18 15:00:00,3.4542,3.4589,3.4163,3.417,3810768.8,-0.012845172832202767,-0.008291882305402731,-0.004553290526800036,25.90987251773772,38.65111709503467,0.427383363143818
2025-07-18 15:15:00,3.4171,3.4299,3.3439,3.3769,19009566.4,-0.01893646034592278,-0.010420797913506741,-0.008515662432416037,22.743163810101283,33.348466000056874,1.5325594301901049
2025-07-18 15:30:00,3.3769,3.3915,3.3487,3.3673,6388090.9,-0.024258848451019777,-0.01318840802100935,-0.011070440430010427,19.040776536420932,28.579236178844894,-0.03614274842699672
2025-07-18 15:45:00,3.3673,3.3936,3.3575,3.3736,3844114.3,-0.027649792425656905,-0.016080684901938862,-0.011569107523718043,18.157427183221028,25.105299846970272,4.261681855722536
2025-07-18 16:00:00,3.3736,3.3976,3.3634,3.3891,3191399.5,-0.028754950326861373,-0.018615537986923364,-0.010139412339938009,20.419888909490968,23.54349620114384,14.17267432618523
2025-07-18 16:15:00,3.389,3.4176,3.3751,3.4151,4331395.8,-0.027219048963681214,-0.020336240182274933,-0.006882808781406281,29.247866211948708,25.444952871412127,36.85369289302187
2025-07-18 16:30:00,3.4151,3.4369,3.4128,3.4269,3723948.9,-0.024764208306332858,-0.021221833807086518,-0.0035423744992463396,41.21495633386845,30.701620692230904,62.241627617143536
2025-07-18 16:45:00,3.4268,3.4381,3.4151,3.4381,2068095.7,-0.02166523960548883,-0.02131051496676698,-0.00035472463872184695,52.12341934555124,37.842220243337685,80.68581754997835
2025-07-18 17:00:00,3.4381,3.4444,3.4218,3.4273,2912926.9,-0.01985191381872564,-0.021018794737158713,0.0011668809184330713,58.92285927384571,44.86909992017369,87.03037798118974
2025-07-18 17:15:00,3.4273,3.4532,3.427,3.4491,2622881.8,-0.016465953002101852,-0.02010822639014734,0.0036422733880454895,71.36485830211251,53.70101938081996,106.69253614469761
2025-07-18 17:30:00,3.4492,3.466,3.4424,3.456,6464160.4,-0.013075061159994128,-0.0187015933441167,0.005626532184122571,78.06818913803801,61.82340929989264,110.55774881432875
2025-07-18 17:45:00,3.456,3.46,3.447,3.4487,2100295.4,-0.010851712153670423,-0.017131617106027446,0.0062799049523570225,80.06389260508216,67.90357040162247,104.38453701200152
2025-07-18 18:00:00,3.4487,3.4513,3.4233,3.4317,2185034.2,-0.010342231169756744,-0.015773739918773306,0.005431508749016562,75.56566199663051,70.45760093329181,85.78178412330789
2025-07-18 18:15:00,3.4317,3.4476,3.4013,3.4473,4917878.4,-0.008580760528003939,-0.014335144040619432,0.0057543835126154935,76.85308892918,72.58943026525453,85.38040625703096
2025-07-18 18:30:00,3.4472,3.4637,3.4472,3.4596,2462769.6,-0.006121707910927032,-0.012692456814680952,0.00657074890375392,81.27145650404883,75.4834390115193,92.84749148910788
2025-07-18 18:45:00,3.4596,3.4648,3.4363,3.4396,1860258.6,-0.005720778277479521,-0.011298121107240667,0.005577342829761146,73.91306785998921,74.95998196100926,71.81923965794911
2025-07-18 19:00:00,3.4395,3.4443,3.4028,3.4199,4214167.2,-0.006912975535861676,-0.01042109199296487,0.003508116457103194,58.85806790872033,69.59267727691295,37.388849172335085
2025-07-18 19:15:00,3.4198,3.4789,3.4198,3.4654,4622995.4,-0.004138623239313688,-0.009164598242234635,0.005025975002920947,66.77307620031523,68.65281025138039,63.0136080981849
2025-07-18 19:30:00,3.4654,3.4654,3.4353,3.4385,3602072.2,-0.004063690548407717,-0.008144416703469251,0.004080726155061535,60.49476557684244,65.9334620265344,49.61737267745852
2025-07-18 19:45:00,3.4384,3.4528,3.4203,3.434,3116117.1,-0.004317647094867372,-0.007379062781748876,0.0030614156868815044,54.37623547047237,62.08105317451373,38.96660006238966
2025-07-18 20:00:00,3.4339,3.4488,3.4161,3.4282,3038667.0,-0.0049300900062547726,-0.006889268226650055,0.0019591782203952825,47.80580646485098,57.322637604626145,28.77214418530066
2025-07-18 20:15:00,3.4283,3.4349,3.364,3.3658,7500797.7,-0.010331518611971457,-0.007577718303714336,-0.002753800308257122,32.39273085472231,49.01266868799153,-0.8471448118161362
2025-07-18 20:30:00,3.3658,3.4,3.3576,3.3962,7331336.7,-0.012020597791812193,-0.008466294201333907,-0.003554303590478286,32.20246360361532,43.40926699319946,9.788856824447052
2025-07-18 20:45:00,3.3962,3.4315,3.3936,3.4119,3477153.7,-0.011954541903747007,-0.009163943741816527,-0.0027905981619304795,36.3899908497859,41.06950827872827,27.030955991901166
2025-07-18 21:00:00,3.4119,3.4304,3.4095,3.4254,2095085.9,-0.010689631542399436,-0.00946908130193311,-0.0012205502404663265,42.89148606803528,41.676834208497276,45.32078978711128
2025-07-18 21:15:00,3.4255,3.4481,3.4154,3.4413,2491773.7,-0.008308409674762984,-0.009236946976499086,0.0009285373017361015,51.595148447665196,44.982938954886585,64.81956743322242
2025-07-18 21:30:00,3.4413,3.45,3.4399,3.444,1502785.6,-0.006132712659666417,-0.008616100113132553,0.0024833874534661363,61.1129066336321,50.35959484780176,82.61953020529279
2025-07-18 21:45:00,3.444,3.4517,3.4028,3.4132,2466674.7,-0.006815198329779282,-0.0082559197564619,0.0014407214266826188,60.20972487060061,53.642971522068045,73.34323156766574
2025-07-18 22:00:00,3.4132,3.4183,3.3957,3.4101,2047119.4,-0.007519536694343465,-0.008108643144038214,0.0005891064496947492,58.73705356233442,55.340998868823505,65.52916294935625
2025-07-18 22:15:00,3.4102,3.4315,3.4046,3.424,3057462.0,-0.006876844111658897,-0.00786228333756235,0.0009854392259034533,62.679112576802375,57.78703677148312,72.46326418744088
2025-07-18 22:30:00,3.424,3.4305,3.4049,3.4049,1458023.4,-0.007818588166687679,-0.007853544303387416,3.495613669973752e-05,58.54129998921075,58.038457844058996,59.54698427951425
2025-07-18 22:45:00,3.4049,3.4124,3.3779,3.3916,2940411.6,-0.009528289769155318,-0.008188493396540998,-0.0013397963726143203,45.215428538425954,53.76411474218131,28.118056130915235
2025-07-18 23:00:00,3.3916,3.3959,3.3624,3.379,2947361.3,-0.011764343277993028,-0.008903663372831404,-0.002860679905161624,36.33996094424362,47.95606347620208,13.107755880326707
2025-07-18 23:15:00,3.379,3.4049,3.3741,3.4012,2594714.8,-0.011611230291720176,-0.009445176756609159,-0.0021660535351110174,38.70965668026083,44.873927877555,26.381114285672496
2025-07-18 23:30:00,3.4011,3.4144,3.4007,3.4065,2322891.2,-0.010936156239321981,-0.009743372653151724,-0.0011927835861702575,42.26780396825143,44.005219907787136,38.79297208918001
2025-07-18 23:45:00,3.4066,3.4214,3.4043,3.4135,2315262.0,-0.009724218947678942,-0.009739541912057169,1.5322964378226486e-05,47.252817427135824,45.0877524142367,51.58294745293408
2025-07-19 00:00:00,3.4136,3.4561,3.4115,3.4511,4011570.3,-0.005664447919210058,-0.008924523113487747,0.003260075194277689,63.05648518621566,51.077330004896346,87.01479554885428
2025-07-19 00:15:00,3.4511,3.4567,3.4395,3.4526,3655527.2,-0.002299505399250723,-0.007599519570640342,0.005300014171389619,73.92171476182484,58.69212492387251,104.38089443772952
2025-07-19 00:30:00,3.4526,3.4665,3.4445,3.4519,4051946.3,0.0003072103118197944,-0.0060181735941483155,0.00632538390596811,77.93948451300659,65.10791145358387,103.60263063185204
2025-07-19 00:45:00,3.452,3.4584,3.4303,3.4312,3117166.8,0.000694725922353534,-0.004675593690847946,0.00537031961320148,73.98975560553306,68.06852617090027,85.83221447479866
2025-07-19 01:00:00,3.4312,3.4428,3.3971,3.4411,5124904.3,0.0017801615041403984,-0.0033844426518502774,0.005164604155990676,74.52663181899453,70.22122805359835,83.13743934978689
2025-07-19 01:15:00,3.4412,3.4631,3.432,3.4536,4936030.7,0.003607438253356854,-0.0019860664708088514,0.005593504724165706,78.36407489231665,72.93551033317112,89.22120401060772
2025-07-19 01:30:00,3.4537,3.4558,3.4424,3.4505,2128390.7,0.004750661481337737,-0.0006387208803795338,0.005389382361717271,77.89113158046852,74.58738408227026,84.49862657686504
2025-07-19 01:45:00,3.4505,3.4512,3.4385,3.4424,2154180.1,0.00494605675703319,0.00047823464710301117,0.004467822109930179,73.68534612569188,74.2867047634108,72.48262885025406
2025-07-19 02:00:00,3.4425,3.4485,3.4171,3.4359,3028690.2,0.004524260386059353,0.0012874397948942798,0.0032368205911650736,67.7594910770704,72.110966867964,59.056539495283204
2025-07-19 02:15:00,3.4358,3.4494,3.4199,3.433,2395882.2,0.0039108955895863495,0.0018121309538326937,0.002098764635753656,62.41602959412756,68.87932111001852,49.48944656234562
2025-07-19 02:30:00,3.433,3.4538,3.4324,3.4503,2121783.2,0.004765827494462194,0.002402870261958594,0.0023629572325036,67.16303990232903,68.30722737412202,64.87466495874304
2025-07-19 02:45:00,3.4503,3.4619,3.4483,3.449,2616262.8,0.005277630810311518,0.0029778223716291786,0.002299808438682339,70.98748114700722,69.20064529841709,74.56115284418749
2025-07-19 03:00:00,3.449,3.4542,3.4399,3.4444,2637991.9,0.005251520806372145,0.003432562058577772,0.0018189587477943732,71.21387632022704,69.87172230568707,73.898184349307
2025-07-19 03:15:00,3.4444,3.451,3.4365,3.4458,2134892.3,0.0052828987713042785,0.0038026294011230736,0.001480269370181205,68.2730189960936,69.33882120248926,66.14141458330229
2025-07-19 03:30:00,3.4458,3.4792,3.4457,3.4713,3977371.8,0.007281466706549722,0.004498396862208404,0.002783069844341318,74.60820697431456,71.09528312643103,81.63405467008161
2025-07-19 03:45:00,3.4713,3.4713,3.4449,3.4494,2935544.6,0.0070173080608695315,0.005002179101940629,0.002015128958928902,67.07643213209792,69.75566612831999,61.71796413965379
2025-07-19 04:00:00,3.4494,3.4684,3.4414,3.4671,3738898.7,0.008142342648318479,0.0056302118112162,0.0025121308371022794,71.55605405693258,70.35579543785752,73.95657129508271
2025-07-19 04:15:00,3.4671,3.4695,3.4589,3.4667,2377105.6,0.008899080941638271,0.006283985637300614,0.002615095304337657,74.01095003458227,71.57418030343244,78.88448949688191
2025-07-19 04:30:00,3.4666,3.4855,3.464,3.4777,2864588.0,0.010268045918550683,0.007080797693550628,0.003187248225000055,77.77754484414713,73.64196848367067,86.04869756510004
2025-07-19 04:45:00,3.4776,3.4799,3.4592,3.4614,2280670.0,0.00992329715780027,0.007649297586400558,0.0022739995713997128,68.79047207296865,72.02480301343667,62.321810192032615
2025-07-19 05:00:00,3.4615,3.4644,3.438,3.4431,3481565.5,0.008080279785043665,0.007735494026129179,0.0003447857589144853,50.3501106336796,64.79990555351765,21.450520794003495
2025-07-19 05:15:00,3.4431,3.4507,3.4333,3.4487,2498977.4,0.006990960991174244,0.007586587419138193,-0.0005956264279639483,43.400712325390536,57.66684114414195,14.868454687887706
2025-07-19 05:30:00,3.4487,3.461,3.4463,3.4545,1992566.4,0.00652051508724627,0.007373372952759808,-0.0008528578655135378,42.471483823568065,52.60172203728399,22.21100739613621
2025-07-19 05:45:00,3.4545,3.4596,3.4405,3.4581,1901434.1,0.00636480373702053,0.0071716591096119536,-0.0008068553725914234,44.1508487303991,49.78476426832236,32.88301765455256
2025-07-19 06:00:00,3.458,3.4677,3.458,3.462,2583826.4,0.006481385400097128,0.007033604367708989,-0.0005522189676118606,47.76084679089197,49.1101251091789,45.06229015431809
2025-07-19 06:15:00,3.4621,3.4679,3.4308,3.4313,3367238.2,0.004049859519030363,0.006436855397973265,-0.0023869958789429014,32.14525678807772,43.45516900214517,9.525432359942812
2025-07-19 06:30:00,3.4313,3.4413,3.4166,3.4262,2492866.7,0.0016918280222517623,0.005487849922828965,-0.0037960219005772023,26.074583383633936,37.66164046264142,2.900469225618963
2025-07-19 06:45:00,3.4262,3.4455,3.4262,3.4454,1363970.1,0.0013567112880545906,0.004661622195874089,-0.0033049109078194987,32.54893236634036,35.95740443054107,25.73198823793895
2025-07-19 07:00:00,3.4453,3.4533,3.4392,3.441,1935569.7,0.0007276971938767751,0.003874837195474627,-0.0031471400015978517,37.553739186397024,36.48951601582639,39.682185527538294
2025-07-19 07:15:00,3.441,3.4648,3.4338,3.4628,2342123.3,0.001965618377140377,0.0034929934318077773,-0.0015273750546674005,55.05531930165255,42.67811711110178,79.8097236827541
2025-07-19 07:30:00,3.4628,3.4682,3.4543,3.4666,3548184.9,0.0032162333397871556,0.0034376414134036533,-0.00022140807361649764,69.003287803169,51.453174008457516,104.10351539259197
2025-07-19 07:45:00,3.4667,3.4825,3.462,3.4651,4531519.6,0.004039749526023151,0.003558063035927553,0.00048168649009559805,70.53431124156647,57.8135530861605,95.97582755237842
2025-07-19 08:00:00,3.4651,3.4735,3.4462,3.4513,2745337.8,0.0035380627827481526,0.0035540629852916727,-1.6000202543520105e-05,64.57472039270841,60.06727552167647,73.58961013477231
2025-07-19 08:15:00,3.4514,3.4584,3.4385,3.4467,2057565.5,0.002737731997758175,0.0033907967877849733,-0.0006530647900267984,58.274902113095436,59.469817718816124,55.88507090165406
2025-07-19 08:30:00,3.4466,3.4477,3.4307,3.434,1617070.5,0.0010663875707970227,0.0029259149443873833,-0.0018595273735903606,47.65114870261005,55.530261380080766,31.892923347668628
2025-07-19 08:45:00,3.4339,3.4413,3.4276,3.4377,2236650.6,3.993381667344309e-05,0.0023487187188445955,-0.0023087849021711524,38.57619504981575,49.878905936659095,15.970773276129066
2025-07-19 09:00:00,3.4377,3.4403,3.4271,3.4285,1528177.7,-0.0014986260626734804,0.0015792497625409805,-0.003077875825214461,26.559821970635465,42.10587794798455,-4.532289984062714
2025-07-19 09:15:00,3.4286,3.4366,3.4276,3.4355,887684.5,-0.002128567551475946,0.0008376862997375952,-0.0029662538512135414,22.760699604972615,35.65748516698057,-3.0328715190432973
2025-07-19 09:30:00,3.4355,3.4619,3.4305,3.4582,2735613.3,-0.000787028062059214,0.0005127434273782335,-0.0012997714894374475,33.88619444182307,35.0670549252614,31.524473474946404
2025-07-19 09:45:00,3.4581,3.465,3.4385,3.4539,2075911.8,-7.001532178074754e-05,0.0003961916775464373,-0.00046620699932718485,38.71594671572808,36.28335218875029,43.581135769683655
2025-07-19 10:00:00,3.454,3.4558,3.4341,3.4352,1867931.7,-0.0009991931996617964,0.00011711470210479057,-0.001116307901766587,31.62959666106023,34.73210034618694,25.424589290806807
2025-07-19 10:15:00,3.4352,3.4374,3.4205,3.4301,2513296.6,-0.0021226323552707704,-0.00033083470937032166,-0.0017917976459004487,28.27740900999512,32.580536567456335,19.671153895072692
2025-07-19 10:30:00,3.4301,3.4471,3.4269,3.4407,1238172.5,-0.002133046139804584,-0.0006912769954571742,-0.00144176914434741,33.98269214898559,33.04792176129942,35.852232924357935
2025-07-19 10:45:00,3.4408,3.4429,3.421,3.4285,1503516.6,-0.003090116242903118,-0.0011710448449463629,-0.0019190713979567553,28.647637462619645,31.58116032840616,22.78059173104662
2025-07-19 11:00:00,3.4285,3.4304,3.4022,3.4034,2633660.9,-0.005807021694129499,-0.0020982402147829904,-0.003708781479346509,19.73536765023893,27.632562769017085,3.940977412682628
2025-07-19 11:15:00,3.4033,3.4214,3.3978,3.419,2712433.3,-0.006625029991310871,-0.0030035981700885666,-0.0036214318212223046,23.672784782698958,26.312636773577708,18.393080800941462
2025-07-19 11:30:00,3.419,3.4209,3.4021,3.4073,1234568.9,-0.008123754098888547,-0.004027629355848563,-0.004096124743039984,20.494158109100947,24.373143885418788,12.736186556465263
2025-07-19 11:45:00,3.4072,3.4106,3.388,3.3925,2688933.3,-0.010386016529624342,-0.005299306790603719,-0.005086709739020623,15.610824020785989,21.452370597207857,3.927730867942252
2025-07-19 12:00:00,3.3926,3.4065,3.3811,3.3822,3805304.0,-0.01286173761889442,-0.006811792956261859,-0.006049944662632561,10.898068311938585,17.934269835451435,-3.1743347350871147
2025-07-19 12:15:00,3.3821,3.4047,3.3811,3.3981,2641393.7,-0.013386456562124671,-0.008126725677434422,-0.005259730884690249,15.85123746048428,17.239925710462384,13.073860960528073
2025-07-19 12:30:00,3.398,3.41,3.3946,3.4051,1574465.2,-0.01308660437733744,-0.009118701417415026,-0.003967902959922415,22.688703761535013,19.056185060819928,29.953741162965187
2025-07-19 12:45:00,3.4051,3.418,3.4023,3.4155,1423613.7,-0.011872912729685492,-0.009669543679869119,-0.0022033690498163734,33.68027931459415,23.930883145411332,53.1790716529598
2025-07-19 13:00:00,3.4154,3.4167,3.3949,3.4057,1678903.0,-0.01156847724813792,-0.01004933039352288,-0.001519146854615041,39.086379583630645,28.982715291484435,59.293708167923064
2025-07-19 13:15:00,3.4057,3.4312,3.4022,3.423,1775405.6,-0.009818067942104047,-0.010003077903239115,0.00018500996113506724,53.93516456606648,37.30019838301178,87.20509693217589
2025-07-19 13:30:00,3.4229,3.4252,3.4168,3.4188,1165918.6,-0.008669820560543329,-0.009736426434699958,0.001066605874156629,61.03994337671234,45.2134467142453,92.69293670164642
2025-07-19 13:45:00,3.4188,3.4209,3.4021,3.4104,2136636.8,-0.00834148063982676,-0.009457437275725318,0.001115956635898559,60.187640228520195,50.20484455233693,80.15323158088673
2025-07-19 14:00:00,3.4104,3.4136,3.3839,3.385,2389453.8,-0.010015385480977024,-0.00956902691677566,-0.0004463585642013636,42.71990386492151,47.70986432319845,32.739982948367626
2025-07-19 14:15:00,3.385,3.4019,3.3764,3.3829,3075434.5,-0.011380235308305675,-0.009931268595081665,-0.0014489667132240105,32.43370719948535,42.61781194862741,12.06549770120121
2025-07-19 14:30:00,3.3829,3.3911,3.3666,3.3737,3564223.8,-0.013053775938739243,-0.01055577006381318,-0.002498005874926063,25.286042157757976,36.840555351670936,2.177015769932055
2025-07-19 14:45:00,3.3738,3.3778,3.3547,3.3608,3648857.1,-0.015245253345047782,-0.011493666720060101,-0.003751586624987681,19.515313508222082,31.065474737187984,-3.5850089497097173
2025-07-19 15:00:00,3.3608,3.3925,3.357,3.3867,3135447.8,-0.014722390875973268,-0.012139411551242736,-0.0025829793247305315,26.953564125307064,29.694837866561013,21.471016642799164
2025-07-19 15:15:00,3.3868,3.4184,3.3867,3.4144,2803476.4,-0.011935277649478326,-0.012098584770889854,0.0001633071214115281,43.9821146456296,34.45726345958388,63.03181701772105
2025-07-19 15:30:00,3.4144,3.4228,3.4036,3.4227,1773032.7,-0.008953519108498842,-0.011469571638411653,0.002516052529912811,61.472710000159715,43.462412306442495,97.49330538759416
2025-07-19 15:45:00,3.4227,3.4228,3.407,3.4098,1179429.1,-0.00754440892273367,-0.010684539095276058,0.003140130172542388,67.95194861488874,51.625591075924575,100.60466369281704
2025-07-19 16:00:00,3.4098,3.4261,3.4042,3.4154,1863776.4,-0.005907705399154306,-0.009729172356051708,0.0038214669568974024,73.63930094400617,58.9634943652851,102.99091410144831
2025-07-19 16:15:00,3.4154,3.4379,3.4138,3.4325,2173641.8,-0.0031939609815450076,-0.00842213008115037,0.005228169099605362,80.26273909087597,66.06324260714872,108.66173205833044
2025-07-19 16:30:00,3.4325,3.4388,3.4296,3.4376,1223290.3,-0.0006245719252242488,-0.006862618449965145,0.006238046524740896,86.36620180374693,72.83089567268145,113.43681406587788
2025-07-19 16:45:00,3.4375,3.4594,3.4314,3.4439,2877450.9,0.0018981639100728032,-0.005110461977957556,0.007008625888030359,85.97606704140283,77.21261946225525,103.502962199698
2025-07-19 17:00:00,3.4439,3.4511,3.4339,3.4371,1602500.6,0.003310584705133568,-0.0034262526413393313,0.0067368373464729,83.39159677760188,79.27227856737079,91.63023319806405
2025-07-19 17:15:00,3.4371,3.442,3.4317,3.4419,675837.6,0.004762360716020098,-0.0017885299698674455,0.006550890685887543,80.90388891088175,79.81614868187444,83.07936936889638
2025-07-19 17:30:00,3.4419,3.4429,3.4298,3.4306,2014278.5,0.004944095645164737,-0.000442004846861009,0.005386100492025746,70.0649581986524,76.56575185413375,57.06337088768973
2025-07-19 17:45:00,3.4306,3.4364,3.419,3.4242,1954729.8,0.0045195962803048495,0.0005503153785721628,0.003969280901732687,58.78726681842526,70.63959017556425,35.08262010414728
2025-07-19 18:00:00,3.4243,3.431,3.4107,3.4266,1388191.3,0.004326958928572822,0.0013056440885722946,0.0030213148400005272,52.718081260592776,64.66575387057377,28.822736040630787
2025-07-19 18:15:00,3.4266,3.4282,3.4128,3.4206,708626.1,0.0036480896766053483,0.0017741332061789053,0.001873956470426443,41.92156820521379,57.08435864878711,11.595987318067145
2025-07-19 18:30:00,3.4207,3.4377,3.4179,3.4324,702761.7,0.004015948927325486,0.0022224963504082216,0.001793452576917264,42.80055265700082,52.32308998485835,23.755478001285766
2025-07-19 18:45:00,3.4324,3.4363,3.4186,3.4202,575351.3,0.0032851725690314915,0.0024350315941328755,0.0008501409748986159,35.03609739077264,46.56075912016311,11.986773931991692
2025-07-19 19:00:00,3.4202,3.425,3.4108,3.4202,1154927.9,0.0026751891251364235,0.002483063100333585,0.00019212602480283853,31.195682088897986,41.43906677640807,10.708912713877822
2025-07-19 19:15:00,3.4201,3.4298,3.4186,3.4274,842992.1,0.0027411543571256303,0.0025346813516919945,0.00020647300543363573,38.08490607168785,40.32101320816799,33.61269179872757
2025-07-19 19:30:00,3.4274,3.4312,3.4192,3.4301,805517.4,0.0029769829080334986,0.0026231416629602954,0.0003538412450732032,45.472753116114966,42.03825984415031,52.34173966004427
2025-07-19 19:45:00,3.4301,3.432,3.4221,3.4317,856451.2,0.0032554584632116246,0.0027496050230105614,0.0005058534402010632,56.24109467000287,46.7725381194345,75.17820777113963
2025-07-19 20:00:00,3.4317,3.4376,3.4246,3.434,958181.4,0.0036200138587130226,0.002923686790151054,0.0006963270685619687,66.25949521210093,53.268190483656646,92.24210466898948
2025-07-19 20:15:00,3.4341,3.4341,3.4192,3.4278,1664923.2,0.0033697935690497616,0.0030129081459307956,0.000356885423118966,65.2386721488355,57.25835103871626,81.19931436907397
2025-07-19 20:30:00,3.4278,3.4386,3.4272,3.4369,825530.3,0.003861275751575022,0.003182581667059641,0.0006786940845153809,74.78741212800061,63.10137140181104,98.15949358037976
2025-07-19 20:45:00,3.4369,3.4445,3.4161,3.4161,2130153.8,0.0025430777378661062,0.003054680881220934,-0.0005116031433548278,55.100609074453494,60.43445062602519,44.4329259713101
2025-07-19 21:00:00,3.4161,3.4237,3.3915,3.3956,3559839.2,-0.0001540070619094891,0.0024129432925948497,-0.0025669503545043388,39.312355735170115,53.39375232907349,11.14956254736336
2025-07-19 21:15:00,3.3956,3.4004,3.38,3.3974,2527134.7,-0.0021217628786929232,0.0015060020583372953,-0.0036277649370302185,35.200485218795706,47.3293299589809,10.942795738425318
2025-07-19 21:30:00,3.3973,3.3974,3.3845,3.3914,1128783.0,-0.004117904753623058,0.00038122069594522456,-0.004499125449568283,29.35846301408088,41.33904097734756,5.397307087547517
2025-07-19 21:45:00,3.3915,3.4072,3.3908,3.4038,776854.0,-0.004645732094338939,-0.0006241698621116082,-0.0040215622322273305,31.872050278121083,38.18337741093873,19.24939601248579
2025-07-19 22:00:00,3.4038,3.4112,3.3933,3.4112,855829.6,-0.004416015827443331,-0.0013825390551779528,-0.0030334767722653786,37.37206452649933,37.912939782792265,36.29031401391346
2025-07-19 22:15:00,3.4112,3.4171,3.4094,3.4148,748428.2,-0.003898534241386642,-0.0018857380924196907,-0.0020127961489669515,42.89920580836392,39.57502845798282,49.547560509126114
2025-07-19 22:30:00,3.4147,3.4265,3.4102,3.4265,737453.3,-0.002515338876340145,-0.0020116582492037817,-0.0005036806271363635,52.63047829084717,43.9268450689376,70.0377447346663
2025-07-19 22:45:00,3.4266,3.4279,3.4214,3.4215,599767.6,-0.001801834372371136,-0.0019696934738372526,0.00016785910146611656,56.53401395100403,48.129234696293075,73.34357246042593
2025-07-19 23:00:00,3.4215,3.4251,3.4137,3.4238,686019.7,-0.001038811363593517,-0.0017835170517885054,0.0007447056881949884,68.16950964861633,54.8093263470675,94.88987625171399
2025-07-19 23:15:00,3.4237,3.4254,3.415,3.4226,714153.3,-0.0005248895035703249,-0.0015317915421448694,0.0010069020385745444,75.09143371146443,61.57002880186648,102.13424353066033
2025-07-19 23:30:00,3.4227,3.433,3.421,3.431,658979.8,0.0005538229452066723,-0.001114668644674561,0.0016684915898812333,82.01971869424104,68.38659209932466,109.2859718840738
2025-07-19 23:45:00,3.4309,3.4329,3.4233,3.4244,531917.2,0.0008661609270665949,-0.0007185027303263299,0.0015846636573929249,81.22009682301695,72.66442700722209,98.33143645460666
2025-07-20 00:00:00,3.4243,3.4261,3.4072,3.4141,1386213.6,0.00027934697066545056,-0.0005189327901279737,0.0007982797607934243,71.61104691643617,72.31330031029346,70.20654012872157
2025-07-20 00:15:00,3.4141,3.4207,3.4101,3.4147,1367568.9,-0.00013572774697845347,-0.0004422917814980697,0.0003065640345196162,57.43062042491079,67.3524070151659,37.587047244400594
2025-07-20 00:30:00,3.4148,3.429,3.4131,3.4175,920599.6,-0.00023602015827206557,-0.0004010374568528689,0.0001650172985808033,51.5945738233256,62.09979595121913,30.58412956753854
2025-07-20 00:45:00,3.4175,3.4319,3.4157,3.4272,967955.5,0.00046188202841568327,-0.0002284535597991585,0.0006903355882148418,60.23617583053768,61.47858924432531,57.751349002962414
2025-07-20 01:00:00,3.4272,3.4436,3.4226,3.4392,2575303.2,0.0019606728353251945,0.00020937171922571216,0.0017513011160994823,69.46147985772113,64.13955278212391,80.10533400891555
2025-07-20 01:15:00,3.4393,3.4513,3.4352,3.4352,2747495.9,0.0027935069679716484,0.0007261987689748995,0.002067308198996749,67.47167440250203,65.25025998891662,71.91450322967285
2025-07-20 01:30:00,3.4352,3.4453,3.4328,3.4406,996412.5,0.003844946736080157,0.001349948362395951,0.002494998373684206,70.2267700854171,66.90909668775011,76.86211688075107
2025-07-20 01:45:00,3.4407,3.443,3.4208,3.4229,1219336.6,0.0032129414633885744,0.0017225469825944758,0.0014903944807940987,58.68481573343747,64.16766970297923,47.71910779435396
2025-07-20 02:00:00,3.4229,3.4242,3.4049,3.4102,2735527.6,0.0016680605065690912,0.001711649687389399,-4.3589180820307856e-05,42.930681753326205,57.08867371976155,14.614697820455504
2025-07-20 02:15:00,3.4103,3.4118,3.3923,3.3926,4870795.3,-0.0009653141519825326,0.0011762569195150128,-0.0021415710714975454,28.789946027641054,47.65576448905472,-8.94169089518627
2025-07-20 02:30:00,3.3925,3.402,3.386,3.3904,5043824.4,-0.0031929972701982834,0.00030240608157235365,-0.003495403351770637,21.439341251709646,38.916956743273026,-13.515889731417118
2025-07-20 02:45:00,3.3904,3.407,3.3856,3.4053,2776217.9,-0.0037133416246954987,-0.0005007434596812168,-0.003212598165014282,24.287820601088995,34.04057802921168,4.782305744843626
2025-07-20 03:00:00,3.4053,3.4141,3.4026,3.4135,1558676.1,-0.0034245704879092287,-0.0010855088653268193,-0.002339061622582409,30.34713154227849,32.80942920023395,25.42253622636757
2025-07-20 03:15:00,3.4135,3.4177,3.4095,3.4156,1913038.5,-0.0029917774834427036,-0.0014667625889499963,-0.0015250148944927072,35.452121180392645,33.69032652695352,38.97571048727089
2025-07-20 03:30:00,3.4157,3.44,3.4145,3.4293,4405268.9,-0.0015257228220124652,-0.0014785546355624902,-4.716818644997503e-05,48.034524114678256,38.47172572286177,67.16012089831123
2025-07-20 03:45:00,3.4292,3.439,3.4275,3.4345,2605592.7,5.509747195198145e-05,-0.001171824214059596,0.0012269216860115774,60.42022862000607,45.787893355243206,89.6848991495318
2025-07-20 04:00:00,3.4345,3.4438,3.4268,3.4317,3410039.1,0.0010696421755205243,-0.000723530936143572,0.0017931731116640963,66.68335974437987,52.75304881828876,94.5439815965621
2025-07-20 04:15:00,3.4316,3.4354,3.4226,3.4285,2079891.6,0.0015970530723277143,-0.00025941413444931466,0.001856467206777029,69.02601989831516,58.17737251163089,90.72331467168368
2025-07-20 04:30:00,3.4285,3.4367,3.4152,3.4171,2120286.7,0.0010826649935031796,9.001691141184205e-06,0.0010736633023619953,64.0585837122788,60.13777624518019,71.90019864647604
2025-07-20 04:45:00,3.4171,3.4238,3.412,3.4229,1792961.2,0.0011299943905087595,0.0002332002310146993,0.0008967941594940602,64.06883816786501,61.44813021940846,69.3102540647781
2025-07-20 05:00:00,3.423,3.4242,3.41,3.4144,1872472.3,0.00047613571989568726,0.0002817873287908969,0.00019434839110479038,52.25948434491977,58.38524826124556,40.007956512268194
2025-07-20 05:15:00,3.4144,3.4166,3.4064,3.4074,1586832.9,-0.0005999773208396064,0.00010543439886479623,-0.0007054117197044026,35.73092182709437,50.8338061165285,5.525153248226118
2025-07-20 05:30:00,3.4075,3.4114,3.4022,3.4109,1661665.0,-0.0011570462009511395,-0.00014706172109839094,-0.0010099844798527485,30.791768397549884,44.15312687686896,4.069051438911728
2025-07-20 05:45:00,3.4109,3.424,3.4104,3.4186,1956898.9,-0.0009660654523089285,-0.00031086246734049846,-0.0006552029849684301,33.66887123939225,40.65837499771006,19.68986372275664
2025-07-20 06:00:00,3.4186,3.4186,3.4052,3.4069,2488220.3,-0.0017387607010679318,-0.0005964421140859852,-0.0011423185869819466,26.211939800620254,35.84289659868013,6.950026204500503
2025-07-20 06:15:00,3.4069,3.4095,3.4023,3.4084,1486271.1,-0.002204675660054889,-0.000918088823279766,-0.0012865868367751229,23.464964697997818,31.71691929845269,6.961055497088076
2025-07-20 06:30:00,3.4085,3.4152,3.4071,3.4144,763046.0,-0.002065951760001461,-0.001147661410624105,-0.000918290349377356,27.430749412191783,30.288196003032386,21.715856230510575
2025-07-20 06:45:00,3.4144,3.4221,3.4141,3.4169,913395.7,-0.0017342911344893075,-0.0012649873553971455,-0.000469303779092162,40.5598935475219,33.71209518452889,54.25549027350792
2025-07-20 07:00:00,3.4168,3.44,3.4164,3.4318,2777090.3,-0.0002660750759315711,-0.0010652048995040307,0.0007991298235724596,53.14222180064068,40.18880405656615,79.04905728878974
2025-07-20 07:15:00,3.4318,3.4534,3.4318,3.4525,3506569.1,0.0025385508967388226,-0.00034445374025546,0.0028830046369942826,68.17554370042733,49.51771727118654,105.49119655890888
2025-07-20 07:30:00,3.4526,3.4584,3.4451,3.45,3526466.5,0.004507547873653817,0.0006259465825263954,0.003881601291127421,73.80148939459096,57.612307978988014,106.17985222579685
2025-07-20 07:45:00,3.4499,3.4541,3.431,3.4419,1669413.4,0.005352687409713841,0.0015712947479638848,0.0037813926617499562,72.73040469443312,62.65167355080305,92.88786698169328
2025-07-20 08:00:00,3.442,3.453,3.4419,3.4496,1717821.4,0.006568079497399459,0.0025706516978510003,0.003997427799548459,76.59151162635418,67.29828624265342,95.17796239375568
2025-07-20 08:15:00,3.4496,3.4614,3.4489,3.4576,2687342.5,0.008083636494903512,0.0036732486572615027,0.0044103878376420096,82.25108107295578,72.28255118608753,102.18814084669228
2025-07-20 08:30:00,3.4575,3.4694,3.4494,3.4688,3624442.0,0.01007236478075546,0.004953071881960295,0.005119292898795166,87.84636009465113,77.47048748894207,108.59810530606927
2025-07-20 08:45:00,3.4688,3.5,3.4645,3.4986,6048879.4,0.013892908426015982,0.006741039190771432,0.0071518692352445495,91.35430603128087,82.09842700305501,109.86606408773258
2025-07-20 09:00:00,3.4986,3.5352,3.4962,3.5114,15201246.4,0.01774897073012527,0.0089426254986422,0.008806345231483069,87.55831400963058,83.9183893385802,94.83816335173134
2025-07-20 09:15:00,3.5115,3.5186,3.4756,3.4817,5110194.2,0.018198603923030188,0.010793821183519797,0.007404782739510391,74.59101932055984,80.80926599924008,62.15452596319935
2025-07-20 09:30:00,3.4816,3.5014,3.4797,3.4995,3142117.9,0.019763432163362626,0.012587743379488363,0.007175688783874264,71.64033405759643,77.75295535202554,59.41509146873824
2025-07-20 09:45:00,3.4994,3.5107,3.4861,3.4879,3190710.1,0.019838856771448476,0.014037966057880387,0.0058008907135680896,65.96239800896694,73.822769571006,50.24165488488882
2025-07-20 10:00:00,3.488,3.5146,3.4856,3.4975,4192982.1,0.02043767825332221,0.015317908496968752,0.005119769756353459,63.83916923355924,70.49490279185709,50.52770211696355
2025-07-20 10:15:00,3.4974,3.5029,3.4887,3.5011,3050247.4,0.020961111855892334,0.016446549168753467,0.004514562687138866,62.72167095292516,67.90382551221312,52.357361834349234
2025-07-20 10:30:00,3.5012,3.5154,3.4986,3.5112,2465324.4,0.02193803434387842,0.01754484620377846,0.004393188140099962,65.82377131127414,67.21047411190013,63.05036571002219
2025-07-20 10:45:00,3.5112,3.5247,3.5061,3.5095,4039422.4,0.02231781083054729,0.018499439129132225,0.003818371701415066,65.09892156253729,66.50662326211251,62.283518163386844
2025-07-20 11:00:00,3.5094,3.5109,3.4904,3.4924,3709963.1,0.020996919920324153,0.01899893528737061,0.0019979846329535415,52.79525419605388,61.93616690675964,34.513428774642364
2025-07-20 11:15:00,3.4924,3.5059,3.4842,3.4951,3718754.2,0.01993813735624217,0.019186775701144923,0.0007513616550972463,48.43512533640509,57.435819716641454,30.43373657593237
2025-07-20 11:30:00,3.4952,3.5062,3.4895,3.5005,2570116.3,0.019312160847559934,0.019211852730427928,0.00010030811713200583,47.69749096501096,54.18971013276462,34.713052629503636
2025-07-20 11:45:00,3.5005,3.5127,3.4927,3.4987,2675611.0,0.018458052063292207,0.019061092597000784,-0.0006030405337085765,43.732483688608035,50.70396798471242,29.78951509639927
2025-07-20 12:00:00,3.4988,3.4988,3.4782,3.4892,2693493.4,0.016820695584868872,0.018613013194574403,-0.0017923176097055307,37.04029378523666,46.1494099182205,18.822061519269
2025-07-20 12:15:00,3.4892,3.5035,3.4835,3.4839,1716566.1,0.014923385573740955,0.017875087670407713,-0.0029517020966667584,28.77955069553415,40.359456843991715,5.61973839861902
2025-07-20 12:30:00,3.4839,3.4943,3.479,3.4854,1141822.4,0.013386480173868787,0.016977366171099927,-0.00359088599723114,24.3476574529365,35.02219038030665,2.9985915981961995
2025-07-20 12:45:00,3.4855,3.4962,3.4777,3.4903,1394280.0,0.012420682721844933,0.01606602948124893,-0.0036453467594039952,25.167941848056888,31.737440869556725,12.028943805057217
2025-07-20 13:00:00,3.4903,3.5108,3.4867,3.5083,2081045.9,0.012958355000494581,0.01544449458509806,-0.0024861395846034785,45.921485041561795,36.46545559355841,64.83354393756856
2025-07-20 13:15:00,3.5083,3.5163,3.4978,3.4979,2192743.6,0.012402305019374005,0.01483605667195325,-0.0024337516525792455,48.05819210024663,40.32970109578782,63.51517410916425
2025-07-20 13:30:00,3.4978,3.5216,3.497,3.52,2407872.1,0.013588279478389254,0.014586501233240451,-0.0009982217548511977,64.15724575855484,48.27221598337682,95.92730530891087
2025-07-20 13:45:00,3.5201,3.525,3.5094,3.5231,2438145.4,0.01460990300635423,0.014591181587863208,1.8721418491022407e-05,74.76585939929025,57.10343045534796,110.09071728717481
2025-07-20 14:00:00,3.523,3.525,3.4907,3.5039,4237485.1,0.013712201747564379,0.014415385619803442,-0.0007031838722390635,68.30761310199324,60.83815800422972,83.24652329752028
2025-07-20 14:15:00,3.5039,3.5282,3.4969,3.514,4014411.5,0.01365830814882596,0.014263970125607945,-0.0006056619767819856,69.49880477426598,63.725040260908465,81.046333800981
2025-07-20 14:30:00,3.5139,3.5466,3.5122,3.5375,7165900.8,0.015335077458659363,0.01447819159221823,0.0008568858664411323,75.26335412624017,67.5711448826857,90.6477726133491
2025-07-20 14:45:00,3.5376,3.5439,3.5262,3.5385,3673657.7,0.01655379896968423,0.014893313067711432,0.0016604859019727983,79.59017996417937,71.57748990985026,95.61556007283761
2025-07-20 15:00:00,3.5386,3.5403,3.5261,3.5288,2531908.1,0.016546201304877606,0.015223890715144666,0.0013223105897329397,76.48805542408832,73.21434508126295,83.03547610973905
2025-07-20 15:15:00,3.5288,3.5346,3.5106,3.5195,3657528.4,0.015609807677979148,0.015301074107711563,0.00030873357026758516,68.16556109966042,71.53141708739544,61.4338491241904
2025-07-20 15:30:00,3.5196,3.5251,3.5134,3.5219,2077415.8,0.014889729392768558,0.015218805164722963,-0.00032907577195440477,64.04835856256429,69.03706424578506,54.070947196122745
2025-07-20 15:45:00,3.5219,3.5323,3.5166,3.5183,1778747.1,0.013868702481076856,0.014948784627993742,-0.0010800821469168862,59.156866352383304,65.74366494798447,45.98326916118097
2025-07-20 16:00:00,3.5182,3.535,3.5138,3.5251,3935947.8,0.013453154872416384,0.01464965867687827,-0.0011965038044618858,59.950731414409404,63.812687103459446,52.22682003630932
2025-07-20 16:15:00,3.5252,3.53,3.501,3.518,4024099.3,0.012407889311529363,0.01420130480380849,-0.0017934154922791268,54.118730399679805,60.58136820219956,41.19345479464029
2025-07-20 16:30:00,3.518,3.5367,3.515,3.5328,2945772.3,0.012628175389905572,0.013886678921027908,-0.0012585035311223364,59.32476763487413,60.16250134642442,57.64930021177355
2025-07-20 16:45:00,3.5329,3.5358,3.5118,3.5164,2732941.9,0.011348591258833807,0.013379061388589089,-0.0020304701297552824,51.51565705572813,57.28021991619232,39.986531334799736
2025-07-20 17:00:00,3.5164,3.5164,3.483,3.5017,5091963.0,0.009044089831255597,0.012512067077122392,-0.0034679772458667945,45.22218905518585,53.26087629585683,29.144814573843888
2025-07-20 17:15:00,3.5018,3.5119,3.49,3.5091,1638071.5,0.007725815609292752,0.011554816783556465,-0.003829001174263713,46.3492433552263,50.95699864897998,37.13373276771894
2025-07-20 17:30:00,3.5091,3.5248,3.5028,3.5106,2963111.0,0.006724594317335075,0.010588772290312187,-0.003864177972977112,48.03171158504846,49.98190296100281,44.13132883313976
2025-07-20 17:45:00,3.5106,3.5152,3.4938,3.4998,2161629.9,0.00500198966617349,0.009471415765484449,-0.004469426099310959,42.44944645707135,47.47108412635899,32.406171118496076
2025-07-20 18:00:00,3.4999,3.5196,3.4956,3.5082,2485310.7,0.00426545337633355,0.008430223287654269,-0.004164769911320719,43.94208907193947,46.29475244155248,39.23676233271344
2025-07-20 18:15:00,3.5081,3.5248,3.4987,3.5215,2446497.7,0.004700754535274854,0.007684329537178386,-0.0029835750019035325,53.19292592381311,48.59414360230602,62.39049056682728
2025-07-20 18:30:00,3.5216,3.5272,3.5077,3.5142,2912785.0,0.004405896417234434,0.007028642913189596,-0.002622746495955162,54.8288035022814,50.67236356896448,63.14168336891525
2025-07-20 18:45:00,3.5143,3.5349,3.5143,3.5343,2560536.4,0.005728091379826772,0.006768532606517032,-0.00104044122669026,68.9388993045512,56.76120881416006,93.29428028533349
2025-07-20 19:00:00,3.5343,3.5526,3.5335,3.5474,5235287.6,0.0077437359644241255,0.00696357327809845,0.0007801626863256752,76.80217808042882,63.4415319029163,103.52347043545386
2025-07-20 19:15:00,3.5474,3.556,3.5313,3.5515,2668485.6,0.009561762508317528,0.007483211124142267,0.0020785513841752616,82.26205811422518,69.71504064001927,107.35609306263703
2025-07-20 19:30:00,3.5516,3.5579,3.5337,3.5337,2734703.7,0.009457233304720258,0.007878015560257867,0.0015792177444623919,75.5902020293483,71.67342776979562,83.42375054845368
2025-07-20 19:45:00,3.5338,3.545,3.5206,3.5234,1674206.7,0.008445910044867944,0.007991594457179882,0.0004543155876880617,65.7860837241938,69.71097975459502,57.93629166339136
2025-07-20 20:00:00,3.5235,3.5258,3.4906,3.504,5824294.8,0.00600973472680888,0.0075952225111056825,-0.0015854877842968029,50.49433813410834,63.305432547766124,24.872149306792764
2025-07-20 20:15:00,3.5041,3.5132,3.5016,3.5071,1313718.7,0.004279856802667847,0.006932149369418116,-0.0026522925667502688,41.83525464512609,56.14870658021945,13.208350774939376
2025-07-20 20:30:00,3.507,3.5175,3.505,3.5139,1318990.4,0.0034182161862874594,0.006229362732791985,-0.0028111465465045253,39.430536281495606,50.5759831473115,17.139642549863822
2025-07-20 20:45:00,3.5138,3.5255,3.5025,3.5088,1234163.0,0.002297349991843056,0.005442960184602199,-0.003145610192759143,35.30138773397369,45.48445134286556,14.935260516189956
2025-07-20 21:00:00,3.5087,3.5135,3.4842,3.4952,3503100.3,0.0003080975603917402,0.004415987659760107,-0.004107890099368367,28.50938286742529,39.82609518438547,5.875958233504932
2025-07-20 21:15:00,3.4951,3.505,3.4872,3.5041,1273013.0,-0.0005439731202083742,0.0034239955037664114,-0.003967968623974786,28.006707528984666,35.88629929925187,12.247523988450268
2025-07-20 21:30:00,3.5042,3.5077,3.4884,3.4966,1617924.0,-0.0018036413386819383,0.0023784681352767415,-0.004182109473958679,24.279460378888896,32.01735299246421,8.803675151738261
2025-07-20 21:45:00,3.4965,3.5071,3.4965,3.5052,802222.8,-0.0020839666797805023,0.0014859811722652927,-0.003569947852045795,27.69946481399606,30.578056932974828,21.94228057603852
2025-07-20 22:00:00,3.5051,3.5078,3.4365,3.4498,8698583.4,-0.006699219107367149,-0.0001510588836611958,-0.006548160223705954,23.43084888308962,28.19565424967976,13.90123814990934
2025-07-20 22:15:00,3.4497,3.4575,3.4038,3.4484,11787492.8,-0.010350494153398504,-0.0021909459376086575,-0.008159548215789847,27.836397201161343,28.07590190017362,27.35738780313679
2025-07-20 22:30:00,3.4484,3.4661,3.4334,3.4646,3036874.8,-0.011800917689138934,-0.004112940287914714,-0.007687977401224221,35.210569922658614,30.45412457433528,44.723460619305285
2025-07-20 22:45:00,3.4645,3.4676,3.4469,3.4548,2435614.9,-0.013584572394472527,-0.0060072667092262765,-0.007577305685246251,37.4424889596689,32.78357936944649,46.76030814011371
2025-07-20 23:00:00,3.4547,3.455,3.4308,3.4429,2618757.8,-0.015776500469654398,-0.0079611134613119,-0.007815387008342497,36.84254657475339,34.136568437882126,42.25450284849593
2025-07-20 23:15:00,3.4429,3.4565,3.4397,3.4458,1637784.4,-0.017082694825199418,-0.009785429734089404,-0.007297265091110014,38.0232361780408,35.43212435126835,43.205459831585685
2025-07-20 23:30:00,3.4458,3.4633,3.4361,3.4567,1557978.0,-0.017041876216863816,-0.011236719030644287,-0.005805157186219529,42.30395232382211,37.722733675452936,51.46638962056046
2025-07-20 23:45:00,3.4566,3.4645,3.4501,3.454,953075.6,-0.0170310710255257,-0.01239558942962057,-0.004635481595905131,44.29237847229172,39.9126152743992,53.051904868076775
2025-07-21 00:00:00,3.4541,3.458,3.4215,3.4221,3441574.5,-0.019373248485012873,-0.013791121240699032,-0.005582127244313841,35.393636930245755,38.406289159681386,29.3683324713745
2025-07-21 00:15:00,3.4221,3.44,3.4076,3.4324,3730849.4,-0.020165857622957972,-0.01506606851715082,-0.005099789105807152,38.538286689129315,38.45028833616403,38.714283395059894
2025-07-21 00:30:00,3.4323,3.448,3.4231,3.4327,2274083.9,-0.020533105721086464,-0.01615947595793795,-0.0043736297631485135,39.63663557053071,38.845737414286255,41.21843188301962
2025-07-21 00:45:00,3.4326,3.4509,3.4263,3.4509,2094718.3,-0.019134988353852744,-0.016754578437120908,-0.0023804099167318363,50.47997926924262,42.72381803260504,65.99230174251778
2025-07-21 01:00:00,3.4509,3.4615,3.443,3.4439,2726108.0,-0.018379939267229695,-0.017079650603142666,-0.0013002886640870286,54.918697368716,46.7887778113087,71.1785364835306
2025-07-21 01:15:00,3.4439,3.449,3.4295,3.4365,1708710.1,-0.018169231985491585,-0.017297566879612453,-0.0008716651058791325,53.54275196578727,49.04010252946822,62.54805083842537
2025-07-21 01:30:00,3.4366,3.4495,3.4254,3.448,1815048.3,-0.016879712240704947,-0.01721399595183095,0.000334283711126003,59.36242046693953,52.48087517529199,73.1255110502346
2025-07-21 01:45:00,3.4479,3.4768,3.4447,3.4646,3898483.6,-0.014352826831077525,-0.016641762127680267,0.0022889352966027413,67.03159437680362,57.331114909129205,86.43255331215245
2025-07-21 02:00:00,3.4646,3.487,3.4646,3.4811,3256295.0,-0.010893269010645135,-0.015492063504273242,0.004598794493628107,75.54415275833928,63.40212752553256,99.8282032239527
2025-07-21 02:15:00,3.4811,3.4842,3.4712,3.4756,2299514.1,-0.008497395857763212,-0.014093129974971237,0.005595734117208024,78.91020763234371,68.57148756113628,99.58764777475858
2025-07-21 02:30:00,3.4756,3.4834,3.4677,3.4747,1656798.6,-0.006595245713964193,-0.01259355312276983,0.0059983074088056365,79.52386299120246,72.22227937115834,94.12703023129072
2025-07-21 02:45:00,3.4746,3.4845,3.4701,3.4845,1686897.4,-0.00424803126268003,-0.01092444875075187,0.00667641748807184,84.99642814132116,76.4803289612126,102.02862650153827
2025-07-21 03:00:00,3.4845,3.4897,3.4738,3.4768,2099017.4,-0.002974879983039802,-0.009334534997209458,0.0063596550141696555,83.31021596150282,78.75695796130934,92.41673196188978
2025-07-21 03:15:00,3.4769,3.486,3.4761,3.4857,1260389.2,-0.0012335235105802589,-0.007714332699883618,0.006480809189303359,86.79986403654361,81.43792665305409,97.52373880352263
2025-07-21 03:30:00,3.4857,3.4882,3.4802,3.4816,1708570.4,-0.0001822211630910786,-0.00620791039252511,0.0060256892294340315,87.00084248366765,83.29223192992528,94.41806359115239
2025-07-21 03:45:00,3.4816,3.4836,3.476,3.4785,1678342.0,0.00039623191443549644,-0.004887081931132989,0.0052833138455684854,83.03759869281538,83.20735418422198,82.69808771000217
2025-07-21 04:00:00,3.4784,3.4791,3.4716,3.475,1572394.8,0.0005657181499398867,-0.0037965219149184142,0.004362240064858301,69.16982011127949,78.52817615990783,50.45310801402283
2025-07-21 04:15:00,3.475,3.504,3.4737,3.5008,2554674.8,0.0027501792387263357,-0.0024871816841894644,0.0052373609229158,76.50807107510452,77.85480779830674,73.81459762870011
2025-07-21 04:30:00,3.5009,3.5062,3.4951,3.501,2050422.9,0.004446264943744005,-0.0011004923586027707,0.0055467573023467755,79.83654954790495,78.51538838150614,82.47887188070257
2025-07-21 04:45:00,3.5011,3.5077,3.4989,3.5044,1712838.0,0.00599566240558147,0.00031873859423407736,0.0056769238113473924,83.6321677837098,80.22098151557402,90.45454031998136
2025-07-21 05:00:00,3.5045,3.5051,3.4942,3.4988,1659731.8,0.00669452751208599,0.00159389637780446,0.00510063113428153,80.87019865174399,80.43738722763068,81.73582149997063
2025-07-21 05:15:00,3.4987,3.4997,3.488,3.4926,1238796.5,0.006671193592543201,0.0026093558207522082,0.004061837771790993,73.30404748528088,78.05960731351408,63.79292782881447
2025-07-21 05:30:00,3.4926,3.5025,3.4902,3.5018,663721.7,0.00731079016734526,0.0035496426900708186,0.0037611474772744416,76.75486822195082,77.62469428299299,75.01521609986648
2025-07-21 05:45:00,3.5019,3.5115,3.4964,3.5114,1306745.3,0.008494396712647845,0.004538593494586224,0.003955803218061621,84.41970329249538,79.88969728616046,93.47971530516523
2025-07-21 06:00:00,3.5114,3.526,3.5101,3.5232,3880238.8,0.010266232077626558,0.0056841212111942915,0.0045821108664322666,87.89744925382064,82.55894794204718,98.57445187736755
2025-07-21 06:15:00,3.5232,3.5694,3.5231,3.5693,10944890.9,0.01521492095813537,0.007590281160582507,0.007624639797552862,91.89680176656668,85.67156588355368,104.34727353259268
2025-07-21 06:30:00,3.5693,3.5693,3.541,3.5446,4973602.1,0.01694833907297122,0.00946189274306025,0.007486446329910969,84.44225768876765,85.26179648529167,82.80318009571963
2025-07-21 06:45:00,3.5447,3.5644,3.5411,3.5593,3457570.2,0.01928593629601405,0.01142670145365101,0.00785923484236304,85.49221765655763,85.33860354238033,85.79944588491225
2025-07-21 07:00:00,3.5593,3.564,3.55,3.56,4531907.0,0.020953444817816802,0.013332050126484168,0.007621394691332634,86.47884125506796,85.71868277994287,87.99915820531817
2025-07-21 07:15:00,3.5599,3.575,3.555,3.5678,2651879.2,0.02264333388968165,0.015194306879123664,0.0074490270105579855,88.22727348039011,86.55487968009196,91.5720610809864
2025-07-21 07:30:00,3.5678,3.5809,3.5573,3.5655,2788259.9,0.023525801579721506,0.016860605819243233,0.006665195760478273,86.49183171386534,86.53386369134974,86.40776775889654
2025-07-21 07:45:00,3.5655,3.5784,3.564,3.5663,2100288.0,0.02401291100548253,0.018291066856491095,0.005721844148991434,85.23518563961825,86.10097100743924,83.50361490397628
2025-07-21 08:00:00,3.5664,3.5723,3.5588,3.5647,2241892.6,0.023993262709363528,0.019431506027065584,0.004561756682297944,82.5296717823444,84.91053793240762,77.76793948221794
2025-07-21 08:15:00,3.5648,3.5793,3.5645,3.5775,1850369.3,0.024725523870987143,0.020490309595849895,0.004235214275137247,86.3923302078374,85.40446869088423,88.36805324174375
2025-07-21 08:30:00,3.5775,3.5797,3.5636,3.5703,1357463.2,0.024443101432134462,0.021280867963106808,0.003162233469027654,82.07274812519144,84.29389516898664,77.63045403760106
2025-07-21 08:45:00,3.5703,3.5724,3.5502,3.5581,2616665.0,0.02297005705488875,0.021618705781463198,0.0013513512734255502,68.95302136319286,79.18027056705539,48.49852295546779
2025-07-21 09:00:00,3.5582,3.576,3.5581,3.5634,1822160.0,0.02197698744815968,0.0216903621148025,0.0002866253333571808,60.423912839755474,72.92815132462208,35.415435870022264
2025-07-21 09:15:00,3.5635,3.5648,3.5209,3.5441,4371171.8,0.01940889032097104,0.021234067756036208,-0.0018251774350651687,53.17149744872567,66.3426000326566,26.829292280863797
2025-07-21 09:30:00,3.5441,3.5503,3.5282,3.537,1991051.0,0.016609282710541518,0.02030911074693727,-0.0036998280363957532,44.39210941026142,59.02576982519154,15.124788580401187
2025-07-21 09:45:00,3.537,3.5508,3.5311,3.5457,1629806.1,0.014920595463503439,0.019231407690250505,-0.004310812226747066,43.65369652294074,53.90174539110794,23.157598786606343
2025-07-21 10:00:00,3.5457,3.55,3.5369,3.549,1629166.2,0.01369076248689538,0.01812327864957948,-0.0044325161626841,45.03216956404662,50.94522011542083,33.20606846129819
2025-07-21 10:15:00,3.549,3.55,3.53,3.5317,1611470.2,0.011191141066625221,0.016736851132988628,-0.005545710066363407,36.14389535562277,46.01144519548814,16.408795675892023
2025-07-21 10:30:00,3.5317,3.537,3.5271,3.5353,1651490.3,0.009392393332035898,0.015267959572798081,-0.005875566240762183,32.259195543204186,41.427361978060155,13.922862673492247
2025-07-21 10:45:00,3.5353,3.5535,3.5348,3.5521,1839623.1,0.00921625316012653,0.014057618290263772,-0.0048413651301372415,40.38090350188187,41.07854248600072,38.98562553364415
2025-07-21 11:00:00,3.552,3.5586,3.5451,3.5542,2086958.6,0.009140744442418303,0.013074243520694678,-0.003933499078276375,47.06579289720116,43.07429262306753,55.048793445468434
2025-07-21 11:15:00,3.5542,3.5586,3.5451,3.5508,1434919.1,0.008706192091593401,0.012200633234874424,-0.0034944411432810234,54.08030840071584,46.742964548950305,68.75499610424693
2025-07-21 11:30:00,3.5508,3.5556,3.5369,3.537,1830397.8,0.007165660282923536,0.011193638644484248,-0.004027978361560712,46.52972941000096,46.67188616930053,46.245415891401834
2025-07-21 11:45:00,3.5369,3.5453,3.5323,3.5329,1743698.0,0.005549965443846894,0.010064904004356778,-0.004514938560509885,37.15738574423365,43.50038602761157,24.471385177477813
2025-07-21 12:00:00,3.5329,3.5347,3.4996,3.5201,6598320.3,0.0031997775734158296,0.008691878718168589,-0.005492101144752759,36.35351140011039,41.11809448511118,26.82434523010882
2025-07-21 12:15:00,3.5202,3.5382,3.5199,3.5371,1650959.8,0.002678122944748118,0.007489127563484495,-0.004811004618736377,45.42211494470636,42.55276797164291,51.160808890833266
2025-07-21 12:30:00,3.5371,3.5403,3.5255,3.5364,2021804.4,0.0021830588004103646,0.0064279138108696695,-0.004244855010459305,51.07237041511488,45.39263545280023,62.4318403397442
2025-07-21 12:45:00,3.5363,3.5483,3.5341,3.5378,1175179.6,0.0018819907807672287,0.005518729204849182,-0.003636738424081953,55.630167847364554,48.80514625098834,69.28021104011698
2025-07-21 13:00:00,3.5378,3.5429,3.5158,3.5293,2676013.3,0.0009466014117514021,0.004604303646229626,-0.003657702234478224,53.866439581858835,50.49224402794517,60.61483068968617
2025-07-21 13:15:00,3.5294,3.5414,3.5201,3.5255,1631492.3,-0.0001001748906030997,0.003663407938863081,-0.0037635828294661808,50.543728082821126,50.50940537957049,50.612373489322394
2025-07-21 13:30:00,3.5256,3.5579,3.5241,3.5561,2912997.3,0.001521868461006104,0.003235100043291686,-0.0017132315822855821,65.99999253548839,55.672934431543126,86.65410874337891
2025-07-21 13:45:00,3.556,3.5745,3.556,3.574,4452595.1,0.004203277144335438,0.003428735463500437,0.0007745416808350009,77.11080944288449,62.818892768656916,105.69464279133963
2025-07-21 14:00:00,3.574,3.615,3.573,3.5987,11517315.1,0.008226565689457566,0.004388301508691863,0.003838264180765703,80.03227850785015,68.55668801505466,102.98345949344113
2025-07-21 14:15:00,3.5987,3.6275,3.591,3.6261,6232195.1,0.013470719783904794,0.00620478516373445,0.007265934620170345,86.27039993629883,74.4612586554694,109.88868249795772
2025-07-21 14:30:00,3.6261,3.6288,3.6049,3.6149,5347673.0,0.016532427752102397,0.008270313681408039,0.008262114070694358,86.74663830561514,78.55638520551797,103.12714450580947
2025-07-21 14:45:00,3.6148,3.6495,3.6146,3.64,6036275.9,0.020745077268472745,0.01076526639882098,0.009979810869651764,88.79593887539636,81.9695697621441,102.44867710190087
2025-07-21 15:00:00,3.6399,3.6487,3.6116,3.6217,5535008.8,0.022349345952028088,0.013082082309462402,0.009267263642565686,85.59968600169778,83.179608508662,90.43984098776934
2025-07-21 15:15:00,3.6217,3.6433,3.6202,3.6307,3552153.1,0.02406950693256782,0.015279567234083486,0.008789939698484333,85.5569261649649,83.97204772742964,88.72668304003543
2025-07-21 15:30:00,3.6306,3.6329,3.6056,3.6237,4151090.7,0.02458451047079624,0.017140555881426038,0.007443954589370201,83.51322988350127,83.81910844612018,82.90147275826345
2025-07-21 15:45:00,3.6237,3.6294,3.6003,3.604,2741876.6,0.023136327938402257,0.018339710292821283,0.004796617645580974,72.78778605424148,80.14200098216061,58.07935619840322
2025-07-21 16:00:00,3.604,3.6208,3.5801,3.5928,4988712.4,0.020844602843923532,0.01884068880304173,0.0020039140408818004,57.1526416832198,72.47888121584701,26.500162617965373
2025-07-21 16:15:00,3.5927,3.5966,3.5419,3.5765,8125383.8,0.017511261498176722,0.018574803342068732,-0.0010635418438920095,48.820472398478536,64.59274494339085,17.275927308653905
2025-07-21 16:30:00,3.5766,3.5921,3.5648,3.5856,3065314.0,0.01542603666605924,0.017945050006866834,-0.0025190133408075945,46.084775898861714,58.42342192854781,21.407483839489515
2025-07-21 16:45:00,3.5857,3.5981,3.568,3.5912,3261091.0,0.014063241864074705,0.017168688378308407,-0.003105446514233702,45.9957985546315,54.28088080390904,29.425634056076404
2025-07-21 17:00:00,3.5911,3.6239,3.5873,3.6147,3585625.0,0.014709904148969333,0.016676931532440594,-0.0019670273834712614,53.385463705584584,53.98240843780089,52.19157424115197
2025-07-21 17:15:00,3.6147,3.6166,3.5901,3.5909,1750393.2,0.013150338655379734,0.01597161295702842,-0.0028212743016486873,51.69813293718787,53.220983270929885,48.65243226970385
2025-07-21 17:30:00,3.5908,3.6095,3.58,3.5839,1667676.3,0.011220190890825599,0.015021328543787857,-0.0038011376529622585,49.8500373427406,52.09733462820012,45.35544277182156
2025-07-21 17:45:00,3.5838,3.6092,3.5725,3.603,1904012.3,0.011103748159156712,0.014237812466861628,-0.003134064307704916,56.5095487046843,53.56807265369485,62.39250080666319
2025-07-21 18:00:00,3.6031,3.6161,3.6027,3.613,1773327.2,0.011683700455892954,0.013726990064667894,-0.0020432896087749404,66.57547149417981,57.90387226718983,83.91866994815977
2025-07-21 18:15:00,3.6129,3.62,3.5999,3.6006,2250861.9,0.011015757663240144,0.013184743584382345,-0.0021689859211422007,68.24543628067275,61.35106027168414,82.03418829864997
2025-07-21 18:30:00,3.6006,3.6028,3.5694,3.5754,3341362.5,0.008356648550326806,0.012219124577571239,-0.0038624760272444325,51.47552492033579,58.05921515456802,38.30814445187133
2025-07-21 18:45:00,3.5754,3.5781,3.5492,3.5531,4768702.5,0.0043991511137102535,0.010655129884799042,-0.006255978771088789,36.05731112493615,50.725247144690734,6.721439085426979
2025-07-21 19:00:00,3.5531,3.5806,3.55,3.5799,2626180.0,0.0033863066706207867,0.009201365241963392,-0.005815058571342605,37.737448826708864,46.39598103869678,20.420384402733035
2025-07-21 19:15:00,3.5799,3.5831,3.546,3.5483,2002859.8,3.337946682613335e-05,0.0073677680869359405,-0.007334388620109807,26.194335253841928,39.66209911041183,-0.7411924592978778
2025-07-21 19:30:00,3.5483,3.5533,3.529,3.5391,4374944.1,-0.0033278413277924024,0.005228646203990272,-0.008556487531782675,21.162523868861644,33.4955740298951,-3.5035764532052696
2025-07-21 19:45:00,3.5391,3.5476,3.527,3.5465,2222104.4,-0.005333038915281918,0.0031163091801358345,-0.008449348095417752,21.097596557735667,29.362914872508625,4.566959928189746
2025-07-21 20:00:00,3.5465,3.5541,3.5337,3.5492,2236962.8,-0.006627902678525643,0.001167466808403539,-0.007795369486929183,22.02205361913553,26.91596112138426,12.234238614638066
2025-07-21 20:15:00,3.5493,3.5544,3.5392,3.5484,2232812.9,-0.0076306830892884925,-0.0005921631711348673,-0.007038519918153625,22.351619975480986,25.394514072749832,16.265831780943294
2025-07-21 20:30:00,3.5484,3.5596,3.5365,3.5443,1909759.6,-0.008656443432885741,-0.002205019223485042,-0.006451424209400699,22.508819649441033,24.432615931646897,18.661227085029303
2025-07-21 20:45:00,3.5443,3.5548,3.5214,3.5223,1691286.8,-0.011116438648719473,-0.0039873031085319284,-0.007129135540187545,15.492103429179016,21.452445097490937,3.5714200925551722
2025-07-21 21:00:00,3.5222,3.5397,3.5117,3.5252,3362839.5,-0.01268576323492887,-0.005726995133811317,-0.006958768101117553,16.63058996118939,19.845160052057086,10.201449779454002
2025-07-21 21:15:00,3.5251,3.5439,3.5251,3.5419,1313893.2,-0.012438530210051368,-0.007069302149059328,-0.005369228060992041,25.186032896628674,21.62545100024762,32.307196689390786
2025-07-21 21:30:00,3.5419,3.5563,3.5319,3.5551,1109559.1,-0.011050088037169115,-0.007865459326681286,-0.0031846287104878284,46.99249792273495,30.081133307743396,80.81522715271805
2025-07-21 21:45:00,3.555,3.5551,3.542,3.5516,833368.8,-0.010115552567962816,-0.008315477974937592,-0.0018000745930252231,59.094511489199796,39.75225936822886,97.77901573114167
2025-07-21 22:00:00,3.5516,3.5622,3.5498,3.5615,1471937.9,-0.008478346116956192,-0.008348051603341313,-0.00013029451361487934,72.26762812151293,50.590715619323554,115.62145312589168
2025-07-21 22:15:00,3.5615,3.5665,3.5522,3.5664,787747.3,-0.006708131990190047,-0.008020067680711061,0.0013119356905210138,81.45092483040021,60.87745202301577,122.59787044516911
2025-07-21 22:30:00,3.5665,3.575,3.5665,3.5739,1446062.2,-0.004646475543406137,-0.0073453492532500764,0.0026988737098439398,87.05469764891342,69.60320056498165,121.95769181677696
2025-07-21 22:45:00,3.5739,3.574,3.5626,3.5658,787538.4,-0.003624420201413514,-0.0066011634428827645,0.0029767432414692504,86.52514335098691,75.24384816031674,109.08773373232722
2025-07-21 23:00:00,3.5657,3.5673,3.5526,3.5532,1135526.6,-0.0037874888627991155,-0.006038428526866035,0.00225093966406692,79.53703606232189,76.67491079431846,85.26128659832875
2025-07-21 23:15:00,3.5531,3.5541,3.5427,3.5518,857505.7,-0.0039837678554772715,-0.005627496392588283,0.0016437285371110116,70.86036205089991,74.73672787984562,63.10763039300849
2025-07-21 23:30:00,3.5519,3.5598,3.5449,3.5452,679426.7,-0.004618644355661061,-0.005425725985202839,0.0008070816295417775,57.52639759309799,68.99995111759641,34.579290544101156
2025-07-21 23:45:00,3.5451,3.5613,3.5445,3.5495,801188.9,-0.004720400652321377,-0.005284660918626546,0.0005642602663051693,45.92668930448977,61.30886384656086,15.162340220347588
2025-07-22 00:00:00,3.5494,3.5575,3.5367,3.5549,1674412.1,-0.004315561276173607,-0.005090840990135959,0.0007752797139623513,46.45765361813659,56.3584604370861,26.656039980237566
2025-07-22 00:15:00,3.5548,3.5712,3.5542,3.5661,1863266.4,-0.003055751949834651,-0.004683823182075697,0.0016280712322410459,56.55923644168189,56.42538577195137,56.82693778114293
2025-07-22 00:30:00,3.5662,3.5662,3.5308,3.5369,2858966.8,-0.004363243196151778,-0.004619707184890913,0.000256463988739135,42.30645928691311,51.71907694360528,23.48122397352877
2025-07-22 00:45:00,3.537,3.5545,3.525,3.5299,1873888.3,-0.005896311913965668,-0.0048750281307058645,-0.0010212837832598038,31.53763952460883,44.99193113727313,4.629056299280236
2025-07-22 01:00:00,3.5299,3.5324,3.496,3.4985,6253693.6,-0.00953508299585426,-0.0058070391037355435,-0.003728043892118717,22.133249044774658,37.37237043977364,-8.344993745223306
2025-07-22 01:15:00,3.4985,3.5201,3.4618,3.5167,10086688.0,-0.010825458253791442,-0.006810722933746723,-0.004014735320044719,31.48310448201308,35.409281787186785,23.63074987166567
2025-07-22 01:30:00,3.5167,3.5499,3.5111,3.5396,3883099.4,-0.009886288347573657,-0.00742583601651211,-0.0024604523310615472,44.69379421287158,38.50411926241505,57.073144113784636
2025-07-22 01:45:00,3.5395,3.5608,3.5344,3.5494,2973614.4,-0.008256040833042988,-0.007591876979818286,-0.0006641638532247016,56.486904856112965,44.49838112698102,80.46395231437684
2025-07-22 02:00:00,3.5495,3.558,3.5315,3.5409,2594615.2,-0.007562758126980373,-0.007586053209250704,2.329508227033074e-05,61.75909440133307,50.25195221843171,84.7733787671358
2025-07-22 02:15:00,3.5409,3.5744,3.5312,3.5613,4849437.5,-0.005306052210526602,-0.007130053009505884,0.0018240007989792821,70.62802859437608,57.04397767707983,97.79613042896857
2025-07-22 02:30:00,3.5613,3.5692,3.5379,3.5422,2692178.5,-0.00500115666674672,-0.006704273740954052,0.0017031170742073318,70.88641811561125,61.65812448992364,89.34300536698646
2025-07-22 02:45:00,3.5422,3.5442,3.5067,3.5162,3704203.4,-0.0067793592274121295,-0.0067192908382456675,-6.0068389166462004e-05,63.361815747885295,62.226021575910856,65.63340409183418
2025-07-22 03:00:00,3.5162,3.5187,3.5004,3.5074,3016114.1,-0.008797274518788978,-0.00713488757435433,-0.0016623869444346477,55.740322399123066,60.064121850314926,47.09272349673934
2025-07-22 03:15:00,3.5073,3.5087,3.4835,3.502,4421095.3,-0.010708777672787662,-0.007849665594040996,-0.002859112078746666,49.06074779242891,56.39633049768626,34.389582381914224
2025-07-22 03:30:00,3.5021,3.5106,3.4732,3.484,4176600.4,-0.013520254187484149,-0.008983783312729627,-0.004536470874754521,36.26447744791708,49.68571281442987,9.42200671489151
2025-07-22 03:45:00,3.4839,3.5025,3.4754,3.5007,2909735.6,-0.014236707249568603,-0.010034368100097422,-0.004202339149471181,33.23428931310425,44.20190498065466,11.299057978003418
2025-07-22 04:00:00,3.5006,3.5034,3.484,3.4873,2673935.1,-0.015704735064596687,-0.011168441492997274,-0.004536293571599412,26.800461650106396,38.40142387047191,3.5985372093753654
2025-07-22 04:15:00,3.4873,3.4917,3.4642,3.4762,4412799.2,-0.017561398052842403,-0.0124470328049663,-0.0051143652478761025,21.496738498740026,32.766528746561285,-1.0428419969024958
2025-07-22 04:30:00,3.4762,3.494,3.466,3.4688,4170521.0,-0.019406232040182658,-0.013838872652009572,-0.005567359388173087,15.791476459477458,27.10817798420001,-6.841926589967649
2025-07-22 04:45:00,3.4687,3.4763,3.4218,3.4229,10834964.5,-0.024291999613851534,-0.015929498044377967,-0.008362501569473567,10.827215243137383,21.681190403845804,-10.880735078279457
2025-07-22 05:00:00,3.4229,3.4743,3.4222,3.4682,5178410.1,-0.024229373073405558,-0.017589473050183484,-0.006639900023222074,23.179615803646417,22.180665537112674,25.177516336713907
2025-07-22 05:15:00,3.4681,3.4857,3.4647,3.4674,2557178.9,-0.02396800614771788,-0.018865179669690365,-0.005102826478027515,32.570194319548015,25.643841797924456,46.42289936279513
2025-07-22 05:30:00,3.4674,3.4759,3.4532,3.4574,2594658.3,-0.024287812617362015,-0.019949706259224695,-0.00433810635813732,35.0768262430619,28.7881699463036,47.654138836578504
2025-07-22 05:45:00,3.4573,3.4681,3.4455,3.4601,2423344.1,-0.024046204436970697,-0.020769005894773897,-0.0032771985421968,39.02997566530926,32.20210518597215,52.68571662398348
2025-07-22 06:00:00,3.4601,3.4792,3.4495,3.4768,1959600.8,-0.02225068572655653,-0.021065341861130425,-0.0011853438654261042,48.48730403831066,37.63050480341832,70.20090250809534
2025-07-22 06:15:00,3.4767,3.4836,3.4646,3.4707,2672006.2,-0.02107698091667043,-0.02106766967223843,-9.311244432000376e-06,54.901046644192185,43.38735208367627,77.92843576522402
2025-07-22 06:30:00,3.4707,3.482,3.4627,3.4631,1506965.8,-0.02052348591272324,-0.02095883292033539,0.0004353470076121531,55.66810311828863,47.48093576188038,72.04243783110512
2025-07-22 06:45:00,3.463,3.4694,3.4569,3.4647,1680871.6,-0.019728314773872935,-0.0207127292910429,0.000984414517169966,59.4907854904397,51.48421900473349,75.50391846185212
2025-07-22 07:00:00,3.4648,3.4883,3.4636,3.488,2672947.3,-0.017021803884188724,-0.019974544209672068,0.002952740325483344,72.8425710632179,58.60366969089497,101.32037380786376
2025-07-22 07:15:00,3.488,3.4994,3.4807,3.4959,2316644.7,-0.014077138043163018,-0.01879506297637026,0.0047179249332072425,79.73054521097627,65.64596153092207,107.89971257108468
2025-07-22 07:30:00,3.4958,3.4966,3.4842,3.4885,1783556.2,-0.012199953831041555,-0.01747604114730452,0.005276087316262966,79.74615197120131,70.34602501101516,98.54640589157364
2025-07-22 07:45:00,3.4885,3.4902,3.4647,3.4762,1574362.4,-0.011571391228028194,-0.016295111163449255,0.004723719935421061,72.14987744276743,70.94730915493258,74.55501401843713
2025-07-22 08:00:00,3.4761,3.4761,3.4366,3.4378,4113525.2,-0.01401030780711432,-0.01583815049218227,0.00182784268506795,48.73686097033769,63.543826426734284,19.122930057544494
2025-07-22 08:15:00,3.4378,3.4518,3.4261,3.4323,4480385.5,-0.01620022469606086,-0.01591056533295799,-0.0002896593631028718,35.310704039342994,54.132785630937185,-2.3334591438453884
2025-07-22 08:30:00,3.4323,3.4552,3.4282,3.4544,2730769.5,-0.015968390638157803,-0.015922130393997952,-4.6260244159851416e-05,36.40995548962118,48.225175583831856,12.779515301199837
2025-07-22 08:45:00,3.4544,3.473,3.4467,3.4681,1747275.2,-0.014511900813440448,-0.01564008447788645,0.001128183664446003,43.37289438280347,46.6077485168224,36.90318611476562
2025-07-22 09:00:00,3.4681,3.4709,3.4385,3.4421,2269433.4,-0.015279472593921817,-0.015567962101093524,0.0002884895071717068,36.19129748303314,43.135598172225976,22.302696104647467
2025-07-22 09:15:00,3.4422,3.4566,3.4297,3.4494,2882903.9,-0.015124385269866814,-0.015479246734848183,0.0003548614649813691,34.72325698505067,40.33148444316754,23.506802068816924
2025-07-22 09:30:00,3.4494,3.4776,3.4491,3.4765,1832334.5,-0.012668697078428881,-0.014917136803564322,0.002248439725135441,46.97862522407644,42.54719803680384,55.84147959862163
2025-07-22 09:45:00,3.4765,3.4826,3.4677,3.4727,1912523.2,-0.010903486135525498,-0.014114406669956557,0.0032109205344310592,55.55205280149038,46.88214962503269,72.89185915440576
2025-07-22 10:00:00,3.4726,3.4832,3.468,3.481,1332160.8,-0.008734121594669464,-0.013038349654899138,0.004304228060229674,69.08373864524333,54.28267929843624,98.6858573388575
2025-07-22 10:15:00,3.4809,3.4836,3.4684,3.4829,1024460.6,-0.006783375910583533,-0.011787354906036019,0.005003978995452485,78.98336199537952,62.51624019741734,111.91760559130388
2025-07-22 10:30:00,3.483,3.4941,3.4811,3.4913,1583404.4,-0.0045076250081161895,-0.010331408926452054,0.005823783918335865,84.57262069292365,69.86836702925278,113.9811280202654
2025-07-22 10:45:00,3.4912,3.4979,3.4874,3.4979,1127029.0,-0.002146764614352925,-0.008694480064032228,0.006547715449679303,89.71508046194909,76.48393817348489,116.1773650388775
2025-07-22 11:00:00,3.4979,3.5016,3.4869,3.4881,1825126.2,-0.001054389495428687,-0.00716646195031152,0.006112072454882833,86.88469434598198,79.95085689765058,100.75236924264479
2025-07-22 11:15:00,3.4881,3.5021,3.4881,3.502,1229913.4,0.0009223077002573632,-0.005548708020197744,0.006471015720455107,91.21042238166744,83.70404539232287,106.22317636035658
2025-07-22 11:30:00,3.502,3.5097,3.4913,3.5071,1482148.1,0.002867329062116397,-0.0038655006037349162,0.006732829665851313,92.71013857347678,86.7060764527075,104.71826281501532
2025-07-22 11:45:00,3.5071,3.5225,3.5038,3.5198,2376195.6,0.005371635495913463,-0.0020180733838052406,0.007389708879718703,93.49775661589456,88.96996984043653,102.55333016681061
2025-07-22 12:00:00,3.5198,3.525,3.5115,3.5192,1697925.4,0.007224620474006738,-0.000169534612242845,0.0073941550862495825,92.27335821176608,90.07109929754638,96.67787604020546
2025-07-22 12:15:00,3.5192,3.5198,3.5077,3.5119,1826725.5,0.008011721291897533,0.0014667165685852306,0.0065450047233123025,87.1339466994812,89.09204843152465,83.2177432353943
2025-07-22 12:30:00,3.5119,3.5206,3.4978,3.5206,2386521.9,0.009231111148741533,0.0030195954846164914,0.006211515664125042,88.08170478522743,88.75526721609224,86.73457992349782
2025-07-22 12:45:00,3.5205,3.5217,3.4993,3.5123,4529502.6,0.009419167462237699,0.004299509880140733,0.005119657582096966,80.94335874570743,86.15129772596397,70.52748078519434
2025-07-22 13:00:00,3.5122,3.5275,3.5076,3.5275,2066322.5,0.010671699702586857,0.005573947844629957,0.005097751857956899,87.29557249713828,86.53272264968875,88.82127219203736
2025-07-22 13:15:00,3.5275,3.5371,3.5124,3.5211,2697278.1,0.011020872258955983,0.006663332727495162,0.00435753953146082,80.64602792326224,84.57049107421325,72.79710162136021
2025-07-22 13:30:00,3.521,3.5339,3.4952,3.5295,3934066.8,0.01183893198535424,0.007698452579066978,0.0041404794062872615,81.56605646121413,83.56901286988021,77.56014364388196
2025-07-22 13:45:00,3.5294,3.5294,3.4708,3.4777,6159624.1,0.008212751634408377,0.007801312390135259,0.00041143924427311865,57.846450913810884,74.99482555119043,23.54970163905179
2025-07-22 14:00:00,3.4777,3.4895,3.4401,3.4887,6809285.4,0.00615562740920117,0.007472175393948441,-0.001316547984747271,55.2653315370423,68.41832754647439,28.959339518178126
2025-07-22 14:15:00,3.4886,3.495,3.469,3.4923,2086271.2,0.004760950282225007,0.006929930371603755,-0.0021689800893787475,54.78169868792512,63.87278459362463,36.59952687652611
2025-07-22 14:30:00,3.4922,3.51,3.4876,3.4947,4117928.2,0.003805451675251703,0.006305034632333345,-0.0024995829570816416,55.28401905655482,61.0098627479347,43.83233167379505
2025-07-22 14:45:00,3.4948,3.522,3.483,3.5197,4427210.5,0.00500777667918717,0.006045583041704111,-0.0010378063625169406,64.20996459440414,62.07656336342452,68.47676705636339
2025-07-22 15:00:00,3.5196,3.5244,3.5089,3.522,1759667.1,0.006076176307010073,0.006051701694765304,2.4474612244768795e-05,70.95097295984318,65.03469989556407,82.78351908840142
2025-07-22 15:15:00,3.522,3.528,3.5128,3.5187,1515149.6,0.006580749504796479,0.006157511256771539,0.00042323824802494026,74.3109579182459,68.12678590312468,86.67930194848836
2025-07-22 15:30:00,3.5187,3.5247,3.5023,3.5099,1590107.4,0.006199081787908067,0.006165825362998844,3.3256424909222995e-05,74.34518729730962,70.199586367853,82.63638915622286
2025-07-22 15:45:00,3.51,3.5172,3.504,3.5076,1331820.6,0.005645933784216073,0.00606184704724229,-0.0004159132630262175,74.75942684322325,71.71953319297641,80.83921414371693
2025-07-22 16:00:00,3.5076,3.52,3.4916,3.52,1629196.4,0.006137388382073006,0.006076955314208434,6.043306786457196e-05,80.13920075479199,74.52608904691493,91.36542417054608
2025-07-22 16:15:00,3.5199,3.5313,3.5003,3.5136,2122031.0,0.0059419480996862895,0.006049953871304005,-0.00010800577161771546,77.28916219393835,75.44711342925608,80.9732597233029
2025-07-22 16:30:00,3.5136,3.526,3.5095,3.5186,1401419.5,0.006119971261922874,0.006063957349427779,5.601391249509483e-05,76.09477617622132,75.66300101157782,76.9583265055083
2025-07-22 16:45:00,3.5185,3.5282,3.5152,3.5272,1248506.9,0.006875744722228738,0.006226314823987972,0.0006494298982407665,81.23364650533472,77.51988284283011,88.66117383034393
2025-07-22 17:00:00,3.5272,3.5338,3.5075,3.522,2361382.2,0.006974704046146751,0.006375992668419728,0.0005987113777270233,78.16840256753746,77.73605608439924,79.0330955338139
2025-07-22 17:15:00,3.522,3.5285,3.509,3.5237,2236788.6,0.007108365008804185,0.00652246713649662,0.0005858978723075649,77.4677186153251,77.64661026137452,77.10993532322624
2025-07-22 17:30:00,3.5237,3.5683,3.5173,3.5657,6079697.3,0.010482505478022652,0.007314474804801827,0.003168030673220825,83.84853557405866,79.7139186989359,92.11776932430419
2025-07-22 17:45:00,3.5657,3.572,3.5536,3.5547,3811344.6,0.012129111196321318,0.008277402083105727,0.0038517091132155915,82.05988607093127,80.49590782293436,85.1878425669251
2025-07-22 18:00:00,3.5547,3.5688,3.5475,3.5598,2555757.0,0.013687801018962276,0.009359481870277037,0.004328319148685238,82.98188092954291,81.3245655251372,86.29651173835433
2025-07-22 18:15:00,3.5599,3.5707,3.5491,3.5676,2429904.5,0.015375232634775582,0.010562632023176748,0.004812600611598834,86.60902708180595,83.08605271069345,93.65497582403094
2025-07-22 18:30:00,3.5676,3.5787,3.5502,3.5514,1823018.0,0.015229770423406563,0.01149605970322271,0.003733710720183853,78.29178584479955,81.48796375539548,71.89943002360766
2025-07-22 18:45:00,3.5513,3.571,3.5482,3.5595,2473592.9,0.01558839951223856,0.01231452766502588,0.0032738718472126796,76.53909318492252,79.8383402319045,69.94059909095856
2025-07-22 19:00:00,3.5594,3.5707,3.5534,3.5645,1972543.0,0.016090591538961085,0.013069740439812922,0.0030208510991481634,77.71145538170856,79.12937861517251,74.87560891478066
2025-07-22 19:15:00,3.5645,3.5687,3.553,3.5631,1558257.0,0.01618899735432544,0.013693591822715427,0.002495405531610014,77.68042506078513,78.64639409704338,75.74848698826861
2025-07-22 19:30:00,3.5631,3.5631,3.5487,3.5544,1457443.6,0.015387588835259702,0.014032391225224284,0.0013551976100354187,71.92810096343317,76.40696305250664,62.97037678528622
2025-07-22 19:45:00,3.5543,3.555,3.5177,3.5177,3083447.1,0.01165671220254172,0.013557255420687772,-0.0019005432181460526,47.95206730895544,66.92199780465624,10.012206317553847
2025-07-22 20:00:00,3.5177,3.549,3.5176,3.5416,1904850.7,0.010507373391123842,0.012947279014774988,-0.0024399056236511455,45.06133456167131,59.6351100569946,15.913783571024723
2025-07-22 20:15:00,3.5415,3.5441,3.5285,3.541,1036380.8,0.009439288870598528,0.012245680985939696,-0.0028063921153411685,42.8068471545894,54.025689089526196,20.369163284715796
2025-07-22 20:30:00,3.5411,3.5522,3.5358,3.5521,1030968.4,0.009380370355992262,0.011672618859950211,-0.0022922485039579485,47.359502031046446,51.80362673669961,38.47125261974011
2025-07-22 20:45:00,3.5521,3.553,3.535,3.5408,917523.6,0.00832588581769933,0.011003272251500036,-0.0026773864338007058,46.05489898199598,49.88738415179841,38.389928642391126
2025-07-22 21:00:00,3.5408,3.5449,3.5245,3.5306,814229.1,0.006591165614561412,0.010120850924112312,-0.0035296853095509,38.86396906395483,46.21291245585055,24.166082280163394
2025-07-22 21:15:00,3.5306,3.533,3.5251,3.5269,686901.6,0.004861784650683099,0.00906903766942647,-0.004207253018743371,31.97584891282574,41.46722460817561,12.993097522125993
2025-07-22 21:30:00,3.5269,3.5283,3.513,3.5178,831230.5,0.0027255256658706983,0.007800335268715316,-0.0050748096028446175,24.510845383001534,35.81509819978425,1.902339749436095
2025-07-22 21:45:00,3.5177,3.5325,3.5153,3.5267,829421.4,0.0017307298724609232,0.006586414189464438,-0.0048556843170035145,27.213579461683533,32.94792528708401,15.744887810882574
2025-07-22 22:00:00,3.5267,3.538,3.5267,3.5337,950755.5,0.0014900125998753566,0.0055671338715466215,-0.004077121271671265,35.392386307789145,33.762745627319056,38.65166766872933
2025-07-22 22:15:00,3.5337,3.5438,3.5323,3.5429,827480.5,0.0020183393794748206,0.004857374973132262,-0.002839035593657441,48.51159087185945,38.67902737549918,68.17671786457997
2025-07-22 22:30:00,3.5428,3.545,3.5319,3.5343,977378.2,0.0017232297124434304,0.0042305459209944956,-0.002507316208551065,50.091060581239695,42.48303844407935,65.30710485556038
2025-07-22 22:45:00,3.5343,3.5353,3.5237,3.5266,844576.0,0.0008581354751693304,0.0035560638318294624,-0.002697928356660132,44.727373720826684,43.23115020299513,47.719820756489796
2025-07-22 23:00:00,3.5266,3.54,3.5252,3.54,968494.5,0.001239521637131702,0.0030927553928899107,-0.0018532337557582088,57.9432491472179,48.13518318440273,77.55938107284824
2025-07-22 23:15:00,3.54,3.552,3.5399,3.5486,1680538.9,0.0022102427425196858,0.002916252862815866,-0.0007060101202961801,69.05618319216231,55.10884985365592,96.95084986917509
2025-07-22 23:30:00,3.5487,3.552,3.5462,3.5494,952883.0,0.003009408933436042,0.002934884076939901,7.45248564961408e-05,77.14856657255253,62.45542209328812,106.53485553108135
2025-07-22 23:45:00,3.5493,3.5541,3.5481,3.5504,1437299.8,0.0036810131122626544,0.003084109884004452,0.0005969032282582025,81.58701689029255,68.83262035895626,107.09580995296511
2025-07-23 00:00:00,3.5504,3.5519,3.5258,3.5311,1733477.3,0.0026256487154774355,0.002992417650299049,-0.0003667689348216133,62.50537968124769,66.7235401330534,54.06905877763626
2025-07-23 00:15:00,3.531,3.5474,3.5244,3.5254,1780659.8,0.0013141734904689173,0.0026567688183330223,-0.001342595327864105,43.53428820855112,58.99378949155264,12.615285642548073
2025-07-23 00:30:00,3.5254,3.533,3.5199,3.5249,2550094.3,0.00023180203508710306,0.0021717754616838386,-0.0019399734265967356,33.896153152679595,50.62791071192829,0.4326380341822045
2025-07-23 00:45:00,3.5249,3.5313,3.5118,3.5169,2031635.3,-0.0012570280457406824,0.0014860147601989345,-0.002743042805939617,26.616347964670638,42.624056462842404,-5.399069031672894
2025-07-23 01:00:00,3.5169,3.5173,3.5,3.5053,2767342.0,-0.0033345213792017603,0.0005219075323187957,-0.003856428911520556,21.009789585812513,35.41930083716577,-7.809232916894004
2025-07-23 01:15:00,3.5053,3.516,3.5053,3.5094,1485977.1,-0.004597121325597087,-0.0005018982392643808,-0.004095223086332706,19.798270075076392,30.212290583135978,-1.029770941042777
2025-07-23 01:30:00,3.5094,3.5244,3.5081,3.5203,1373944.8,-0.004664433291284631,-0.001334405249668431,-0.0033300280416161997,25.706548503532257,28.710376556601403,19.698892397393962
2025-07-23 01:45:00,3.5204,3.5269,3.5148,3.5168,1155611.0,-0.004943216930597849,-0.002056167585854315,-0.002887049344743534,27.488900481097854,28.30321786476689,25.86026571375978
2025-07-23 02:00:00,3.5168,3.5177,3.5029,3.503,1677791.5,-0.006206158905209591,-0.0028861658497253704,-0.0033199930554842208,20.252715927668397,25.619717219067393,9.518713344870406
2025-07-23 02:15:00,3.503,3.513,3.5013,3.5123,1454331.3,-0.006383037558763238,-0.003585540191532944,-0.0027974973672302943,22.151599647981584,24.46367802870546,17.527442886533834
2025-07-23 02:30:00,3.5123,3.5186,3.5016,3.5016,1598031.0,-0.0073024377852366484,-0.004328919710273685,-0.0029735180749629634,16.38389471481583,21.77041692407558,5.610850296296334
2025-07-23 02:45:00,3.5016,3.507,3.4948,3.506,2978539.3,-0.007588549782784781,-0.0049808457247759045,-0.002607704058008877,21.150906978826743,21.563913608992635,20.324893718494963
2025-07-23 03:00:00,3.506,3.508,3.4992,3.5067,1599761.5,-0.007670391948581212,-0.005518754969536966,-0.002151636979044246,26.45782168266526,23.195216300216842,32.983032447562096
2025-07-23 03:15:00,3.5068,3.5076,3.4954,3.502,1285451.5,-0.008022030204420716,-0.006019410016513717,-0.002002620187906999,25.115183302461883,23.83520530096519,27.675139305455268
2025-07-23 03:30:00,3.502,3.5062,3.4964,3.4975,1289056.6,-0.008565085473760004,-0.006528545107962974,-0.0020365403657970297,19.54719385273154,22.40586815155397,13.829845255086674
2025-07-23 03:45:00,3.4974,3.4981,3.488,3.4915,1926952.6,-0.009371580793342549,-0.007097152245038889,-0.0022744285483036596,16.030605670458424,20.280780657855455,7.5302556956643585
2025-07-23 04:00:00,3.4915,3.4973,3.4872,3.4909,1696370.4,-0.009944514952065386,-0.00766662478644419,-0.0022778901656211967,14.614883610454028,18.392148308721648,7.060354213918785
2025-07-23 04:15:00,3.491,3.5006,3.482,3.4993,1957159.5,-0.0096099817151436,-0.008055296172184073,-0.0015546855429595281,25.49917559458289,20.761157404008728,34.97521197573121
2025-07-23 04:30:00,3.4993,3.5076,3.4982,3.5031,1193376.9,-0.008935233660972486,-0.008231283669941756,-0.0007039499910307303,36.216208137736224,25.912840981917896,56.822942449372874
2025-07-23 04:45:00,3.5031,3.5107,3.4971,3.5102,1328048.9,-0.007738377109574035,-0.008132702357868213,0.0003943252482941778,56.89675199890925,36.240811320915014,98.20863335489773
2025-07-23 05:00:00,3.5101,3.5102,3.4961,3.5027,2642714.0,-0.007310772949822297,-0.00796831647625903,0.0006575435264367328,61.972979845962634,44.81820082926422,96.28253787935945
2025-07-23 05:15:00,3.5026,3.5044,3.4941,3.5001,1970340.4,-0.007099849201300579,-0.00779462302126734,0.0006947738199667612,62.337387260839414,50.65792963978928,85.69630250293967
2025-07-23 05:30:00,3.5001,3.5075,3.4957,3.497,1930552.0,-0.007100979037059751,-0.007655894224425823,0.0005549151873660719,58.97986096134918,53.43190674697592,70.07576939009572
2025-07-23 05:45:00,3.497,3.5012,3.4895,3.4923,1842447.7,-0.007395870172915764,-0.007603889414123812,0.00020801924120804772,51.28274122161963,52.71551823852383,48.41718718781124
2025-07-23 06:00:00,3.4923,3.4923,3.479,3.4808,1889844.7,-0.008460005733225362,-0.007775112677944122,-0.0006848930552812403,36.08123862724149,47.17075836809638,13.90219914553171
2025-07-23 06:15:00,3.4808,3.4834,3.47,3.4832,2146189.9,-0.009005866861864664,-0.008021263514728231,-0.000984603347136433,34.86496989563844,43.06882887727706,18.45725193236119
2025-07-23 06:30:00,3.4831,3.4843,3.4687,3.4715,1977384.8,-0.01026423820923883,-0.008469858453630352,-0.0017943797556084773,25.465535485980947,37.201064413511695,1.994477630919448
2025-07-23 06:45:00,3.4714,3.4828,3.47,3.4824,1402898.3,-0.010263654641406994,-0.008828617691185682,-0.001435036950221312,27.850039530336588,34.08405611911999,15.382006352769778
2025-07-23 07:00:00,3.4825,3.4837,3.4736,3.4791,1313687.3,-0.010409480568132068,-0.00914479026657496,-0.001264690301557108,26.92010667484264,31.696072971027544,17.368174082472827
2025-07-23 07:15:00,3.4791,3.4824,3.4737,3.4804,1295963.4,-0.010301401387439402,-0.00937611249074785,-0.0009252888966915524,27.99828417498092,30.46347670567867,23.06789911358542
2025-07-23 07:30:00,3.4804,3.4834,3.4633,3.4707,2103741.9,-0.010873118252851643,-0.009675513643168609,-0.0011976046096830346,24.2462165993086,28.39105667022198,15.956536457481839
2025-07-23 07:45:00,3.4707,3.4756,3.4607,3.4678,1382847.1,-0.011428473423726437,-0.010026105599280175,-0.0014023678244462628,22.007765798715962,26.26329304638664,13.496711303374603
2025-07-23 08:00:00,3.4677,3.4735,3.4627,3.4734,1073057.1,-0.011286618091235212,-0.010278208097671182,-0.0010084099935640297,28.068468338384147,26.86501814371914,30.475368727714155
2025-07-23 08:15:00,3.4735,3.4735,3.464,3.467,1095509.7,-0.011557396755622396,-0.010534045829261426,-0.0010233509263609698,27.61061731033513,27.113551199257802,28.604749532489784
2025-07-23 08:30:00,3.4671,3.4682,3.4565,3.4629,1368789.0,-0.011964902583782244,-0.01082021718016559,-0.0011446854036166534,26.080939118160746,26.76934717222545,24.70412301003134
2025-07-23 08:45:00,3.463,3.474,3.4615,3.474,945824.9,-0.011262351280103555,-0.010908644000153183,-0.0003537072799503719,38.833371176813394,30.790688507088095,54.918736516264
2025-07-23 09:00:00,3.4739,3.4755,3.462,3.463,2237293.6,-0.011461066340980874,-0.011019128468318722,-0.0004419378726621525,33.854600392385436,31.811992468853873,37.93981623944856
2025-07-23 09:15:00,3.463,3.463,3.4465,3.4475,2666005.0,-0.012722611572824949,-0.011359825089219969,-0.0013627864836049802,23.47307596168052,29.03235363312942,12.354520618782722
2025-07-23 09:30:00,3.4476,3.4556,3.4416,3.4505,2592229.8,-0.013326698445946583,-0.011753199760565294,-0.0015734986853812895,22.746005984022833,26.93690441676056,14.364209118547386
2025-07-23 09:45:00,3.4504,3.4579,3.448,3.4491,1219390.3,-0.013759795586473,-0.012154518925746836,-0.001605276660726164,22.516945165819028,25.463584666446717,16.62366616456365
2025-07-23 10:00:00,3.4491,3.4492,3.4304,3.4315,4492474.8,-0.015346298524645974,-0.012792874845526664,-0.0025534236791193102,15.824304907294065,22.250491413395835,2.9719318950905276
2025-07-23 10:15:00,3.4315,3.4464,3.4307,3.4425,2431175.3,-0.015536905686752256,-0.013341681013771783,-0.0021952246729804725,19.492626035756913,21.33120295418286,15.81547219890502
2025-07-23 10:30:00,3.4425,3.4506,3.4355,3.4431,2574422.0,-0.015461319780291305,-0.01376560876707569,-0.0016957110132156152,22.38163243477645,21.681346114380727,23.782205075567894
2025-07-23 10:45:00,3.443,3.4543,3.443,3.4506,1842172.9,-0.014627612078303098,-0.013938009429321174,-0.0006896026489819247,29.85087395134404,24.404522060035163,40.7435777339618
2025-07-23 11:00:00,3.4505,3.4512,3.4367,3.4371,2072602.5,-0.014884648926280164,-0.014127337328712974,-0.0007573115975671903,24.852541244724538,24.553861788264953,25.44990015764371
2025-07-23 11:15:00,3.4371,3.4567,3.4367,3.455,1654294.1,-0.013488485215421342,-0.01399956690605465,0.0005110816906333075,41.72173506294518,30.276486213158364,64.6122327625188
2025-07-23 11:30:00,3.455,3.4556,3.4471,3.4505,1439428.9,-0.012599884185940269,-0.013719630362031774,0.0011197461760915055,52.17812640559968,37.577032943972135,81.38031332885477
2025-07-23 11:45:00,3.4505,3.452,3.4442,3.4504,1113900.6,-0.011768075582376358,-0.013329319406100692,0.0015612438237243339,59.02784184615751,44.72730257803392,87.62892038240467
2025-07-23 12:00:00,3.4504,3.4504,3.4342,3.4482,2591594.0,-0.011157763137049415,-0.012895008152290437,0.001737245015241022,61.91209735244445,50.455567502837425,84.8251570516585
2025-07-23 12:15:00,3.4481,3.4482,3.4353,3.4418,1303797.6,-0.011062985430459804,-0.01252860360792431,0.0014656181774645068,55.50550079906582,52.138878601580224,62.23874519403701
2025-07-23 12:30:00,3.4418,3.4471,3.4061,3.4114,5528327.3,-0.013287726709565018,-0.012680428228252454,-0.0006072984813125636,40.495103299509005,48.25762016755649,24.970069563414043
2025-07-23 12:45:00,3.4114,3.4212,3.3069,3.3459,23285053.3,-0.02010440176630457,-0.014165222935862878,-0.005939178830441691,35.67497318320621,44.063404506106394,18.89811053740584
2025-07-23 13:00:00,3.346,3.3638,3.3147,3.3586,10862256.9,-0.02420288619233979,-0.016172755587158263,-0.008030130605181526,35.28754331483883,41.13811744235054,23.586395059815402
2025-07-23 13:15:00,3.3587,3.3696,3.3257,3.3691,6924929.6,-0.02630052628461943,-0.0181983097266505,-0.00810221655796893,37.36570533405807,39.88064673958638,32.33582252300144
2025-07-23 13:30:00,3.369,3.369,3.261,3.2805,19892576.7,-0.03471206166991436,-0.021501060115303273,-0.01321100155461109,28.250655217566607,36.00398289891312,12.743999854873579
2025-07-23 13:45:00,3.2804,3.2986,3.2204,3.2634,24848969.6,-0.042270819459875764,-0.025655011984217768,-0.016615807475657995,25.022601463409362,32.343522420411865,10.38075954940436
2025-07-23 14:00:00,3.2634,3.3044,3.2499,3.2652,8757018.9,-0.04756761465759629,-0.030037532518893476,-0.017530082138702816,23.174487932127974,29.2871775909839,10.949108614416119
2025-07-23 14:15:00,3.2652,3.3449,3.265,3.3157,10071331.3,-0.047146954317832,-0.03345941687868118,-0.01368753743915082,29.394639598884265,29.322998260284024,29.537922276084743
2025-07-23 14:30:00,3.3158,3.3183,3.2934,3.3007,4905799.3,-0.047476671096446044,-0.03626286772223415,-0.011213803374211892,31.403513592316006,30.01650337096135,34.177534035025324
2025-07-23 14:45:00,3.3008,3.3038,3.285,3.3038,3090126.8,-0.0469466580757425,-0.03839962579293582,-0.008547032282806677,34.780297242154866,31.60443466135919,41.13202240374623
2025-07-23 15:00:00,3.3038,3.3121,3.2656,3.2691,5047161.8,-0.048764492226749834,-0.04047259907969863,-0.008291893147051206,34.06711505151694,32.42532812474511,37.35068890506062
2025-07-23 15:15:00,3.2691,3.2932,3.2649,3.2856,4300960.9,-0.04831676123706341,-0.04204143151117158,-0.006275329725891829,37.27798733550637,34.04288119499886,43.748199616521376
2025-07-23 15:30:00,3.2855,3.3145,3.28,3.3144,3378726.8,-0.04511792059002051,-0.04265672932694137,-0.0024611912630791433,45.93768020662287,38.00781419887353,61.79741222212155
2025-07-23 15:45:00,3.3143,3.3311,3.299,3.3224,4810781.7,-0.04145936543247908,-0.04241725654804891,0.0009578911155698339,57.93435708553975,44.6499951610956,84.50308093442806
2025-07-23 16:00:00,3.3224,3.3224,3.283,3.2849,4797099.5,-0.04111195765454845,-0.04215619676934883,0.00104423911480038,50.903606478079155,46.73453226675679,59.24175490072389
2025-07-23 16:15:00,3.285,3.2959,3.2673,3.2818,3298882.3,-0.04061855318289842,-0.041848668052058745,0.0012301148691603245,40.977404318719486,44.815489617411025,33.3012337213364
2025-07-23 16:30:00,3.2818,3.2824,3.245,3.2595,5199666.9,-0.041548010611857755,-0.04178853656401855,0.00024052595216079303,32.931897110660046,40.854292115160696,17.087107101658745
2025-07-23 16:45:00,3.2594,3.2657,3.2269,3.2296,6696577.9,-0.04418792158198981,-0.04226841356761281,-0.001919508014377,22.818321682218638,34.84230197084668,-1.2296388950374393
2025-07-23 17:00:00,3.2297,3.2473,3.2026,3.2113,15755147.3,-0.04721249089953483,-0.043257229033997216,-0.003955261865537615,17.46902379333386,29.051209245009073,-5.695347110016563
2025-07-23 17:15:00,3.2113,3.229,3.1597,3.1938,16487539.2,-0.05044014502696159,-0.04469381223259009,-0.005746332794371499,18.27767669458352,25.46003172820055,3.912966627349455
2025-07-23 17:30:00,3.1939,3.2307,3.1727,3.2268,7286881.4,-0.049761638773214045,-0.04570737754071488,-0.004054261232499162,25.2345149181315,25.384859458177534,24.933825838039432
2025-07-23 17:45:00,3.2268,3.2465,3.2214,3.2403,3618698.9,-0.047586038274999076,-0.046083109687571726,-0.0015029285874273504,32.49784464009232,27.755854518815795,41.981824882645356
2025-07-23 18:00:00,3.2404,3.2635,3.2341,3.2466,3514306.3,-0.04483665283309257,-0.04583381831667589,0.0009971654835833205,39.46895850417135,31.660222513934315,55.086430484645405
2025-07-23 18:15:00,3.2466,3.2561,3.2336,3.2384,2020904.2,-0.042825747967404126,-0.04523220424682154,0.002406456279417414,45.57352984957481,36.29799162581448,64.12460629709547
2025-07-23 18:30:00,3.2384,3.2499,3.2327,3.2327,2172131.2,-0.04121691084508461,-0.04442914556647416,0.0032122347213895536,50.21392074187898,40.93663466450265,68.76849289663164
2025-07-23 18:45:00,3.2327,3.2534,3.2325,3.2508,2078310.1,-0.038042842890617656,-0.043151885031302864,0.005109042140685208,62.12374590339104,47.99900507746545,90.37322755524222
2025-07-23 19:00:00,3.2508,3.2533,3.2354,3.2354,2160931.6,-0.03635099087055815,-0.04179170619915393,0.005440715328595774,65.72540028755286,53.907803480827916,89.36059390100273
2025-07-23 19:15:00,3.2353,3.2447,3.2243,3.2256,5061240.7,-0.03539297585916579,-0.0405119601311563,0.0051189842719905135,64.97942549677576,57.59834415281053,79.7415881847062
2025-07-23 19:30:00,3.2255,3.2257,3.207,3.2122,3404670.8,-0.03530800141024981,-0.039471168386975,0.00416316697672519,57.820351212241185,57.67234650595409,58.116360624815385
2025-07-23 19:45:00,3.2123,3.2327,3.1816,3.1838,3461392.8,-0.03710458266639538,-0.03899785124285908,0.0018932685764636997,39.44230170356177,51.595664905156646,15.135575300372011
2025-07-23 20:00:00,3.1838,3.2161,3.1755,3.1923,5564511.3,-0.03741125364865905,-0.03868053172401908,0.0012692780753600294,32.65850416601084,45.28327799210805,7.408956513816435
2025-07-23 20:15:00,3.1922,3.1922,3.125,3.1425,11133727.7,-0.04119783343648731,-0.03918399206651273,-0.002013841369974581,26.22186573182825,38.92947390534811,0.8066493847885283
2025-07-23 20:30:00,3.1426,3.1469,3.02,3.126,26730554.5,-0.045011275339355894,-0.040349448721081364,-0.00466182661827453,32.619775669262225,36.82624115998615,24.20684468781438
2025-07-23 20:45:00,3.126,3.1519,3.0997,3.1467,10070857.1,-0.04583478366394633,-0.041446515709654366,-0.004388267954291966,39.841347161399035,37.83127649379045,43.86148849661622
2025-07-23 21:00:00,3.1468,3.176,3.135,3.1485,6226785.7,-0.045814059033196575,-0.04232002437436281,-0.0034940346588337653,44.9206637884109,40.19440559199726,54.37318018123817
2025-07-23 21:15:00,3.1485,3.1535,3.0559,3.1032,9958795.2,-0.048889399461717886,-0.043633899391833826,-0.00525550006988406,42.28949162811434,40.89276760403629,45.08293967627044
2025-07-23 21:30:00,3.1032,3.1337,3.0487,3.1223,12210010.9,-0.04921806333635148,-0.04475073218073736,-0.004467331155614124,44.22496432941522,42.00349984582926,48.66789329658714
2025-07-23 21:45:00,3.1223,3.1534,3.1182,3.1369,3711907.9,-0.04775000154768705,-0.0453505860541273,-0.0023994154935597506,47.80332209016333,43.93677392727395,55.53641841594208
2025-07-23 22:00:00,3.1369,3.1526,3.1,3.1482,4594014.0,-0.04515422662440116,-0.04531131416818207,0.0001570875437809094,53.66048431712064,47.178010723889514,66.62543150358289
2025-07-23 22:15:00,3.1482,3.1765,3.1355,3.1765,6625541.1,-0.04034837189391327,-0.044318725713328316,0.003970353819415046,66.06788772515742,53.474636390978816,91.25439039351463
2025-07-23 22:30:00,3.1765,3.1846,3.1644,3.1755,4981293.2,-0.03620306266753248,-0.04269559310416915,0.006492530436636668,75.53574045994696,60.82833774730153,104.95054588523783
2025-07-23 22:45:00,3.1754,3.1989,3.1665,3.1747,8843610.9,-0.03260656042273169,-0.04067778656788166,0.00807122614514997,78.31987668479375,66.65885072646562,101.64192860145002
2025-07-23 23:00:00,3.1747,3.2014,3.1717,3.1945,4658109.2,-0.027837716095064913,-0.03810977247331831,0.010272056378253396,84.04036310747877,72.45268818680334,107.21571294882963
2025-07-23 23:15:00,3.1946,3.2037,3.1859,3.1969,3732068.9,-0.023592750127860995,-0.03520636800422684,0.011613617876365848,87.89787648025462,77.60108428462043,108.491460871523
2025-07-23 23:30:00,3.1968,3.1994,3.1791,3.1816,6985933.0,-0.021218571662069863,-0.03240880873579545,0.011190237073725587,87.17922948146007,80.79379935023364,99.95008974391291
2025-07-23 23:45:00,3.1817,3.1868,3.1726,3.1838,4174352.5,-0.018941154668506766,-0.029715277922337715,0.01077412325383095,85.05616263084164,82.21458711043631,90.7393136716523
2025-07-24 00:00:00,3.1839,3.184,3.15,3.1751,5569134.4,-0.01763501708473436,-0.027299225754817046,0.009664208670082684,80.84425628298476,81.75781016795246,79.01714851304936
2025-07-24 00:15:00,3.175,3.2302,3.1676,3.2129,8818847.7,-0.013395336446910378,-0.024518447893235713,0.011123111446325336,81.14009904962093,81.55190646184195,80.3164842251789
2025-07-24 00:30:00,3.2129,3.2289,3.2014,3.2156,5072765.1,-0.00970561131531733,-0.02155588057765204,0.01185026926233471,81.35856977372893,81.48746089913762,81.10078752291156
2025-07-24 00:45:00,3.2156,3.2248,3.2076,3.2231,2390329.3,-0.006105905171586379,-0.01846588549643891,0.01235998032485253,84.62142390567801,82.53211523465109,88.80004124773188
2025-07-24 01:00:00,3.2231,3.2231,3.2029,3.2112,3158112.3,-0.004165327364713978,-0.015605773870093922,0.011440446505379944,81.8506915813414,82.30497401688119,80.94212671026182
2025-07-24 01:15:00,3.2113,3.2226,3.2033,3.2076,1959458.6,-0.0028846430161419967,-0.013061547699303537,0.01017690468316154,78.50727734682935,81.0390751268639,73.44368178676024
2025-07-24 01:30:00,3.2076,3.2111,3.1842,3.2,2355592.9,-0.0024546522243418245,-0.010940168604311195,0.00848551637996937,73.1195647815106,78.39923834507947,62.56021765437288
2025-07-24 01:45:00,3.2001,3.2322,3.1994,3.2311,2666499.6,0.0003911200737851672,-0.008673910868691922,0.00906503094247709,81.6336433498797,79.47737334667954,85.94618335628002
2025-07-24 02:00:00,3.2311,3.2373,3.2169,3.2189,2006621.3,0.0016430371726161574,-0.006610521260430307,0.008253558433046464,80.73017994993899,79.89497554776602,82.40058875428491
2025-07-24 02:15:00,3.2189,3.2199,3.2004,3.2021,1774615.7,0.0012649888919558094,-0.005035419229953084,0.006300408121908893,70.31940260651129,76.70311790068111,57.551972018171654
2025-07-24 02:30:00,3.2021,3.2169,3.198,3.2146,2303966.6,0.0019515323883960711,-0.0036380289062832526,0.005589561294679324,65.9630920076051,73.12310926965577,51.64305748350375
2025-07-24 02:45:00,3.2146,3.2267,3.1938,3.1977,2732317.0,0.001119034758673365,-0.0026866161732919296,0.0038056509319652947,52.449970942923265,66.23206316074494,24.885786507279903
2025-07-24 03:00:00,3.1977,3.2033,3.1896,3.2001,2203246.4,0.0006454934845754323,-0.002020194241718457,0.0026656877262938895,44.947814903568364,59.137313741686086,16.568817227332914
2025-07-24 03:15:00,3.2001,3.2258,3.194,3.2252,1990432.4,0.0022694085150156695,-0.001162273690371632,0.0034316822053873015,55.70281194450079,57.992479809290984,51.1234762149204
2025-07-24 03:30:00,3.2252,3.2303,3.2111,3.2266,2218963.1,0.003627525322170033,-0.00020431388786329885,0.003831839210033332,63.75165491843054,59.912204845670836,71.43055506394994
2025-07-24 03:45:00,3.2266,3.2288,3.1851,3.192,1994649.5,0.0018901236716821757,0.00021457362404579607,0.0016755500476363797,46.90723354715315,55.57721441283161,29.567271815796232
2025-07-24 04:00:00,3.192,3.1965,3.1662,3.192,3025831.9,0.0005073716814516516,0.0002731332355269672,0.0002342384459246844,43.367128975176776,51.50718593361333,27.087015058303678
2025-07-24 04:15:00,3.1919,3.1919,3.1582,3.1642,5569982.6,-0.00279942684857426,-0.00034137878129327827,-0.002458048067280982,31.685344420806803,44.89990542934449,5.256222403731428
2025-07-24 04:30:00,3.1642,3.1691,3.1285,3.1308,7222839.0,-0.008022708581802096,-0.0018776447413950419,-0.006145063840407054,21.876673621729736,37.22549482680624,-8.820968788423272
2025-07-24 04:45:00,3.1307,3.1457,3.1161,3.1253,6967478.1,-0.012462342890378952,-0.0039945843711918245,-0.008467758519187128,17.269796424994457,30.573595359535645,-9.337801444087916
2025-07-24 05:00:00,3.1253,3.1308,3.0833,3.084,8182707.0,-0.0190932547516236,-0.00701431844727818,-0.01207893630434542,11.671927775393163,24.273039498154816,-13.530295670130144
2025-07-24 05:15:00,3.0839,3.1073,3.0678,3.0749,8965699.6,-0.024796752594461235,-0.010570805276714793,-0.014225947317746443,9.237695440005673,19.261258145438436,-10.809429970859853
2025-07-24 05:30:00,3.075,3.1172,3.0689,3.107,6507224.8,-0.02642203719959646,-0.013741051661291127,-0.012680985538305333,14.19948926769611,17.57400185285766,7.450464097373015
2025-07-24 05:45:00,3.107,3.1079,3.0318,3.036,9093578.3,-0.03305812015576093,-0.017604465360185086,-0.015453654795575842,10.176986076941228,15.108329927552182,0.3142983757193214
2025-07-24 06:00:00,3.0361,3.0882,3.032,3.0821,5662980.0,-0.034203106857533694,-0.02092419365965481,-0.013278913197878883,16.964782865299426,15.727147573467931,19.440053448962416
2025-07-24 06:15:00,3.0821,3.1028,3.0458,3.0969,5607680.4,-0.03352977043462024,-0.0234453090146479,-0.010084461419972345,24.863883975575465,18.772726374170443,37.046199178385514
2025-07-24 06:30:00,3.0969,3.1017,3.0097,3.0166,7712307.6,-0.03902582001285504,-0.02656141121428933,-0.01246440879856571,18.01883356631838,18.52142877155309,17.013643155848968
2025-07-24 06:45:00,3.0165,3.0335,2.9555,3.0126,14830345.3,-0.04320619139166704,-0.029890367249764873,-0.013315824141902164,22.019565875617797,19.687474472907994,26.6837486810374
2025-07-24 07:00:00,3.0125,3.0462,2.9655,3.0462,11929277.9,-0.04330869100308199,-0.0325740320004283,-0.01073465900265369,31.92633541736376,23.76709478772658,48.244816676638116
2025-07-24 07:15:00,3.0462,3.0623,3.0396,3.0507,5281852.4,-0.042536476271249235,-0.03456652085459249,-0.007969955416656745,40.909043236395476,29.481077603949547,63.764974501287334
2025-07-24 07:30:00,3.0506,3.0587,3.0262,3.056,3717378.7,-0.04102392653808984,-0.035858001991291966,-0.005165924546797873,47.99007335116536,35.650742853021484,72.6687343474531
2025-07-24 07:45:00,3.056,3.08,3.035,3.075,4233306.0,-0.037855701800850294,-0.03625754195320363,-0.001598159847646663,58.13074006438152,43.14407525680816,88.10406967952825
2025-07-24 08:00:00,3.075,3.1087,3.055,3.1072,4994002.3,-0.0323734094648267,-0.03548071545552825,0.0031073059907015532,71.76078928574094,52.68297993311908,109.91640799098467
2025-07-24 08:15:00,3.1071,3.1074,3.0852,3.0884,3909625.7,-0.029208953538143234,-0.03422636307205125,0.0050174095339080155,76.7569752766559,60.70764504763135,108.85563573470496
2025-07-24 08:30:00,3.0885,3.1052,3.0858,3.0968,2906726.1,-0.0257267279142388,-0.032526436040488764,0.006799708126249963,81.91544217747473,67.77691075757915,110.19250501726589
2025-07-24 08:45:00,3.0968,3.11,3.0957,3.1013,2166702.6,-0.02234633202184355,-0.030490415236759723,0.008144083214916172,86.06660546459487,73.87347565991773,110.45286507394914
2025-07-24 09:00:00,3.1014,3.1163,3.0977,3.101,2641645.2,-0.019467146271142433,-0.028285761443636266,0.008818615172493834,87.32910744500846,78.35868625494798,105.26994982512943
2025-07-24 09:15:00,3.101,3.1075,3.0893,3.1075,2443003.6,-0.01647100762006737,-0.02592281067892249,0.00945180305885512,88.29709641727908,81.67148964239168,101.54830996705388
2025-07-24 09:30:00,3.1075,3.1151,3.0974,3.1146,2871445.5,-0.013369519986090594,-0.023412152540356113,0.010042632554265518,91.56913346057598,84.97070424845312,104.76599188482172
2025-07-24 09:45:00,3.1146,3.1198,3.0875,3.1155,3018595.2,-0.010715425458204475,-0.020872807123925786,0.010157381665721311,92.68917073472353,87.54352641054327,102.98045938308408
2025-07-24 10:00:00,3.1155,3.1312,3.1,3.1084,4127380.9,-0.00908027532429756,-0.018514300764000142,0.009434025439702582,85.15236054230907,86.74647112113188,81.96413938466347
2025-07-24 10:15:00,3.1083,3.1162,3.0838,3.086,3092341.3,-0.009482590457854378,-0.01670795870277099,0.007225368244916611,58.315357098529354,77.2694331135977,20.40720506839267
2025-07-24 10:30:00,3.0861,3.09,3.0652,3.0801,4324776.4,-0.010160386184055348,-0.015398444199027861,0.005238058014972513,46.40215725760535,66.98034116160025,5.2457894496155575
2025-07-24 10:45:00,3.0801,3.1088,3.069,3.1037,2967951.4,-0.008693013762314461,-0.014057358111685183,0.005364344349370722,50.37921594951459,61.4466327575717,28.244382333400367
2025-07-24 11:00:00,3.1038,3.1322,3.0959,3.1293,4178907.3,-0.005402132078474509,-0.012326312905043048,0.00692418082656854,65.4766912300247,62.7899855817227,70.85010252662869
2025-07-24 11:15:00,3.1292,3.1594,3.1259,3.1551,7800173.4,-0.0007041235560532044,-0.01000187503524508,0.009297751479191875,75.46287554046934,67.01428223463824,92.36006215213155
2025-07-24 11:30:00,3.1552,3.1779,3.1458,3.173,10027372.7,0.0044125967798160914,-0.007118980672232845,0.011531577452048938,82.19264166466068,72.07373537797906,102.43045423802391
2025-07-24 11:45:00,3.1729,3.1788,3.1601,3.1685,3261892.4,0.008012162891624541,-0.004092751959461368,0.01210491485108591,85.10612730695689,76.41786602097167,102.48264987892733
2025-07-24 12:00:00,3.1684,3.1802,3.1483,3.169,2868813.2,0.010780915111512801,-0.0011180185452665348,0.011898933656779336,86.82437472637703,79.88670225610679,100.69971966691753
2025-07-24 12:15:00,3.169,3.1755,3.152,3.1656,2104841.1,0.012556080923544766,0.0016168013484957253,0.010939279575049041,86.98436575961364,82.25259009060908,96.44791709762276
2025-07-24 12:30:00,3.1655,3.1663,3.1375,3.1517,3673006.9,0.012694959198800149,0.0038324329185566103,0.00886252628024354,83.06204094119165,82.52240704080327,84.14130874196843
2025-07-24 12:45:00,3.1518,3.1706,3.1444,3.1614,1495639.6,0.013432884238401499,0.005752523182525589,0.00768036105587591,83.07253568741311,82.70578325633988,83.80604054955955
2025-07-24 13:00:00,3.1615,3.1655,3.1485,3.1596,1909425.6,0.013714359591498138,0.0073448904643200995,0.006369469127178038,80.56951173150598,81.99369274806192,77.7211496983941
2025-07-24 13:15:00,3.1596,3.1835,3.1569,3.1784,2846277.8,0.015278314815815541,0.008931575334619189,0.006346739481196352,84.09495226544837,82.69411258719073,86.89663162196365
2025-07-24 13:30:00,3.1784,3.1925,3.1545,3.1589,4494371.5,0.014773968455200404,0.010100053958735433,0.004673914496464971,69.03299847999587,78.14040788479245,50.818179670402714
2025-07-24 13:45:00,3.159,3.1744,3.1317,3.1348,4603756.9,0.012287953859787759,0.0105376339389459,0.0017503199208418595,47.72156039017262,68.00079205325251,7.163097064012845
2025-07-24 14:00:00,3.1348,3.156,3.1185,3.1284,4071661.6,0.009689646654153616,0.010368036481987444,-0.0006783898278338273,36.27383305290789,57.425139053137634,-6.028778947551601
2025-07-24 14:15:00,3.1283,3.1588,3.1228,3.1549,3157298.9,0.009657472670773881,0.010225923719744732,-0.000568451048970851,40.57895176500168,51.80974329042565,18.117368714153756
2025-07-24 14:30:00,3.1549,3.2192,3.1537,3.2091,7057000.7,0.013845855188972411,0.010949910013590268,0.0028959451753821433,57.042704023407275,53.554063534752856,64.0199850007161
2025-07-24 14:45:00,3.2091,3.2488,3.2039,3.243,8250660.0,0.019673837444666553,0.012694695499805526,0.006979141944861027,69.87804724609852,58.99539143853474,91.64335886122609
2025-07-24 15:00:00,3.243,3.2651,3.2325,3.2647,8555497.8,0.025746771263861046,0.015305110652616631,0.010441660611244415,79.82774773205114,65.9395102030402,107.60422279007301
2025-07-24 15:15:00,3.2648,3.2648,3.2287,3.2303,5720458.5,0.027467197802958143,0.017737528082684934,0.009729669720273209,78.63914423610144,70.17272154739395,95.57198961351642
2025-07-24 15:30:00,3.2303,3.2349,3.21,3.2234,4906447.9,0.02795166648398295,0.01978035576294454,0.00817131072103841,76.2778469532172,72.20776334933504,84.41801416098156
2025-07-24 15:45:00,3.2233,3.2374,3.2133,3.2261,1813362.1,0.028228083069014254,0.021469901224158483,0.006758181844855771,75.31756418072604,73.24436362646537,79.46396528924737
2025-07-24 16:00:00,3.2261,3.2317,3.2004,3.2069,2797119.5,0.026591337281570926,0.022494188435640973,0.004097148845929953,70.3117549290334,72.26682739398804,66.40160999912413
2025-07-24 16:15:00,3.2068,3.2198,3.1854,3.1863,4435478.4,0.023362646567402834,0.022667880061993346,0.000694766505409488,61.749181196540015,68.76094532817203,47.725652933275995
2025-07-24 16:30:00,3.1863,3.199,3.17,3.1737,4089822.6,0.019561676388867077,0.02204663932736809,-0.0024849629385010133,47.15056125251084,61.557483969618296,18.33671581829593
2025-07-24 16:45:00,3.1738,3.2064,3.1686,3.1958,2607750.7,0.0181237461761814,0.021262060697130755,-0.0031383145209493563,40.829217000810395,54.64806164668233,13.191527709066534
2025-07-24 17:00:00,3.1958,3.2185,3.1923,3.215,2518140.5,0.018322248189875268,0.02067409819567966,-0.0023518500058043908,43.24711185200827,50.84774504845765,28.045845459109515
2025-07-24 17:15:00,3.2148,3.2292,3.2057,3.2212,2161462.7,0.01876355605599045,0.020291989767741818,-0.0015284337117513688,47.057326127257056,49.58427207472412,42.00343423232293
2025-07-24 17:30:00,3.2213,3.2361,3.2213,3.2348,1750677.6,0.019980380668405573,0.02022966794787457,-0.00024928727946899737,63.445194162357346,54.20457943726853,81.92642361253498
2025-07-24 17:45:00,3.2349,3.243,3.2231,3.2277,1452313.2,0.020139654872794566,0.02021166533285857,-7.201046006400508e-05,68.77529073189419,59.061483202143755,88.20290579139505
2025-07-24 18:00:00,3.2276,3.2487,3.2156,3.2484,2798547.5,0.021686212669705718,0.020506574800228,0.0011796378694777163,79.05868320952756,65.72721653793836,105.72161655270597
2025-07-24 18:15:00,3.2484,3.2521,3.2373,3.2446,2048288.4,0.02234763302147691,0.020874786444477784,0.0014728465769991254,83.0451101636372,71.49984774650464,106.13563499790232
2025-07-24 18:30:00,3.2446,3.2483,3.2285,3.2366,1800216.3,0.021972989331024984,0.021094427021787224,0.0008785623092377598,82.50911535859252,75.16960361720061,97.18813884137637
2025-07-24 18:45:00,3.2368,3.2506,3.2339,3.2377,1770117.0,0.021516809923051827,0.021178903602040146,0.00033790632101168144,82.59090724504962,77.64337149315027,92.48597874884834
2025-07-24 19:00:00,3.2377,3.2603,3.236,3.2499,3104074.8,0.02188741796611504,0.021320606474855126,0.0005668114912599151,83.29589894768004,79.52754731132687,90.8326022203864
2025-07-24 19:15:00,3.25,3.2589,3.24,3.2496,1573556.5,0.021904419504513495,0.0214373690807868,0.0004670504237266962,82.33157609943017,80.46222357402797,86.07028115023456
2025-07-24 19:30:00,3.2496,3.2502,3.2204,3.2283,2106108.2,0.019968971484689124,0.021143689561567265,-0.001174718076878141,64.35826176949341,75.09423630584979,42.886312696780635
2025-07-24 19:45:00,3.2284,3.2443,3.2087,3.2087,1900486.1,0.016661495440840834,0.02024725073742198,-0.0035857552965811446,42.90550784632894,64.36466015267617,-0.012796766365511303
2025-07-24 20:00:00,3.2087,3.2271,3.2082,3.2261,2122673.9,0.015268327652175895,0.019251466120372762,-0.003983138468196867,40.05600715027182,56.26177581854139,7.64446981373267
2025-07-24 20:15:00,3.2262,3.2293,3.2145,3.2252,1305673.2,0.013931021519721476,0.018187377200242508,-0.004256355680521032,37.580524280603456,50.03469197256208,12.672188896686208
2025-07-24 20:30:00,3.2253,3.2347,3.2157,3.226,1890521.8,0.012788334133670531,0.017107568586928114,-0.004319234453257582,36.44203857990319,45.50380750834245,18.31850072302467
2025-07-24 20:45:00,3.226,3.2426,3.225,3.2287,2595419.4,0.011962714852477241,0.01607859784003794,-0.004115882987560698,37.41049532966023,42.80603678211504,26.61941242475062
2025-07-24 21:00:00,3.2288,3.2306,3.21,3.212,1785688.9,0.00984734117231234,0.01483234650649282,-0.004985005334180479,27.371552228730646,37.66120859765358,6.792239490884782
2025-07-24 21:15:00,3.2121,3.2155,3.1965,3.2016,2627974.6,0.007248147079051304,0.013315506621004516,-0.006067359541953213,20.972060460179453,32.09815921849553,-1.280137056452702
2025-07-24 21:30:00,3.2016,3.203,3.1835,3.196,2165868.6,0.004682417836991082,0.01158888886420183,-0.006906471027210748,20.228250201838865,28.141522879609976,4.401704846296646
2025-07-24 21:45:00,3.196,3.2005,3.183,3.1832,1097567.2,0.001597787600767564,0.009590668611514976,-0.007992881010747412,13.594254892579896,23.29243355059995,-5.802102423460212
2025-07-24 22:00:00,3.1833,3.1966,3.1716,3.1725,2667017.9,-0.0016907151495586525,0.007334391859300251,-0.009025107008858904,9.48537180632072,18.690079635840206,-8.924043852718256
2025-07-24 22:15:00,3.1724,3.1902,3.1715,3.1898,1129923.6,-0.002867853029163925,0.005293942881607416,-0.00816179591077134,14.903046745704671,17.42773533912836,9.853669558857291
2025-07-24 22:30:00,3.1898,3.1948,3.1803,3.193,1102386.0,-0.003502159310573738,0.0035347224431711848,-0.007036881753744922,20.015064450254165,18.290178376170296,23.464836598421904
2025-07-24 22:45:00,3.1931,3.1931,3.1757,3.1775,1221292.5,-0.005195679510418216,0.0017886420524533045,-0.006984321562871521,16.156315821969834,17.578890858103474,13.311165749702553
2025-07-24 23:00:00,3.1775,3.1775,3.1439,3.1451,3217606.8,-0.009047916937527933,-0.000378669745542943,-0.00866924719198499,11.232238229640737,15.463339981949227,2.770034725023759
2025-07-24 23:15:00,3.1451,3.156,3.1364,3.142,2273867.8,-0.012210234956631094,-0.0027449827877605733,-0.00946525216887052,9.848040825660126,13.591573596519526,2.3609752839413254
2025-07-24 23:30:00,3.1421,3.1455,3.126,3.1364,2476717.7,-0.014995410214257543,-0.005195068273059968,-0.009800341941197575,11.06752505260467,12.75022408188124,7.702126994051529
2025-07-24 23:45:00,3.1363,3.148,3.1345,3.1453,1875019.9,-0.016296668205682874,-0.007415388259584549,-0.008881279946098324,16.013696791222046,13.838048318328177,20.364993737009783
2025-07-25 00:00:00,3.1454,3.1566,3.1138,3.1214,3586913.5,-0.019037008019982427,-0.009739712211664125,-0.009297295808318302,13.735379181265595,13.80382527264065,13.598486998515487
2025-07-25 00:15:00,3.1215,3.1348,3.1069,3.1319,2250277.0,-0.020129445105031785,-0.011817658790337658,-0.008311786314694126,18.63738968550052,15.415013410260606,25.082142235980342
2025-07-25 00:30:00,3.1318,3.132,3.092,3.1181,3070614.7,-0.021856802421181598,-0.013825487516506446,-0.008031314904675152,20.88796147645562,17.239329432325608,28.185225564715644
2025-07-25 00:45:00,3.1181,3.1291,3.1048,3.1065,1807575.3,-0.023886420803678643,-0.015837674173940886,-0.008048746629737757,18.706052787798633,17.728237217483283,20.661683928429333
2025-07-25 01:00:00,3.1065,3.1306,3.1047,3.1155,1529262.5,-0.024486419014424943,-0.0175674231420377,-0.006918995872387243,21.63249523085204,19.02965655527287,26.83817258201038
2025-07-25 01:15:00,3.1155,3.1298,3.0992,3.1239,1287326.3,-0.024007370102451908,-0.01885541253412054,-0.005151957568331367,30.881931805088062,22.980414971877934,46.68496547150832
2025-07-25 01:30:00,3.1238,3.1427,3.112,3.1309,1329547.0,-0.02280005405914043,-0.01964434083912452,-0.0031557132200159092,40.66019395880997,28.873674634188614,64.23323260805267
2025-07-25 01:45:00,3.1309,3.1618,3.1259,3.149,1835995.2,-0.02015044685644174,-0.019745562042587966,-0.00040488481385377376,54.32742634503284,37.35825853780336,88.2657619594918
2025-07-25 02:00:00,3.149,3.1553,3.1368,3.1406,1850601.9,-0.018514994525479,-0.019499448539166173,0.0009844540136871721,59.42745328446318,44.714656786689964,88.85304628000962
2025-07-25 02:15:00,3.1407,3.1421,3.1243,3.1315,1344615.2,-0.01774858606645724,-0.019149276044624387,0.001400689978167148,58.48172148286081,49.30367835208025,76.83780774442194
2025-07-25 02:30:00,3.1316,3.1341,3.0766,3.0839,4822116.9,-0.020743011506636932,-0.019468023137026898,-0.0012749883696100348,41.84383936103079,46.81706535506376,31.897387372964843
2025-07-25 02:45:00,3.0839,3.0933,3.0676,3.0756,3031593.2,-0.02351479199103279,-0.020277376907828076,-0.0032374150832047144,30.726749241394913,41.45362665050748,9.272994423169777
2025-07-25 03:00:00,3.0756,3.0976,3.0606,3.0955,3593003.6,-0.02383097565269887,-0.020988096656802235,-0.002842878995896636,31.97988816356497,38.29571382152664,19.34823684764163
2025-07-25 03:15:00,3.0956,3.1071,3.0835,3.0886,2859181.8,-0.024357547175056116,-0.021661986760453014,-0.0026955604146031015,30.5425868389511,35.71133816066813,20.205084195517045
2025-07-25 03:30:00,3.0886,3.0886,3.0447,3.0544,6506801.1,-0.02722072945411025,-0.022773735299184462,-0.004446994154925787,23.12289734609254,31.515191222476265,6.338309593325086
2025-07-25 03:45:00,3.0544,3.0755,3.0489,3.0689,3203666.1,-0.027997060533664353,-0.023818400346080442,-0.004178660187583911,22.303964014958378,28.444782153303635,10.022327738267862
2025-07-25 04:00:00,3.0689,3.0852,3.0484,3.0546,3031369.7,-0.029426983054298805,-0.024940116887724115,-0.004486866166574691,17.853034478929466,24.91419959517891,3.7307042464305766
2025-07-25 04:15:00,3.0546,3.0808,3.0467,3.0763,2550308.1,-0.028480888356171352,-0.02564827118141356,-0.0028326171747577907,22.71653359512466,24.18164426182749,19.786312261718997
2025-07-25 04:30:00,3.0763,3.1061,3.0747,3.0896,2699746.9,-0.026354108882070015,-0.025789438721544856,-0.0005646701605251589,31.885593612260493,26.74962737863849,42.1575260795045
2025-07-25 04:45:00,3.0896,3.1187,3.0896,3.1143,2353240.0,-0.02241712657179562,-0.025114976291595013,0.0026978497197993924,52.60841375952503,35.369222838934,87.08679560070708
2025-07-25 05:00:00,3.1144,3.1166,3.089,3.0942,2740062.0,-0.02068054924526397,-0.024228090882328808,0.0035475416370648397,57.369573136980534,42.70267293828285,86.7033735343759
2025-07-25 05:15:00,3.0942,3.118,3.0942,3.1016,2186275.1,-0.0184939937986055,-0.023081271465584148,0.004587277666978647,63.877012721950926,49.76078619950554,92.1094657668417
2025-07-25 05:30:00,3.1016,3.1016,3.0777,3.0797,1822449.2,-0.01831713133984314,-0.022128443440435946,0.0038113121005928056,58.350440913732946,52.62400443758134,69.80331386603616
2025-07-25 05:45:00,3.0796,3.0832,3.0705,3.0761,2635733.6,-0.018257001136085638,-0.021354154979565887,0.0030971538434802492,52.511405053599674,52.586471309587445,52.36127254162413
2025-07-25 06:00:00,3.0762,3.0793,3.045,3.0687,3254660.2,-0.018592146974895307,-0.02080175337863177,0.0022096064037364638,45.726734983720554,50.299892534298486,36.5804198825647
2025-07-25 06:15:00,3.0687,3.0761,3.0583,3.0683,2403744.5,-0.018674758136641767,-0.02037635433023377,0.0017015961935920032,41.022707990051536,47.207497686216165,28.653128597722272
2025-07-25 06:30:00,3.0683,3.089,3.0604,3.0824,1782025.6,-0.01740187789998604,-0.019781459044184223,0.0023795811441981833,44.26389487893976,46.22629675045736,40.33909113590455
2025-07-25 06:45:00,3.0824,3.0897,3.0704,3.0733,2287870.3,-0.01693222098636671,-0.01921161143262072,0.002279390446254012,42.308901425399085,44.920498308771265,37.08570765865473
2025-07-25 07:00:00,3.0732,3.0784,3.0556,3.0766,3285277.5,-0.01610804852143577,-0.01859089885038373,0.002482850328947961,42.63515802789167,44.15871821514474,39.58803765338554
2025-07-25 07:15:00,3.0767,3.1045,3.0756,3.078,3464170.9,-0.015167080937556143,-0.017906135267818212,0.002739054330262069,43.49193183594602,43.93645608874516,42.60288333034774
2025-07-25 07:30:00,3.0779,3.0912,3.0582,3.0607,2895498.8,-0.015637068375399465,-0.017452321889334464,0.001815253513934998,37.79013943124709,41.88768386957914,29.595050554582983
2025-07-25 07:45:00,3.0606,3.0797,3.0353,3.0745,4344086.9,-0.014726237241226237,-0.01690710495971282,0.0021808677184865823,44.07589256880835,42.61708676932221,46.99350416778063
2025-07-25 08:00:00,3.0745,3.0896,3.0662,3.0842,2465829.8,-0.013071013563555223,-0.016139886680481302,0.0030688731169260797,52.938841674003356,46.05767173754926,66.70118154691154
2025-07-25 08:15:00,3.0842,3.1095,3.079,3.0993,3211500.5,-0.010420670071777938,-0.01499604335874063,0.004575373286962692,64.0436842067479,52.05300922728214,88.0250341656794
2025-07-25 08:30:00,3.0993,3.1004,3.0663,3.0682,1848319.9,-0.010706347734097843,-0.014138104233812072,0.0034317564997142294,57.475663685001756,53.860560713188676,64.70586962862791
2025-07-25 08:45:00,3.0682,3.0888,3.0632,3.0804,1849283.0,-0.009834940230398548,-0.013277471433129368,0.0034425312027308204,58.57766617634437,55.43292920090724,64.86714012721865
2025-07-25 09:00:00,3.0805,3.083,3.0658,3.0815,1751003.0,-0.008952385175017064,-0.012412454181506907,0.003460069006489843,59.80649443202836,56.89078427794761,65.63791474018986
2025-07-25 09:15:00,3.0815,3.1137,3.0718,3.1137,2464529.8,-0.005590242209404739,-0.011048011787086474,0.005457769577681735,73.20432962135224,62.32863272574915,94.95572341255841
2025-07-25 09:30:00,3.1137,3.1433,3.1101,3.1132,4099482.3,-0.0029322641912248315,-0.009424862267914145,0.006492598076689313,72.84609629077805,65.83445391409212,86.86938104414989
2025-07-25 09:45:00,3.1132,3.1354,3.1033,3.1351,2814828.7,0.0009306218821776291,-0.00735376543789579,0.00828438732007342,79.3665333296545,70.34514705261292,97.40930588373769
2025-07-25 10:00:00,3.1351,3.145,3.1193,3.1266,3790452.1,0.0032684315193773905,-0.005229326046441154,0.008497757565818545,78.74639304291547,73.14556238271376,89.94805436331887
2025-07-25 10:15:00,3.1266,3.1267,3.1095,3.1131,1636706.0,0.00398587859673416,-0.0033862851178060914,0.007372163714540252,72.83174369120205,73.04095615220986,72.41331876918642
2025-07-25 10:30:00,3.1131,3.1334,3.1123,3.1306,1766744.0,0.005898569285868849,-0.0015293142370711034,0.007427883522939952,76.01985846732124,74.03392359058033,79.99172822080308
2025-07-25 10:45:00,3.1306,3.1349,3.1191,3.1286,1399512.3,0.007170351799739905,0.00021061897029109843,0.006959732829448806,77.3302723930471,75.13270652473592,81.72540412966944
2025-07-25 11:00:00,3.1287,3.1415,3.1285,3.1349,1839212.9,0.008587613292946106,0.0018860178348221002,0.006701595458124005,80.63600651118965,76.96713985355383,87.9737398264613
2025-07-25 11:15:00,3.1349,3.1534,3.1333,3.1497,1603246.3,0.01078076559340202,0.0036649673865380844,0.007115798206863935,85.57923309896312,79.83783760202358,97.06202409284217
2025-07-25 11:30:00,3.1496,3.153,3.1279,3.1284,1641175.6,0.010677044283578407,0.005067382765946149,0.005609661517632258,73.75275553237601,77.80947691214106,65.63931277284593
2025-07-25 11:45:00,3.1283,3.1401,3.1262,3.1346,969164.1,0.010968692325356244,0.006247644677828169,0.004721047647528075,69.99352032165045,75.2041580486442,59.57224486766293
2025-07-25 12:00:00,3.1346,3.1523,3.131,3.1391,1833250.7,0.011431166519622504,0.007284349046187036,0.0041468174734354685,69.13766958421341,73.18199522716726,61.0490182983057
2025-07-25 12:15:00,3.1392,3.1428,3.1043,3.1055,2200703.1,0.008982892267043407,0.0076240576903583105,0.001358834576685097,46.90644367392932,64.42347804275461,11.872374936278732
2025-07-25 12:30:00,3.1056,3.131,3.0971,3.1277,2466529.3,0.008733299707136766,0.007845906093714002,0.0008873936134227642,49.38819157894864,59.41171588815262,29.341142960540694
2025-07-25 12:45:00,3.1276,3.13,3.1145,3.1231,1957173.1,0.008071273630774645,0.00789097960112613,0.0001802940296485138,48.31918514973125,55.71420564201216,33.52914416516941
2025-07-25 13:00:00,3.1231,3.1272,3.1122,3.1178,1442205.0,0.0070378198828473515,0.007720347657470376,-0.0006825277746230242,44.46856274635712,51.96565801012715,29.474372218817066
2025-07-25 13:15:00,3.1177,3.13,3.1151,3.1216,979988.7,0.006451064725549571,0.0074664910710862155,-0.0010154263455366443,44.151333127529874,49.36088304926139,33.73223328406684
2025-07-25 13:30:00,3.1216,3.1383,3.0947,3.1055,3586071.1,0.0046335093775180525,0.006899894732372584,-0.0022663853548545313,35.60917920337334,44.77698176729871,17.27357407552259
2025-07-25 13:45:00,3.1055,3.1249,3.1044,3.1196,1544147.5,0.004281481576325241,0.006376212101163115,-0.002094730524837874,38.149175024471226,42.567712853022876,29.312099367367935
2025-07-25 14:00:00,3.1197,3.122,3.0706,3.0719,3988095.9,0.00015175630101671445,0.005131320941133836,-0.004979564640117121,25.96317910648128,37.03286827084234,3.8238007777591605
2025-07-25 14:15:00,3.0719,3.0761,3.0484,3.0619,5576669.5,-0.0038832336588523475,0.003328410021136599,-0.0072116436799889464,22.07573522352993,32.04715725507154,2.132891160446704
2025-07-25 14:30:00,3.0619,3.0666,3.0188,3.0243,9140812.3,-0.009999727403378067,0.0006627825362336658,-0.010662509939611733,16.25132696910365,26.78188049308224,-4.809780078853528
2025-07-25 14:45:00,3.0244,3.0387,3.0,3.0057,8875774.4,-0.016161655808309305,-0.0027021051326749286,-0.013459550675634377,12.208042997479088,21.92393466121452,-7.223740329991777
2025-07-25 15:00:00,3.0057,3.0324,2.9981,3.0293,6879602.7,-0.018922577996693946,-0.005946199705478732,-0.012976378291215214,15.556669654049324,19.801512992159456,7.066982977829063
2025-07-25 15:15:00,3.0294,3.0461,3.0268,3.0358,5220894.0,-0.020351533238343933,-0.008827266412051771,-0.011524266826292161,19.334498742262088,19.645841575527,18.711813075732266
2025-07-25 15:30:00,3.0357,3.0434,3.0083,3.0211,5155380.7,-0.02241180833378653,-0.011544174796398724,-0.010867633537387808,18.358044335069664,19.21657582870789,16.640981347793215
2025-07-25 15:45:00,3.0212,3.045,3.0207,3.0375,2982295.3,-0.022462316646924663,-0.013727803166503912,-0.008734513480420751,22.59621462506226,20.343122094159344,27.10239968686809
2025-07-25 16:00:00,3.0375,3.0522,3.0338,3.0409,2244087.0,-0.021974682799418055,-0.015377179093086741,-0.006597503706331314,26.578805445494883,22.42168321127119,34.89304991394227
2025-07-25 16:15:00,3.0409,3.0487,3.0261,3.0385,2311577.7,-0.02153366274454127,-0.01660847582337765,-0.004925186921163623,34.98416089528722,26.60917577260987,51.734131140641914
2025-07-25 16:30:00,3.0384,3.0518,3.0254,3.0402,1807650.1,-0.02080712380987082,-0.017448205420676283,-0.0033589183891945366,43.8093919350576,32.34258116009244,66.74301348498791
2025-07-25 16:45:00,3.0401,3.0634,3.0374,3.0587,1462025.0,-0.018524996452965237,-0.017663563627134074,-0.0008614328258311627,60.140411366608,41.6085245622643,97.2041849752954
2025-07-25 17:00:00,3.0586,3.0683,3.0549,3.0651,1724095.3,-0.016015352552792184,-0.017333921412265696,0.0013185688594735123,71.9074727249373,51.70817394982197,112.306070275168
2025-07-25 17:15:00,3.065,3.0716,3.0496,3.0627,1464665.8,-0.0140580491831086,-0.016678746966434278,0.002620697783325677,76.58497128476593,60.00043972813662,109.75403439802456
2025-07-25 17:30:00,3.0628,3.0699,3.0487,3.0672,1234209.2,-0.012005369344374905,-0.015744071442022403,0.0037387020976474977,82.07297190443059,67.35795045356794,111.5030148061559
2025-07-25 17:45:00,3.0672,3.0695,3.0597,3.0603,971377.4,-0.010810758424064204,-0.014757408838430764,0.00394665041436656,80.64851696051737,71.78813928921774,98.36927230311662
2025-07-25 18:00:00,3.0602,3.0774,3.0554,3.0667,2215127.7,-0.00924106886058329,-0.01365414084286127,0.0044130719822779805,80.24003694803727,74.60543850882425,91.50923382646332
2025-07-25 18:15:00,3.0668,3.0699,3.0567,3.0633,936133.5,-0.008177168845200367,-0.012558746443329091,0.004381577598128725,77.78822976022998,75.66636892595949,82.03195142877098
2025-07-25 18:30:00,3.0634,3.0745,3.0555,3.074,1056308.6,-0.006396880584199405,-0.011326373271503154,0.004929492687303749,83.01266599399942,78.11513461530613,92.80772875138601
2025-07-25 18:45:00,3.0741,3.0773,3.0667,3.0709,798857.1,-0.005176462367356027,-0.010096391090673729,0.004919928723317701,83.25844399599966,79.82957107553732,90.11618983692435
2025-07-25 19:00:00,3.071,3.0793,3.0654,3.0779,1009172.2,-0.0036028986662128837,-0.00879769260578156,0.005194793939568676,87.31390819776898,82.32435011628121,97.29302436074454
2025-07-25 19:15:00,3.0779,3.0814,3.0704,3.0709,1107551.4,-0.0028873954967565396,-0.007615633183976556,0.004728237687220017,80.8392415508062,81.82931392778954,78.85909679683948
2025-07-25 19:30:00,3.0709,3.0948,3.0709,3.0947,1348271.9,-0.00039533579992534484,-0.006171573707166315,0.00577623790724097,87.15385445397187,83.60416076985031,94.25324182221502
2025-07-25 19:45:00,3.0946,3.0976,3.0704,3.0707,1647556.9,-0.0003528920397308788,-0.005007837373679228,0.00465494533394835,70.18787769285325,79.1320664108513,52.29950025685716
2025-07-25 20:00:00,3.0708,3.0843,3.0708,3.0831,841765.8,0.00067355696942073,-0.0038715585050592373,0.004545115474479967,68.6718552707489,75.6453293641505,54.72490708394574
2025-07-25 20:15:00,3.0832,3.1102,3.0831,3.1094,2014603.2,0.003568084746170097,-0.0023836298548133707,0.005951714600983468,78.62706256319281,76.63924043049794,82.60270682858257
2025-07-25 20:30:00,3.1094,3.1258,3.1053,3.1246,2251109.6,0.007007750841957261,-0.0005053537154592442,0.007513104557416505,85.18238499945436,79.48695528681674,96.57324442472958
2025-07-25 20:45:00,3.1246,3.133,3.1181,3.1218,2665685.4,0.009399423699432585,0.0014756017675191218,0.007923821931913464,84.59890755387683,81.19093937583676,91.41484390995697
2025-07-25 21:00:00,3.1218,3.1395,3.1218,3.1388,1897374.5,0.012522250881791486,0.003684931590373595,0.008837319291417891,89.41771524734382,83.93319799967246,100.38674974268653
2025-07-25 21:15:00,3.1388,3.149,3.1342,3.1425,2174961.4,0.015121363336553895,0.005972217939609656,0.009149145396944239,90.18857013096886,86.01832204343793,98.5290663060307
2025-07-25 21:30:00,3.1425,3.146,3.1286,3.132,2300750.2,0.016147774936877024,0.00800732933906313,0.008140445597813893,86.24954717806752,86.09539708831447,86.55784735757359
2025-07-25 21:45:00,3.132,3.1442,3.1317,3.1398,1257989.3,0.017390145564630366,0.009883892584176579,0.007506252980453787,86.93141991684575,86.37407136449156,88.04611702155415
2025-07-25 22:00:00,3.1399,3.146,3.1374,3.1407,1823194.5,0.018237129440338062,0.011554539955408876,0.006682589484929186,87.74967636400108,86.83260636432806,89.58381636334713
2025-07-25 22:15:00,3.1408,3.1454,3.1345,3.1436,1206958.1,0.018924229292356376,0.013028477822798376,0.0058957514695579995,89.10170634686574,87.58897302517396,92.1271729902493
2025-07-25 22:30:00,3.1436,3.1507,3.1408,3.1479,1227212.4,0.019589914597585967,0.014340765177755895,0.005249149419830072,90.67867060422464,88.61887221819086,94.79826737629219
2025-07-25 22:45:00,3.148,3.1486,3.1392,3.1444,1050470.7,0.019609013744446013,0.01539441489109392,0.004214598853352094,87.34406261140539,88.1939356825957,85.6443164690248
2025-07-25 23:00:00,3.1444,3.145,3.1364,3.1371,658131.3,0.018818176737062764,0.01607916726028769,0.002739009476775075,75.87643389779994,84.08810175433045,59.453098184738934
2025-07-25 23:15:00,3.1371,3.1443,3.137,3.1392,1060477.7,0.018151644304075454,0.016493662669045242,0.0016579816350302118,66.57222290019267,78.24947546961785,43.2177177613423
2025-07-25 23:30:00,3.1392,3.1403,3.1321,3.1321,1071649.7,0.016856194172201633,0.016566168969676522,0.0002900252025251106,49.66051662426093,68.71982252116554,11.5419048304517
2025-07-25 23:45:00,3.1321,3.1425,3.1321,3.1423,813627.1,0.01646282219797346,0.016545499615335912,-8.267741736245338e-05,51.703502310910956,63.04771578441401,29.015075363904856
2025-07-26 00:00:00,3.1422,3.1423,3.1243,3.128,1879580.1,0.01482627353214827,0.016201654398698386,-0.0013753808665501153,39.14071871232476,55.07871676038426,7.264722616205759
2025-07-26 00:15:00,3.128,3.1434,3.1265,3.1395,1215298.6,0.014292495819240969,0.015819822682806906,-0.0015273268635659365,45.28573166680235,51.81438839585695,32.22841820869314
2025-07-26 00:30:00,3.1395,3.1443,3.1359,3.1381,880537.0,0.0135997355505042,0.015375805256346365,-0.0017760697058421659,47.61473020211085,50.41450233127492,42.01518594378271
2025-07-26 00:45:00,3.138,3.1389,3.1287,3.135,604766.7,0.012654698467585046,0.014831583898594103,-0.0021768854310090565,46.42079407164021,49.08326624473002,41.09584972546058
2025-07-26 01:00:00,3.135,3.1394,3.1288,3.1387,670758.2,0.012065228405838457,0.014278312800042974,-0.002213084394204517,54.13560184486172,50.767378111440586,60.872049311703975
2025-07-26 01:15:00,3.1387,3.1396,3.128,3.1315,769415.8,0.010891538432608261,0.013600957926556034,-0.0027094194939477727,48.09040122990796,49.875052484263044,44.52109872119779
2025-07-26 01:30:00,3.1315,3.134,3.1189,3.1194,854043.3,0.008882618499934214,0.01265729004123167,-0.003774671541297457,32.71643546560815,44.155513478044746,9.83827944073495
2025-07-26 01:45:00,3.1194,3.126,3.1088,3.1119,2313811.0,0.006609161361800009,0.011447664305345339,-0.00483850294354533,24.721755099137727,37.677594018409074,-1.1899227394049632
2025-07-26 02:00:00,3.112,3.1235,3.112,3.1234,957225.2,0.005670023588483453,0.010292136161972963,-0.0046221125734895105,30.190090253885455,35.181759430234536,20.20675190118729
2025-07-26 02:15:00,3.1234,3.146,3.1234,3.1455,1057145.4,0.00663257919527549,0.009560224768633468,-0.0029276455733579787,53.01203149542209,41.12518345196372,76.78572758233884
2025-07-26 02:30:00,3.1454,3.1635,3.1401,3.1435,2822932.9,0.007151589095807598,0.009078497634068296,-0.001926908538260698,56.486997230951694,46.24578804495971,76.96941560293567
2025-07-26 02:45:00,3.1435,3.1546,3.1423,3.1517,971030.8,0.008130852247553833,0.008888968556765403,-0.0007581163092115709,63.800594132029936,52.09739007398312,87.20700224812356
2025-07-26 03:00:00,3.1516,3.1529,3.1375,3.1409,751009.1,0.007943883466186463,0.008699951538649615,-0.0007560680724631522,62.09497256577731,55.42991757124785,75.42508255483624
2025-07-26 03:15:00,3.1409,3.1477,3.1354,3.1362,785541.1,0.00733194059228115,0.008426349349375924,-0.0010944087570947739,58.09378426993326,56.31787313747632,61.64560653484715
2025-07-26 03:30:00,3.1361,3.1445,3.1358,3.1411,583637.2,0.007159826482044718,0.008173044775909683,-0.001013218293864965,58.412309562039475,57.016018612330704,61.204891461457024
2025-07-26 03:45:00,3.1411,3.1479,3.1392,3.144,344863.3,0.007174724811836342,0.007973380783095015,-0.000798655971258673,60.391874869513295,58.14130403139157,64.89301654575675
2025-07-26 04:00:00,3.144,3.1487,3.1389,3.1485,946688.7,0.007463608405697819,0.007871426307615576,-0.00040781790191775705,63.88584538226443,60.05615114834919,71.54523385009492
2025-07-26 04:15:00,3.1484,3.1497,3.1441,3.1494,839878.2,0.007676681211079561,0.007832477288308375,-0.00015579607722881333,64.20319866714547,61.43850032128128,69.73259535887385
2025-07-26 04:30:00,3.1493,3.156,3.1479,3.1559,1193442.8,0.008274653566167078,0.007920912543880117,0.00035374102228696164,67.1200446630316,63.33234843519805,74.69543711869873
2025-07-26 04:45:00,3.156,3.1576,3.1484,3.1485,692105.7,0.00805853898891451,0.007948437832886996,0.00011010115602751343,64.41636611169044,63.69368766069551,65.8617230136803
2025-07-26 05:00:00,3.1484,3.1487,3.1412,3.1427,612532.2,0.007334705186349932,0.007825691303579584,-0.0004909861172296519,53.905205035421154,60.430860118937396,40.85389486838868
2025-07-26 05:15:00,3.1426,3.1609,3.1426,3.1609,955274.2,0.008135864398741255,0.007887725922611919,0.0002481384761293358,69.27013669028076,63.377285642718526,81.05583878540524
2025-07-26 05:30:00,3.1608,3.1722,3.1594,3.1663,2472645.0,0.009101606067723367,0.008130501951634209,0.0009711041160891578,74.11049405725676,66.95502178089794,88.42143860997442
2025-07-26 05:45:00,3.1664,3.1766,3.1663,3.1719,1295380.0,0.010201242918717934,0.008544650145050955,0.0016565927736669796,78.5847148710623,70.83158614428606,94.09097232461477
2025-07-26 06:00:00,3.1719,3.1734,3.1602,3.1632,1027317.9,0.01025251118751802,0.008886222353544368,0.0013662888339736525,73.87522105462484,71.84613111439899,77.93340093507658
2025-07-26 06:15:00,3.1632,3.1715,3.1575,3.1619,1364925.0,0.01007213719654887,0.009123405322145268,0.0009487318744036011,68.74167279347881,70.81131167409227,64.6023950322519
2025-07-26 06:30:00,3.162,3.1659,3.1569,3.1637,646466.0,0.009959626095971341,0.009290649476910483,0.0006689766190608581,67.01422254028522,69.54561529615658,61.95143702854247
2025-07-26 06:45:00,3.1637,3.1665,3.1532,3.1576,676742.7,0.009271366674197257,0.009286792916367838,-1.542624217058114e-05,60.11870956546314,66.40331338592544,47.54950192453853
2025-07-26 07:00:00,3.1575,3.1659,3.1558,3.1654,534833.5,0.009248697706434772,0.009279173874381225,-3.0476167946453386e-05,62.866333683943346,65.22432015193141,58.15036074796723
2025-07-26 07:15:00,3.1653,3.1662,3.1589,3.1608,457127.7,0.008758587287744035,0.009175056557053788,-0.0004164692693097525,59.75402637753094,63.40088889379792,52.46030134499698
2025-07-26 07:30:00,3.1608,3.163,3.1525,3.1563,402467.0,0.007915810323952055,0.008923207310433442,-0.0010073969864813868,45.091895869944544,57.29789121918012,20.67990517147338
2025-07-26 07:45:00,3.1564,3.1602,3.1532,3.1551,349704.6,0.007069579821563199,0.008552481812659394,-0.0014829019910961947,33.657391160876074,49.417724533078776,2.1367244164706705
2025-07-26 08:00:00,3.1552,3.1609,3.1541,3.155,320723.9,0.006318036495514434,0.008105592749230402,-0.0017875562537159675,26.42550160326336,41.753650223140305,-4.230795636490527
2025-07-26 08:15:00,3.155,3.1712,3.1542,3.1685,662167.8,0.006734143160341599,0.007831302831452641,-0.001097159671111042,45.68717650743857,43.06482565123972,50.931878219836264
2025-07-26 08:30:00,3.1684,3.1726,3.1634,3.1702,727046.8,0.007119022818991461,0.007688846828960405,-0.0005698240099689441,59.81135150247123,48.64700093498356,82.14005263744657
2025-07-26 08:45:00,3.1702,3.1794,3.1688,3.1749,1347613.6,0.007714367020851043,0.007693950867338533,2.041615351250966e-05,67.63135948987582,54.97512045328099,92.94383756306549
2025-07-26 09:00:00,3.175,3.1846,3.1715,3.1834,1739817.6,0.008770954449420998,0.007909351583755027,0.0008616028656659707,77.17480040758045,62.375013771380814,106.77437367997972
2025-07-26 09:15:00,3.1835,3.1859,3.1782,3.1797,1090645.0,0.009203654520814286,0.00816821217116688,0.0010354423496474058,78.59557552122115,67.78186768799425,100.22299118767495
2025-07-26 09:30:00,3.1797,3.1875,3.1757,3.1871,776117.4,0.010028092986768211,0.008540188334287147,0.001487904652481064,85.34943129986176,73.63772222528343,108.77284944901845
2025-07-26 09:45:00,3.1871,3.1981,3.1852,3.1939,2425570.7,0.011102190440301918,0.009052588755490101,0.0020496016848118165,87.11491411082102,78.13011952046263,105.0845032915378
2025-07-26 10:00:00,3.1938,3.2103,3.1932,3.2066,2130140.3,0.012830304508565593,0.0098081319061052,0.0030221726024603924,89.21539944280106,81.82521282790877,103.99577267258562
2025-07-26 10:15:00,3.2065,3.2103,3.1955,3.1965,1455392.5,0.013232327730042126,0.010492971070892585,0.0027393566591495406,84.61062280143945,82.75368281908567,88.32450276614702
2025-07-26 10:30:00,3.1964,3.211,3.1964,3.211,2563496.4,0.014553202587551883,0.011305017374224445,0.003248185213327438,89.74041520095962,85.08259361304364,99.05605837679158
2025-07-26 10:45:00,3.211,3.2111,3.1964,3.1999,2248787.9,0.014536757503406772,0.011951365400060912,0.0025853921033458602,84.33442967692021,84.83320563433584,83.33687776208896
2025-07-26 11:00:00,3.2,3.2026,3.1949,3.2,1164875.9,0.014366189332029045,0.01243433018645454,0.0019318591455745049,80.2128521078459,83.29308779217253,74.05238073919267
2025-07-26 11:15:00,3.2,3.2004,3.1845,3.1888,2085569.0,0.013175388749530725,0.012582541899069778,0.0005928468504609475,65.81045131106872,77.46554229847125,42.50026933626364
2025-07-26 11:30:00,3.1888,3.195,3.1785,3.1819,1797924.2,0.01154185109943029,0.01237440373914188,-0.0008325526397115913,49.71167563864109,68.2142534118612,12.70652009220089
2025-07-26 11:45:00,3.182,3.1859,3.1776,3.1855,902035.6,0.010417662329699873,0.01198305545725348,-0.0015653931275536066,41.001813609840546,59.14344014452098,4.718560540479672
2025-07-26 12:00:00,3.1856,3.1875,3.1779,3.1837,947036.6,0.009274578110342269,0.011441359987871238,-0.002166781877528969,33.40419414785388,50.563691478965275,-0.9148005143689062
2025-07-26 12:15:00,3.1837,3.1956,3.1837,3.1909,925423.1,0.008847665082522216,0.010922621006801435,-0.002074955924279219,35.503293611007116,45.54355885631256,15.42276312039624
2025-07-26 12:30:00,3.191,3.1918,3.1859,3.1916,588594.7,0.00846820142730742,0.010431737090902633,-0.0019635356635952124,37.59921066604474,42.89544279288995,27.006746412354317
2025-07-26 12:45:00,3.1915,3.199,3.1881,3.1904,947513.7,0.007978670627040607,0.009941123798130228,-0.001962453171089621,37.80245885198992,41.197781479256605,31.011813597456552
2025-07-26 13:00:00,3.1905,3.1905,3.1807,3.1832,1074667.6,0.006929851104017004,0.009338869259307585,-0.0024090181552905814,32.66830590132641,38.35462295327988,21.295671797419473
2025-07-26 13:15:00,3.1831,3.1836,3.1782,3.1802,635854.2,0.005789837505020934,0.008629062908450256,-0.002839225403429322,25.580040191527758,34.096428699362505,8.547263175858262
2025-07-26 13:30:00,3.1803,3.1961,3.1782,3.1952,968337.7,0.006027264599767879,0.008108703246713781,-0.002081438646945903,44.467690345753624,37.553515914826214,58.296039207608445
2025-07-26 13:45:00,3.1952,3.1985,3.1866,3.1874,702406.5,0.005522373980554551,0.007591437393481936,-0.0020690634129273845,44.909924404957046,40.005652078203155,54.71846905846482
2025-07-26 14:00:00,3.1874,3.1975,3.1816,3.1906,809383.7,0.005319142025551837,0.007136978319895917,-0.0018178362943440792,50.0031407565431,43.33814830431647,63.333125660996345
2025-07-26 14:15:00,3.1906,3.196,3.1832,3.1839,778672.4,0.004564824772765874,0.0066225476104699085,-0.0020577228377040343,42.470042555644206,43.04877972142572,41.31256822408119
2025-07-26 14:30:00,3.184,3.1889,3.1778,3.1838,839977.7,0.003913837469041503,0.006080805582184228,-0.0021669681131427244,37.747323967914156,41.28162780358853,30.678716296565412
2025-07-26 14:45:00,3.1838,3.1932,3.181,3.1811,994045.2,0.0031438179294389634,0.005493408051635175,-0.002349590122196212,30.353561890558925,37.63893916591199,15.782807339852795
2025-07-26 15:00:00,3.1811,3.1887,3.1761,3.1785,1132641.5,0.0022972918749988303,0.004854184816307906,-0.0025568929413090757,23.807136498468093,33.028338276764025,5.364732941876227
2025-07-26 15:15:00,3.1784,3.1873,3.1765,3.184,1032938.0,0.0020466256856228604,0.0042926729901708975,-0.002246047304548037,27.6273767132647,31.22801775559758,20.42609462859894
2025-07-26 15:30:00,3.184,3.1877,3.179,3.1814,670923.9,0.0016195040194668664,0.003758039196030092,-0.0021385351765632254,26.30515590408128,29.587063805092146,19.741340102059546
2025-07-26 15:45:00,3.1813,3.1928,3.18,3.1921,791119.4,0.002119969904735175,0.003430425337771109,-0.0013104554330359338,41.346294412244475,33.50680734080959,57.02526855511425
2025-07-26 16:00:00,3.1921,3.2108,3.1913,3.2035,1969180.9,0.0033973153145070434,0.003423803333118296,-2.648801861125259e-05,53.885041615848024,40.29955209915573,81.05602064923261
2025-07-26 16:15:00,3.2035,3.2181,3.2012,3.2097,2780991.7,0.004853955560744083,0.0037098337786434536,0.0011441217821006296,62.59002774389876,47.72971064740341,92.31066193688946
2025-07-26 16:30:00,3.2098,3.2136,3.193,3.1955,1662233.9,0.004807118653257447,0.003929290753566252,0.0008778278996911951,57.12351055942454,50.86097728474379,69.64857710878603
2025-07-26 16:45:00,3.1955,3.1962,3.1845,3.192,1025404.2,0.004436438812311927,0.004030720365315387,0.00040571844699653983,50.70138799199743,50.80778085382834,50.48860226833561
2025-07-26 17:00:00,3.192,3.1946,3.178,3.1817,1556268.0,0.0032738100045937024,0.0038793382931710503,-0.0006055282885773479,38.24536977244292,46.62031049336653,21.49548833059569
2025-07-26 17:15:00,3.1818,3.1894,3.1777,3.1875,546838.5,0.002788288175132436,0.0036611282695633274,-0.0008728400944308912,34.311015745731204,42.517212244154756,17.898622748884108
2025-07-26 17:30:00,3.1874,3.1875,3.1657,3.1682,1132683.2,0.0008365170759803142,0.003096206030846725,-0.002259688954866411,24.464341285958174,36.49958859142256,0.3938466750294083
2025-07-26 17:45:00,3.1682,3.1745,3.1651,3.1727,807574.7,-0.00034320691425016037,0.002408323441827348,-0.0027515303560775085,21.089435071141924,31.362870751329012,0.5425637107677517
2025-07-26 18:00:00,3.1727,3.1775,3.1681,3.1761,454918.2,-0.000992355830649494,0.0017281875873319797,-0.002720543417981474,20.977862374472,27.901201292376673,7.131184538662659
2025-07-26 18:15:00,3.1762,3.1782,3.1584,3.168,1582109.7,-0.0021357932343173403,0.0009553914230021156,-0.003091184657319456,19.345375586331542,25.04925939036163,7.937607978271366
2025-07-26 18:30:00,3.1679,3.1759,3.1677,3.1725,761780.0,-0.0026483348669992246,0.0002346461650018476,-0.002882981032001072,21.41140981117753,23.83664286396693,16.56094370559873
2025-07-26 18:45:00,3.1725,3.182,3.17,3.1753,1542366.5,-0.002796356546542089,-0.0003715543773069397,-0.0024248021692351495,29.17727144378327,25.616852390572376,36.298109550205055
2025-07-26 19:00:00,3.1752,3.1816,3.1729,3.1788,501581.7,-0.0026012583576191517,-0.0008174951733693821,-0.0017837631842497696,38.23604468259581,29.82324982124685,55.06163440529374
2025-07-26 19:15:00,3.1789,3.1835,3.1745,3.1834,611432.4,-0.0020518081143592326,-0.0010643577615673523,-0.0009874503527918803,52.372416885171184,37.33963884255496,82.43797297040362
2025-07-26 19:30:00,3.1835,3.1896,3.1795,3.189,381731.7,-0.0011512210791626565,-0.001081730425086413,-6.949065407624343e-05,67.60725228242188,47.4288433225106,107.96407020224444
2025-07-26 19:45:00,3.1891,3.1962,3.1887,3.1911,597545.2,-0.0002649922501154478,-0.0009183827900922201,0.0006533905399767723,73.90748035759337,56.255055667538194,109.21232973770371
2025-07-26 20:00:00,3.1911,3.192,3.1783,3.1783,371021.3,-0.000588716190319083,-0.0008524494701375927,0.00026373327981850977,66.82015445356322,59.776755262879874,80.90695283492991
2025-07-26 20:15:00,3.1783,3.1806,3.1705,3.1706,504810.9,-0.0014498820558310754,-0.0009719359872762893,-0.0004779460685547861,55.30514706075282,58.286219195504195,49.34300279125007
2025-07-26 20:30:00,3.1706,3.183,3.1684,3.1816,428042.7,-0.0012305689070917225,-0.001023662571239376,-0.00020690633585234656,53.12740798202227,56.56661545767688,46.24899303071304
2025-07-26 20:45:00,3.1817,3.1861,3.1743,3.1829,490233.2,-0.0009410150850639454,-0.0010071330740042898,6.611798894034441e-05,52.804363115113084,55.31253134348895,47.788026658361346
2025-07-26 21:00:00,3.1828,3.1828,3.1727,3.1728,506346.1,-0.0015091308645569512,-0.0011075326321148221,-0.0004015982324421291,40.47868811990747,50.36791693562845,20.700230488465493
2025-07-26 21:15:00,3.1727,3.1787,3.1718,3.1784,281673.0,-0.0014903141007462928,-0.0011840889258411163,-0.0003062251749051765,38.976199753798944,46.57067787501862,23.787243511359605
2025-07-26 21:30:00,3.1785,3.1846,3.1784,3.1825,435817.3,-0.0011315224584360628,-0.0011735756323601055,4.2053173924042715e-05,42.89060798934315,45.343987913126796,37.983848141775866
2025-07-26 21:45:00,3.1826,3.1953,3.1825,3.1925,448385.6,-3.9802254820031635e-05,-0.0009468209568520909,0.0009070187020320592,57.4906211535666,49.392865659940064,73.68613214081968
2025-07-26 22:00:00,3.1924,3.2026,3.1884,3.1988,974504.7,0.0013185517765577082,-0.0004937464101701311,0.0018122981867278393,67.95671039867398,55.58081390618471,92.70850338365251
2025-07-26 22:15:00,3.1989,3.2098,3.1918,3.1926,1445723.4,0.0018731761398704805,-2.0361900162008833e-05,0.0018935380400324892,64.78917569251378,58.65026783496106,77.06699140761923
2025-07-26 22:30:00,3.1925,3.1964,3.1828,3.1884,851674.2,0.0019513214257713685,0.0003739747650246666,0.0015773466607467018,59.29584337632969,58.865459682083944,60.156610764821195
2025-07-26 22:45:00,3.1884,3.1909,3.1802,3.1819,502885.0,0.0014717905651440155,0.0005935379250485364,0.0008782526400954792,48.39021137369352,55.373710245953795,34.42321362917296
2025-07-26 23:00:00,3.1819,3.1821,3.1729,3.173,630706.6,0.0003693456963889119,0.0005486994793166115,-0.0001793537829276996,33.31277249474294,48.02006432888351,3.8981888264617908
2025-07-26 23:15:00,3.173,3.1815,3.1713,3.1766,521067.7,-0.00021142274148377993,0.0003966750351565332,-0.0006080977766403132,26.797259585239953,40.94579608100232,-1.4998134062847868
2025-07-26 23:30:00,3.1766,3.1766,3.1695,3.171,485616.5,-0.001110755019116283,9.518902430197e-05,-0.001205944043418253,19.105534512574874,33.665708891526506,-10.014814245328395
2025-07-26 23:45:00,3.171,3.171,3.1637,3.1662,831487.4,-0.0021856078859889827,-0.00036097035775622054,-0.0018246375282327623,14.54468750585248,27.29203509630183,-10.950007675046223
2025-07-27 00:00:00,3.1662,3.1689,3.1564,3.168,1181740.6,-0.002859232122017996,-0.0008606227106085758,-0.0019986094114094206,16.937407151217556,23.840492447940406,3.1312365577718566
2025-07-27 00:15:00,3.1679,3.1833,3.1663,3.1761,1710198.6,-0.002708262710108489,-0.0012301507105085584,-0.0014781119995999304,23.58873335674171,23.756572750874174,23.253054568476777
2025-07-27 00:30:00,3.1761,3.1807,3.1681,3.1703,478990.7,-0.003021796501802676,-0.001588479868767382,-0.001433316633035294,27.309155571161153,24.940767024303167,32.04593266487712
2025-07-27 00:45:00,3.1704,3.1817,3.1648,3.1815,491957.3,-0.0023395589140782214,-0.00173869567782955,-0.0006008632362486713,42.457311443576174,30.77961516406084,65.81270400260684
2025-07-27 01:00:00,3.1815,3.1939,3.1751,3.1899,1014534.9,-0.0011082951753866865,-0.0016126155773409775,0.000504320401954291,58.08265207349524,39.88062746720564,94.48670128607444
2025-07-27 01:15:00,3.19,3.1996,3.1882,3.1982,1119169.8,0.0005311085535066873,-0.0011838707511714446,0.0017149793046781318,70.9748544687497,50.24536980105366,112.43382380414177
2025-07-27 01:30:00,3.1983,3.2025,3.1912,3.1941,1243844.3,0.0014824236282406922,-0.0006506118752890172,0.0021330355035297094,74.57615026766975,58.35562995659236,107.01719088982453
2025-07-27 01:45:00,3.194,3.1941,3.1862,3.187,666793.8,0.0016444804688076076,-0.00019159340646969232,0.0018360738752773,71.84324696080348,62.8515022913294,89.82673629975166
2025-07-27 02:00:00,3.187,3.1894,3.1773,3.1877,483462.1,0.0018085480166152301,0.00020843487814729215,0.0016001131384679379,70.52745748218415,65.41015402161432,80.76206440332379
2025-07-27 02:15:00,3.1877,3.1974,3.1877,3.1929,437274.0,0.002331295548184009,0.0006330070121546356,0.0016982885360293737,71.86357466097841,67.56129423473568,80.46813551346386
2025-07-27 02:30:00,3.1928,3.2003,3.1907,3.1968,605689.3,0.0030253992205171443,0.0011114854538271375,0.0019139137666900068,76.20259530891043,70.44172792612727,87.72433007447677
2025-07-27 02:45:00,3.1967,3.2064,3.1906,3.1981,734532.0,0.0036384388587209493,0.0016168761348059,0.0020215627239150496,77.48442251363277,72.7892927886291,86.87468196364011
2025-07-27 03:00:00,3.1982,3.2007,3.1871,3.1872,550867.2,0.0032077612093508456,0.001935053149714889,0.0012727080596359565,64.54233066404039,70.04030541376619,53.54638116458881
2025-07-27 03:15:00,3.1872,3.1917,3.1825,3.1905,623412.6,0.0030970278805355633,0.002167448095879024,0.0009295797846565392,58.14849535678325,66.07636872810521,42.29274861413933
2025-07-27 03:30:00,3.1905,3.2029,3.1893,3.2027,705084.9,0.003948196607184595,0.0025235977981401384,0.0014245988090444569,67.86073802708826,66.6711584944329,70.23989709239899
2025-07-27 03:45:00,3.2026,3.2049,3.1965,3.1994,698572.9,0.004306825135388603,0.0028802432655898316,0.0014265818697987718,70.5554977454356,67.96593824476713,75.73461674677253
2025-07-27 04:00:00,3.1994,3.2069,3.1917,3.201,1048990.7,0.004666356601811916,0.0032374659328342483,0.001428890668977668,73.7261876861463,69.88602139189352,81.40652027465185
2025-07-27 04:15:00,3.201,3.2179,3.1991,3.2106,1653095.4,0.0056606749119514355,0.003722107728657686,0.0019385671832937495,75.61030214857938,71.79411497745548,83.2426764908272
2025-07-27 04:30:00,3.2105,3.2195,3.2078,3.2098,852818.3,0.006311372449389285,0.004239960672804006,0.002071411776585279,75.00146269364745,72.8632308828528,79.27792631523675
2025-07-27 04:45:00,3.2099,3.2111,3.2043,3.2096,461495.3,0.006733299324026998,0.004738628403048605,0.001994670920978393,74.41538954351267,73.38061710307277,76.48493442439249
2025-07-27 05:00:00,3.2097,3.2163,3.2057,3.2151,604878.7,0.007425882495620151,0.005276079221562914,0.0021498032740572366,78.9796290650445,75.24695442373002,86.4449783476735
2025-07-27 05:15:00,3.2151,3.2356,3.212,3.2321,3245381.3,0.009240004553185965,0.006068864287887525,0.0031711402652984406,83.78930701009254,78.09440528585087,95.17911045857588
2025-07-27 05:30:00,3.2321,3.2387,3.2209,3.23,2106129.4,0.010388504688850109,0.006932792368080042,0.0034557123207700664,83.32242599593208,79.83707885587795,90.29312027604036
2025-07-27 05:45:00,3.23,3.2311,3.2172,3.2226,1167586.5,0.010579625824326033,0.007662159059329241,0.002917466764996792,77.4631776143092,79.0457784420217,74.29797595888422
2025-07-27 06:00:00,3.2226,3.2232,3.2101,3.215,705075.0,0.01000253126295414,0.00813023350005422,0.0018722977628999188,68.16694110457479,75.41949932953939,53.661824654645585
2025-07-27 06:15:00,3.2149,3.2205,3.2032,3.2054,933738.9,0.008670590723270699,0.008238304944697517,0.0004322857785731826,50.74765770608013,67.19555212171964,17.851868874801113
2025-07-27 06:30:00,3.2054,3.2134,3.2001,3.2133,956076.8,0.00815843684490547,0.008222331324739108,-6.38944798336382e-05,45.230735534623214,59.8739465926875,15.94431341849463
2025-07-27 06:45:00,3.2133,3.2139,3.1986,3.2016,753337.9,0.006730869711201848,0.007924039002031657,-0.001193169290829809,32.6475892757838,50.798494153719595,-3.654220480087787
2025-07-27 07:00:00,3.2016,3.2048,3.1938,3.2007,984108.8,0.005463905492930632,0.007432012300211452,-0.00196810680728082,26.887553949260383,42.82818075223319,-4.993699656685223
2025-07-27 07:15:00,3.2008,3.2043,3.1977,3.1982,629326.4,0.0042095727806903405,0.00678752439630723,-0.0025779516156168893,21.191554154740732,35.61597188640237,-7.65728130858254
2025-07-27 07:30:00,3.1981,3.199,3.1902,3.1926,1307495.2,0.002732137490123243,0.005976447015070433,-0.00324430952494719,15.777187305909747,29.00304369290483,-10.674525468080418
2025-07-27 07:45:00,3.1926,3.1957,3.1858,3.1897,874509.2,0.001312128216999664,0.005043583255456279,-0.0037314550384566153,13.3878820449996,23.79798981026975,-7.432333485540703
2025-07-27 08:00:00,3.1897,3.1931,3.1851,3.1853,673667.4,-0.00016636483991439022,0.004001593636382146,-0.004167958476296536,9.100232824400413,18.898737481646638,-10.496776490092039
2025-07-27 08:15:00,3.1852,3.1881,3.1786,3.1792,1335228.8,-0.0018094421370422609,0.0028393864816972647,-0.004648828618739526,6.544148851907302,14.780541271733526,-9.928635987745146
2025-07-27 08:30:00,3.1792,3.185,3.1732,3.1836,1465619.9,-0.0027251358355093735,0.0017264820182559368,-0.00445161785376531,12.880374418880166,14.147152320782405,10.346818615075687
2025-07-27 08:45:00,3.1837,3.1875,3.1796,3.1848,1154712.2,-0.0033157774985763666,0.0007180301148894761,-0.004033807613465843,18.087325779662947,15.460543473742584,23.340890391503674
2025-07-27 09:00:00,3.1848,3.1906,3.1772,3.186,888101.5,-0.0036450178044145076,-0.0001545794689713206,-0.003490438335443187,25.560326891083204,18.827137946189456,39.026704780870695
2025-07-27 09:15:00,3.186,3.1863,3.179,3.1796,611531.6,-0.00437197225708541,-0.0009980580265941386,-0.0033739142304912715,23.899810639071763,20.518028843816893,30.663374229581507
2025-07-27 09:30:00,3.1796,3.1849,3.1704,3.1735,889020.8,-0.005378310107388096,-0.00187410844275293,-0.0035042016646351657,19.546260705768507,20.194106131134095,18.250569855037334
2025-07-27 09:45:00,3.1735,3.1749,3.1674,3.1711,1252598.1,-0.00629691315127312,-0.002758669384456968,-0.003538243766816152,17.388908786177645,19.259040349481946,13.648645659569041
2025-07-27 10:00:00,3.1711,3.1823,3.1704,3.1817,606480.8,-0.006099272651168164,-0.003426790037799207,-0.0026724826133689566,30.139946972886516,22.886009223950136,44.64782247075927
2025-07-27 10:15:00,3.1817,3.188,3.1784,3.1784,694649.8,-0.006138166588110394,-0.003969065347861445,-0.002169101240248949,35.897895683073536,27.2233047103246,53.24707762857141
2025-07-27 10:30:00,3.1784,3.1951,3.1761,3.1936,803374.1,-0.00488615281690441,-0.004152482841670038,-0.0007336699752343717,55.46020963709106,36.63560635258009,93.10941620611301
2025-07-27 10:45:00,3.1936,3.21,3.1931,3.2026,1595637.6,-0.0031315989754534534,-0.003948306068426721,0.0008167070929732678,64.51650908513416,45.92924059676478,101.69104606187294
2025-07-27 11:00:00,3.2026,3.209,3.1982,3.2022,1225723.0,-0.0017531696241692707,-0.003509278779575231,0.0017561091554059603,70.24105300511286,54.033178066214134,102.65680288291031
2025-07-27 11:15:00,3.2023,3.2148,3.1941,3.1983,2198735.6,-0.0009643355783004459,-0.003000290139320274,0.0020359545610198282,68.55732647598252,58.87456086947026,87.92285768900706
2025-07-27 11:30:00,3.1983,3.2,3.1837,3.1878,858278.2,-0.0011729204645480884,-0.0026348162043658375,0.0014618957398177491,60.0508758785032,59.26666587248124,61.61929589054711
2025-07-27 11:45:00,3.1878,3.1882,3.1743,3.1802,1255398.5,-0.0019292428630093283,-0.002493701536094536,0.0005644586730852077,49.03532372209637,55.85621848901962,35.39353418824989
2025-07-27 12:00:00,3.1802,3.1863,3.1721,3.183,1460823.0,-0.0022764556496897015,-0.002450252358813569,0.00017379670912386763,42.149675274190336,51.287370750743186,23.87428432108463
2025-07-27 12:15:00,3.1831,3.1854,3.1721,3.1735,924536.0,-0.0032803807030750143,-0.0026162780276658584,-0.0006641026754091559,29.192679690990506,43.92247373082563,-0.2669083886797381
2025-07-27 12:30:00,3.1736,3.1781,3.163,3.1764,2465338.2,-0.0037982093836124164,-0.00285266429885517,-0.0009455450847572463,28.08469508356914,38.643214181740134,6.96765688722715
2025-07-27 12:45:00,3.1765,3.1977,3.175,3.1947,1693471.5,-0.0027008021175536356,-0.002822291862594864,0.00012148974504122816,39.12210045468331,38.80284293938786,39.76061548527423
2025-07-27 13:00:00,3.1947,3.2074,3.1907,3.1963,1804980.1,-0.0016825964006410565,-0.0025943527702041026,0.0009117563695630461,47.50997173169369,41.705219203489804,59.11947678810145
2025-07-27 13:15:00,3.1963,3.2073,3.1951,3.2072,1291491.3,3.833678428932785e-06,-0.0020747154804774954,0.0020785491589064282,60.1160429305242,47.8421604458346,84.6638078999034
2025-07-27 13:30:00,3.2073,3.2077,3.1927,3.1962,901491.4,0.00044757423976937716,-0.001570257536428121,0.002017831776197498,64.83500550327281,53.50644213164734,87.49213224652375
2025-07-27 13:45:00,3.1962,3.1991,3.1836,3.1861,1281507.7,-1.5564343109453205e-05,-0.0012593188977643873,0.001243754554654934,60.44928778517982,55.82072401615816,69.70641532322314
2025-07-27 14:00:00,3.1861,3.1963,3.1807,3.1934,1084921.3,0.00020409134657928263,-0.0009666368488956533,0.001170728195474936,62.969174705407035,58.203540912574454,72.5004422910722
2025-07-27 14:15:00,3.1935,3.2018,3.1871,3.1956,897524.0,0.000549359008340744,-0.0006634376774483739,0.001212796685789118,66.28966606012987,60.8989159617596,77.07116625687041
2025-07-27 14:30:00,3.1956,3.199,3.1785,3.1785,1189432.5,-0.000550495205474455,-0.0006408491830535901,9.03539775791351e-05,55.75164911092941,59.1831603448162,48.88862664315582
2025-07-27 14:45:00,3.1785,3.1871,3.1712,3.1803,1800496.9,-0.0012623411541277108,-0.0007651475772684142,-0.0004971935768592966,45.47826835705802,54.61486301556348,27.205079040047096
2025-07-27 15:00:00,3.1803,3.1818,3.168,3.1708,1938695.7,-0.002563504320119314,-0.0011248189258385942,-0.00143868539428072,32.6698111465187,47.29984572588188,3.40974198779233
2025-07-27 15:15:00,3.1709,3.1843,3.1675,3.1771,1911312.7,-0.0030511563240147588,-0.0015100864054738272,-0.0015410699185409316,29.74007310265411,41.446588184805954,6.327042938350431
2025-07-27 15:30:00,3.1771,3.1806,3.1705,3.1797,1058080.6,-0.0031910414401825626,-0.0018462774124155742,-0.0013447640277669884,29.942801637258615,37.61199266895684,14.604419573862174
2025-07-27 15:45:00,3.1797,3.1878,3.1766,3.1866,1052474.1,-0.002713845546124194,-0.002019791039157298,-0.0006940545069668959,38.523578156617404,37.915854498177026,39.73902547349816
2025-07-27 16:00:00,3.1866,3.22,3.185,3.2199,4878904.8,0.0003473631520249931,-0.0015463602009208397,0.0018937233529458329,58.95222670758607,44.92797856798004,87.00072298679812
2025-07-27 16:15:00,3.2199,3.2275,3.2117,3.2254,3603492.4,0.0031805339194983517,-0.0006009813768370015,0.003781515296335353,71.46815113839072,53.77470275811694,106.85504789893828
2025-07-27 16:30:00,3.2255,3.2288,3.209,3.2091,2126333.7,0.004063724305187755,0.0003319597595679497,0.003731764545619805,70.26642376055834,59.271943092264074,92.25538509714688
2025-07-27 16:45:00,3.2091,3.2198,3.1841,3.196,1909141.2,0.0036643580910675766,0.000998439425867875,0.0026659186651997015,62.3418355249835,60.29524056983721,66.43502543527607
2025-07-27 17:00:00,3.1961,3.199,3.1806,3.1859,2042647.9,0.002504007261303176,0.0012995529929549353,0.0012044542683482407,51.56666142122345,57.38571418696596,39.92855588973843
2025-07-27 17:15:00,3.186,3.1942,3.1768,3.193,2553899.8,0.002132746556942955,0.0014661917057525392,0.0006665548511904157,48.244005928450235,54.338478100794056,36.055061583762594
2025-07-27 17:30:00,3.193,3.1968,3.18,3.1882,1458449.4,0.0014346619987470888,0.0014598857643514493,-2.5223765604360507e-05,42.282739229601496,50.3198984770632,26.208420734678086
2025-07-27 17:45:00,3.1882,3.2099,3.1871,3.2055,5012335.4,0.0022514372081521294,0.0016181960531115854,0.0006332411550405441,46.64315437784396,49.09431711065679,41.74082891221832
2025-07-27 18:00:00,3.2055,3.2077,3.1978,3.2051,1201345.8,0.0028337945692742394,0.0018613157563441163,0.0009724788129301231,49.236461892921454,49.14169870474501,49.42598826927434
2025-07-27 18:15:00,3.2051,3.2129,3.1958,3.2094,1622574.3,0.00360078344685677,0.002209209294446647,0.0013915741524101232,53.72174382605016,50.66838041184673,59.82847065445702
2025-07-27 18:30:00,3.2094,3.2123,3.2007,3.2098,935579.0,0.004192574921351611,0.00260588241982764,0.0015866925015239706,56.96834203787952,52.76836762052432,65.36829087258992
2025-07-27 18:45:00,3.2097,3.2147,3.1996,3.2129,1080290.8,0.004855744026196707,0.003055854741101454,0.0017998892850952528,65.96339081595043,57.16670868566636,83.55675507651857
2025-07-27 19:00:00,3.2129,3.217,3.2051,3.2082,1222184.7,0.004945056071004927,0.0034336950070821487,0.0015113610639227787,70.01207812273982,61.44849849802418,87.13923737217112
2025-07-27 19:15:00,3.2081,3.2093,3.199,3.2039,828862.9,0.004615656036925486,0.0036700872130508164,0.0009455688238746698,69.14569718962082,64.01423139522306,79.40862877841633
2025-07-27 19:30:00,3.2038,3.2152,3.2014,3.2091,797058.1,0.004719793833166452,0.003880028537073944,0.0008397652960925083,72.3133476759632,66.78060348880311,83.37883605028338
2025-07-27 19:45:00,3.209,3.2173,3.1994,3.2088,1826313.4,0.00472366482642439,0.004048755794944034,0.0006749090314803561,72.16033332922956,68.57384676894526,79.33330644979816
2025-07-27 20:00:00,3.2089,3.2308,3.2078,3.2223,2301867.7,0.005749789794629923,0.004388962594881212,0.0013608271997487108,73.34498412424847,70.16422588737966,79.70650059798609
2025-07-27 20:15:00,3.2223,3.231,3.2218,3.2287,1345868.2,0.006998750498556028,0.004910920175616175,0.0020878303229398525,80.05195911313535,73.46013696263155,93.23560341414296
2025-07-27 20:30:00,3.2288,3.2291,3.2109,3.2121,1157332.0,0.006573306599939155,0.005243397460480772,0.001329909139458383,67.01380607542367,71.31136000022893,58.41869822581316
2025-07-27 20:45:00,3.212,3.2162,3.1946,3.2024,1307456.1,0.005391282957433852,0.0052729745598713886,0.00011830839756246311,51.81872785980628,64.81381595342138,25.828551672576083
2025-07-27 21:00:00,3.2025,3.2053,3.1917,3.1918,1041388.3,0.0035581728904290344,0.004930014225982918,-0.0013718413355538837,34.63063621527392,54.752756040705556,-5.613603435589354
2025-07-27 21:15:00,3.1917,3.2038,3.1893,3.202,1283325.7,0.0028951017793517053,0.004523031736656676,-0.0016279299573049707,33.238969307384956,47.581493796265356,4.553920329624148
2025-07-27 21:30:00,3.202,3.2078,3.1983,3.1987,683302.3,0.0020793611449825278,0.004034297618321846,-0.0019549364733393183,29.673301680543034,41.612096424357915,5.795712192913271
2025-07-27 21:45:00,3.1988,3.2188,3.1987,3.2157,829623.9,0.002772677045177474,0.003781973503692972,-0.001009296458515498,40.88531862635735,41.36983715835773,39.91628156235659
2025-07-27 22:00:00,3.2158,3.2474,3.2134,3.2465,4468262.5,0.00574125586105545,0.004173829975165468,0.001567425885889982,60.073861298811,47.604511871842156,85.01256015274869
2025-07-27 22:15:00,3.2464,3.2515,3.2334,3.2428,2953757.8,0.007706481362258266,0.004880360252584028,0.0028261211096742385,68.72019477798541,54.64307284055658,96.8744386528431
2025-07-27 22:30:00,3.2428,3.249,3.2346,3.2484,1330419.5,0.009605088448815913,0.005825305891830405,0.003779782556985508,77.48548890879636,62.257211529969844,107.94204366644938
2025-07-27 22:45:00,3.2483,3.2503,3.2345,3.2346,1364851.3,0.009882286725192202,0.006636702058502765,0.0032455846666894373,75.93351993705392,66.81598099899787,94.168597813166
2025-07-27 23:00:00,3.2345,3.2353,3.2072,3.2133,2458812.6,0.008287700910669216,0.006966901828936055,0.0013207990817331603,63.48408295910772,65.70534831903448,59.04155223925417
2025-07-27 23:15:00,3.2132,3.2325,3.2132,3.2302,1556563.2,0.008292082954440172,0.007231938054036879,0.0010601449004032926,64.24126430928725,65.2173203157854,62.28915229629092
2025-07-27 23:30:00,3.2302,3.2333,3.2195,3.2292,788727.8,0.008121247427999467,0.007409799928829397,0.0007114474991700703,62.188411795163915,64.2076841422449,58.149867101001945
2025-07-27 23:45:00,3.2291,3.2439,3.2284,3.2389,1182731.9,0.00866864127562561,0.00766156819818864,0.0010070730774369707,66.83772907556386,65.08436578668456,70.34445565332246
2025-07-28 00:00:00,3.239,3.2419,3.2237,3.2419,1300060.5,0.009238039403816067,0.007976862439314125,0.0012611769645019429,70.66834308574067,66.9456915530366,78.11364615114883
2025-07-28 00:15:00,3.242,3.2855,3.2389,3.2854,5540887.3,0.013048957716172538,0.008991281494685808,0.00405767622148673,80.40299075022142,71.4314579520982,98.34605634646786
2025-07-28 00:30:00,3.2854,3.2864,3.2578,3.2641,3301817.6,0.01418686855672302,0.01003039890709325,0.0041564696496297696,77.54980528129242,73.4709070618296,85.70760172021804
2025-07-28 00:45:00,3.2642,3.2769,3.2528,3.262,2902290.4,0.014749199060781315,0.010974158937830865,0.0037750401229504505,74.76384325150137,73.90188579172019,76.48775817106372
2025-07-28 01:00:00,3.2621,3.2695,3.2476,3.2487,1605953.8,0.013960720691473583,0.011571471288559409,0.002389249402914174,67.30889213399756,71.70422123914598,58.518233923700706
2025-07-28 01:15:00,3.2486,3.2628,3.2378,3.2433,2180675.7,0.012753101220460472,0.011807797274939622,0.0009453039455208506,58.57933428241005,67.32925892023401,41.07948500676213
2025-07-28 01:30:00,3.2432,3.2434,3.2224,3.2263,2163753.9,0.010305500766299325,0.011507337973211563,-0.001201837206912238,42.441031026340205,59.03318295560274,9.256727167815143
2025-07-28 01:45:00,3.2263,3.2447,3.2261,3.2446,1687198.8,0.009730252538494355,0.01115192088626812,-0.0014216683477737656,39.85652068422691,52.64096219847746,14.287637655725803
2025-07-28 02:00:00,3.2447,3.2494,3.237,3.2482,1736880.2,0.009455852900886796,0.010812707289191856,-0.0013568543883050593,40.00851378948473,48.43014606214655,23.16524924416109
2025-07-28 02:15:00,3.2482,3.265,3.2478,3.264,2106953.5,0.0103935072828083,0.010728867287915146,-0.0003353600051068453,48.33900919298973,48.39976710576094,48.21749336744732
2025-07-28 02:30:00,3.264,3.2928,3.2595,3.277,4172758.6,0.012046729293911262,0.01099243968911437,0.001054289604796893,58.07827885593256,51.62593768915148,70.98296118949473
2025-07-28 02:45:00,3.277,3.2873,3.2673,3.269,2220064.3,0.012566527401824956,0.011307257231656487,0.0012592701701684694,60.78324651001566,54.678373962772866,72.99299160450124
2025-07-28 03:00:00,3.2689,3.2789,3.2533,3.254,1816547.3,0.011633987145611258,0.011372603214447441,0.00026138393116381664,55.48428555213163,54.94701115922579,56.55883433794331
2025-07-28 03:15:00,3.2539,3.2619,3.2494,3.2533,1479923.4,0.010714942931818516,0.011241071157921657,-0.0005261282261031404,51.62020551960282,53.83807594601814,47.184464666772186
2025-07-28 03:30:00,3.2534,3.2759,3.2519,3.2737,1820294.0,0.011500136861959831,0.01129288429872929,0.00020725256323054012,58.70324307367448,55.459798321903584,65.19013257721626
2025-07-28 03:45:00,3.2736,3.2798,3.2651,3.2693,1172503.8,0.011633264449826264,0.011360960328948686,0.00027230412087757803,60.724700779750854,57.21476580785267,67.74457072354721
2025-07-28 04:00:00,3.2693,3.2755,3.2573,3.2586,1236838.5,0.010751432623228308,0.01123905478780461,-0.0004876221645763023,53.38635965961873,55.93863042510802,48.281818128640154
2025-07-28 04:15:00,3.2585,3.2659,3.25,3.2641,1655968.3,0.01037676173203872,0.011066596176651431,-0.0006898344446127115,47.66498051381995,53.18074712134533,36.633447298769184
2025-07-28 04:30:00,3.264,3.2754,3.2565,3.2725,1495571.3,0.010635047937152198,0.010980286528751585,-0.000345238591599387,49.51858915975081,51.960027800813826,44.635711877624786
2025-07-28 04:45:00,3.2725,3.2736,3.2657,3.2724,755398.7,0.010708234588598042,0.010925876140720877,-0.00021764155212283462,53.24106471687882,52.387040106168826,54.94911393829881
2025-07-28 05:00:00,3.2725,3.2786,3.2645,3.278,1290229.6,0.011090267041000246,0.010958754320776752,0.000131512720223494,66.8536922673931,57.20925749324359,86.1425618156921
2025-07-28 05:15:00,3.2781,3.2968,3.2769,3.2916,3154384.7,0.012348095691275152,0.011236622594876431,0.0011114730963987206,74.24564013325482,62.888051706580676,96.96081698660312
2025-07-28 05:30:00,3.2916,3.3056,3.2793,3.3056,3542930.4,0.01430966405612022,0.011851230887125188,0.002458433168995031,82.83042675550321,69.53551005622153,109.4202601540666
2025-07-28 05:45:00,3.3055,3.3308,3.2972,3.3192,5898561.2,0.01676833255785226,0.012834651221270603,0.003933681336581658,83.76813928914733,74.27971980053013,102.74497826638174
2025-07-28 06:00:00,3.3192,3.3255,3.3078,3.3139,1968526.9,0.018080755656840974,0.013883872108384678,0.004196883548456296,82.20681233137869,76.92208397747964,92.77626903917678
2025-07-28 06:15:00,3.3139,3.3155,3.2958,3.2966,2427761.8,0.01752290189500183,0.014611678065708109,0.0029112238292937215,74.02896399649677,75.95771065048535,70.1714706885196
2025-07-28 06:30:00,3.2967,3.3051,3.2874,3.2875,2689967.4,0.0161602198662667,0.014921386425819829,0.0012388334404468716,63.260224539611634,71.72521528019412,46.330243058446655
2025-07-28 06:45:00,3.2875,3.294,3.2846,3.2898,2450172.0,0.015091905229893232,0.01495549018663451,0.0001364150432587221,54.893442805191114,66.11462445519312,32.451079505187096
2025-07-28 07:00:00,3.2898,3.2942,3.2596,3.2692,4716142.9,0.01243961421586981,0.01445231499248157,-0.0020127007766117602,41.090010559266105,57.77308648988412,7.723858698030071
2025-07-28 07:15:00,3.2692,3.2864,3.2626,3.2835,2410084.5,0.011360587191026728,0.013833969432190603,-0.002473382241163875,38.58247894962319,51.37621730979714,12.995002229275286
2025-07-28 07:30:00,3.2834,3.2834,3.266,3.2711,2181239.8,0.009396556477078377,0.01294648684116816,-0.0035499303640897824,31.105547764168392,44.61932746125422,4.077988369996731
2025-07-28 07:45:00,3.2711,3.2782,3.2707,3.2737,1412761.8,0.00795811011740799,0.011948811496416125,-0.003990701379008135,27.33815543828453,38.85893678693099,4.296592740991613
2025-07-28 08:00:00,3.2736,3.2777,3.2564,3.26,2285645.9,0.0056475540223108744,0.010688560001595074,-0.0050410059792842,19.9620505623294,32.55997471206379,-5.233797737139383
2025-07-28 08:15:00,3.2601,3.2706,3.257,3.2642,2240878.9,0.0041079724204853285,0.009372442485373127,-0.0052644700648877985,17.70735688926869,27.609102104465425,-2.096133541124779
2025-07-28 08:30:00,3.2641,3.2654,3.25,3.2565,2531889.1,0.0022406880040066746,0.007946091589099837,-0.005705403585093163,15.737148996959503,23.65178440196345,-0.09212181304839362
2025-07-28 08:45:00,3.2564,3.2657,3.2527,3.2637,1438006.4,0.001326539951164385,0.006622181261512747,-0.005295641310348362,20.82325770234709,22.708942168757996,17.05188876952527
2025-07-28 09:00:00,3.2638,3.2642,3.2518,3.2524,1638302.0,-0.0003062146765739904,0.0052365020738954,-0.00554271675046939,15.692126552696083,20.37000363007069,6.336372397946867
2025-07-28 09:15:00,3.2525,3.263,3.2481,3.2571,2142377.9,-0.0012070199868929876,0.003947797661737722,-0.00515481764863071,18.294315874121057,19.67810771142081,15.526732199521554
2025-07-28 09:30:00,3.2571,3.258,3.2417,3.2435,2624785.1,-0.002983924204528421,0.002561453288484494,-0.005545377493012915,13.635059503610876,17.6637583088175,5.577661893197629
2025-07-28 09:45:00,3.2434,3.2612,3.2388,3.2533,2161823.4,-0.003560314412595744,0.0013370997482684468,-0.004897414160864191,21.357383154691448,18.894966590775482,26.28221628252338
2025-07-28 10:00:00,3.2533,3.255,3.2438,3.2448,958194.5,-0.0046493914768919176,0.00013980150323637396,-0.004789192980128291,19.379643611268367,19.05652559760644,20.025879638592222
2025-07-28 10:15:00,3.2448,3.2577,3.2411,3.2527,1144776.1,-0.004819473034653132,-0.0008520534043415274,-0.003967419630311605,27.489993015478706,21.867681403563864,38.734616239308394
2025-07-28 10:30:00,3.2527,3.2527,3.2326,3.2353,2183454.0,-0.006285839234783097,-0.0019388105704298414,-0.004347028664353256,21.045695242947485,21.593686016691738,19.949713695458975
2025-07-28 10:45:00,3.2353,3.2415,3.2319,3.2389,1239954.2,-0.007075888659559659,-0.0029662261882558052,-0.004109662471303854,20.933816552497685,21.373729528627052,20.053990600238947
2025-07-28 11:00:00,3.2389,3.2393,3.2289,3.2298,1173811.9,-0.008340162269746543,-0.004041013404553952,-0.00429914886519259,14.80573605860574,19.184398371953282,6.048411431910658
2025-07-28 11:15:00,3.2297,3.2308,3.2243,3.225,1384898.0,-0.009618551425650157,-0.005156521008773193,-0.004462030416876964,10.47341921564254,16.280738653183036,-1.1412196594384518
2025-07-28 11:30:00,3.225,3.243,3.2241,3.2397,2164303.3,-0.009337875676849183,-0.005992791942388391,-0.003345083734460792,20.998451983833572,17.85330976339988,27.28873642470095
2025-07-28 11:45:00,3.2397,3.2497,3.2397,3.2448,1687907.8,-0.008604720880188932,-0.0065151777299485,-0.002089543150240432,32.597350738548606,22.767990088449455,52.2560720387469
2025-07-28 12:00:00,3.2449,3.2465,3.2316,3.2406,1473261.3,-0.008267295089299243,-0.006865601201818648,-0.001401693887480594,38.10061477808028,27.87886498499306,58.5441143642547
2025-07-28 12:15:00,3.2405,3.2495,3.2379,3.2414,2415573.6,-0.007844898300547687,-0.0070614606215644565,-0.0007834376789832304,42.563108264752096,32.77361274491274,62.142099304430815
2025-07-28 12:30:00,3.2414,3.2466,3.2329,3.2402,2132235.7,-0.007520286590835479,-0.0071532258154186614,-0.00036706077541681734,47.139974274403784,37.56239992140976,66.29512298039184
2025-07-28 12:45:00,3.2402,3.2414,3.2253,3.23,2007734.2,-0.00799393511922819,-0.007321367676180568,-0.0006725674430476227,39.10894118293592,38.077913675251814,41.17099619830414
2025-07-28 13:00:00,3.23,3.2309,3.203,3.2046,4267954.5,-0.010300139121595997,-0.007917121965263653,-0.002383017156332344,27.21466885429152,34.45683206826505,12.730342426344464
2025-07-28 13:15:00,3.2047,3.2117,3.1789,3.1894,6172665.6,-0.013202149218931591,-0.008974127415997242,-0.004228021802934349,23.08661539438643,30.666759843638843,7.926326495881611
2025-07-28 13:30:00,3.1894,3.2087,3.1728,3.1935,4667512.8,-0.014998286483579815,-0.010178959229513757,-0.004819327254066058,24.363768737133125,28.565762808136938,15.959780595125494
2025-07-28 13:45:00,3.1935,3.2004,3.1802,3.1914,2485449.1,-0.016402117258064397,-0.011423590835223886,-0.004978526422840511,24.304931217039677,27.14548561110452,18.62382242890999
2025-07-28 14:00:00,3.1914,3.2011,3.1823,3.1886,2383021.2,-0.017538427782140875,-0.012646558224607283,-0.004891869557533592,23.069867225962167,25.786946149390403,17.63570937910569
2025-07-28 14:15:00,3.1886,3.1928,3.1425,3.1544,8010878.4,-0.02095703656559511,-0.014308653892804848,-0.006648382672790262,19.08707659300899,23.553656297263263,10.15391718450045
2025-07-28 14:30:00,3.1545,3.169,3.1405,3.1682,3715724.2,-0.02229575243222648,-0.015906073600689175,-0.006389678831537304,21.427199663953925,22.844837419493484,18.591924152874803
2025-07-28 14:45:00,3.1683,3.169,3.1481,3.1556,1793987.1,-0.024095649451015166,-0.017543988770754373,-0.006551660680260793,19.273237172731854,21.654304003906276,14.511103510383009
2025-07-28 15:00:00,3.1556,3.1679,3.1542,3.1667,1625683.3,-0.02434576079677786,-0.01890434317595907,-0.005441417620818789,22.50959174347321,21.939399917095255,23.649975396229117
2025-07-28 15:15:00,3.1668,3.1772,3.1656,3.1758,3619276.4,-0.02353834648594466,-0.01983114383795619,-0.0037072026479884716,31.532611724113348,25.137137186101285,44.32356080013747
2025-07-28 15:30:00,3.1758,3.1807,3.1623,3.1629,2383818.8,-0.023666573490438214,-0.020598229768452596,-0.0030683437219856183,31.96993274276187,27.414735704988146,41.08032681830932
2025-07-28 15:45:00,3.1629,3.1721,3.146,3.1601,2700065.0,-0.023720693525406844,-0.02122272251984345,-0.002497971005563395,32.094366602985396,28.974612670987227,38.33387446698174
2025-07-28 16:00:00,3.1601,3.1627,3.1466,3.1554,2155976.9,-0.023867702743397334,-0.021751718564554226,-0.0021159841788431083,29.59206398394866,29.180429775307704,30.415332401230565
2025-07-28 16:15:00,3.1555,3.1705,3.1516,3.1665,2438669.8,-0.02282541420771045,-0.021966457693185473,-0.0008589565145249757,36.29910702817745,31.553322192930953,45.79067669867046
2025-07-28 16:30:00,3.1665,3.179,3.1593,3.179,2213711.8,-0.02075153670302443,-0.021723473495153266,0.0009719367921288344,56.12311944498726,39.74325461028305,88.88284911439568
2025-07-28 16:45:00,3.179,3.1856,3.1681,3.1704,2332364.5,-0.019576259037494825,-0.02129403060362158,0.001717771566126753,57.954133502045316,45.8135475742038,82.23530535772834
2025-07-28 17:00:00,3.1705,3.1784,3.1644,3.1648,1231524.3,-0.01887908982333375,-0.020811042447564012,0.001931952624230262,54.46100482627946,48.69603332489569,65.99094782904702
2025-07-28 17:15:00,3.1648,3.179,3.157,3.1777,1989348.4,-0.01708866847522117,-0.020066567653095443,0.0029778991778742735,62.99083823435484,53.46096829471541,82.0505781136337
2025-07-28 17:30:00,3.1777,3.1818,3.1572,3.1617,1281912.8,-0.01676752732242326,-0.019406759586961007,0.0026392322645377476,55.20938037172497,54.043772320385266,57.54059647440438
2025-07-28 17:45:00,3.1618,3.1661,3.1543,3.1577,1091314.6,-0.016643926392767572,-0.018854192948122322,0.0022102665553547507,46.65473842963504,51.58076102346852,36.80269324196807
2025-07-28 18:00:00,3.1577,3.1608,3.1222,3.1509,5401671.3,-0.016899863825171835,-0.018463327123532224,0.0015634632983603895,46.1925385535107,49.78468686681591,39.00824192690028
2025-07-28 18:15:00,3.1508,3.1518,3.124,3.1358,3795184.7,-0.018112351969360674,-0.018393132092697915,0.00028078012333724103,37.94539373598939,45.83825582320707,22.159669561554026
2025-07-28 18:30:00,3.1358,3.1497,3.1141,3.1488,4341857.1,-0.017818861461595503,-0.018278277966477435,0.0004594165048819321,41.47408533448244,44.38353232696553,35.65519134951626
2025-07-28 18:45:00,3.1488,3.1498,3.1363,3.1427,1811127.7,-0.017872464494411044,-0.01819711527206416,0.00032465077765311476,40.98272355632162,43.24992940341756,36.448311862129756
2025-07-28 19:00:00,3.1426,3.1625,3.1422,3.1567,2579949.7,-0.016593977246680325,-0.017876487666987392,0.0012825104203070675,48.29670492134875,44.93218790939462,55.025738945257004
2025-07-28 19:15:00,3.1566,3.1632,3.1513,3.1603,1124081.9,-0.015116028807613535,-0.017324395895112622,0.002208367087499087,54.94521834736883,48.26986472205269,68.2959255980011
2025-07-28 19:30:00,3.1603,3.1605,3.1406,3.1421,1389390.1,-0.015237681411676807,-0.01690705299842546,0.0016693715867486525,50.41645772640939,48.98539572350492,53.27858173221833
2025-07-28 19:45:00,3.1421,3.1607,3.1314,3.1607,2381689.0,-0.013675583806179947,-0.016260759159976358,0.002585175353796411,63.482766689400954,53.81785271213693,82.81259464392899
2025-07-28 20:00:00,3.1607,3.164,3.132,3.134,1954485.1,-0.01442578558186014,-0.015893764444353115,0.0014679788624929746,55.615097632613185,54.41693435229568,58.0114241932482
2025-07-28 20:15:00,3.1341,3.1429,3.1111,3.1151,3425405.7,-0.016356846396631042,-0.0159863808348087,-0.0003704655618223425,39.59721064606474,49.477026450218695,19.837579037756825
2025-07-28 20:30:00,3.1152,3.1399,3.1142,3.134,2580851.7,-0.01617569066579172,-0.016024242801005305,-0.0001514478647864151,40.82788208162341,46.5939783273536,29.295689590163022
2025-07-28 20:45:00,3.1341,3.1512,3.1301,3.1416,1253395.0,-0.01524315337620763,-0.01586802491604577,0.0006248715398381385,46.43723959820884,46.541732084305345,46.22825462601584
2025-07-28 21:00:00,3.1416,3.1534,3.1349,3.1378,1374527.4,-0.014641955746177882,-0.015622811082072191,0.0009808553358943099,47.782356329492636,46.95527349936777,49.43652198974236
2025-07-28 21:15:00,3.1378,3.1478,3.1307,3.1455,2419141.8,-0.013389827053178482,-0.01517621427629345,0.0017863872231149679,53.53102268216969,49.14718989363507,62.29868825923893
2025-07-28 21:30:00,3.1454,3.1624,3.1421,3.1611,2050575.1,-0.011011779478285355,-0.014343327316691832,0.003331547838406477,67.19333459214567,55.16257145980527,91.25486085682648
2025-07-28 21:45:00,3.1611,3.1615,3.1327,3.1437,1157936.6,-0.010411180615012228,-0.013556897976355913,0.003145717361343685,65.33745935632639,58.55420075864564,78.90397655168788
2025-07-28 22:00:00,3.1436,3.1583,3.1307,3.1421,2071847.6,-0.009949615344754914,-0.012835441450035715,0.0028858261052808008,63.092017642717934,60.06680638666975,69.14244015481431
2025-07-28 22:15:00,3.1421,3.1508,3.1321,3.1373,1161560.5,-0.009857510186066065,-0.012239855197241786,0.002382345011175721,59.08538668059057,59.73966648464335,57.77682707248499
2025-07-28 22:30:00,3.1374,3.1418,3.1076,3.12,2427111.8,-0.01105306870634104,-0.012002497899061638,0.0009494291927205981,46.93283686248619,55.47072327725763,29.8570640329433
2025-07-28 22:45:00,3.1199,3.1353,3.118,3.1329,801082.1,-0.01083473912870625,-0.011768946144990562,0.0009342070162843118,46.677852312216935,52.539766288910734,34.95402435882933
2025-07-28 23:00:00,3.133,3.1402,3.1238,3.1334,836396.5,-0.010500324341343514,-0.011515221784261152,0.0010148974429176373,46.8119988650789,50.63051048096679,39.17497563330312
2025-07-28 23:15:00,3.1335,3.1459,3.1196,3.1221,1462298.6,-0.011020081139376803,-0.011416193655284282,0.00039611251590747874,40.027950581585465,47.09632384783968,25.891204049077047
2025-07-28 23:30:00,3.1221,3.1318,3.1154,3.1155,751858.6,-0.01182820876017976,-0.011498596676263378,-0.00032961208391638075,31.490653185777074,41.89443362715215,10.683092303026925
2025-07-28 23:45:00,3.1154,3.1285,3.1073,3.1235,1184411.0,-0.01168838614103418,-0.011536554569217539,-0.00015183157181664075,30.95686842151431,38.248578558606205,16.37344814733052
2025-07-29 00:00:00,3.1235,3.1424,3.1172,3.1418,1041048.7,-0.009985808463458756,-0.011226405348065783,0.0012405968846070266,43.1869318888526,39.894696335355,49.771402995847794
2025-07-29 00:15:00,3.1417,3.1482,3.1279,3.1284,1046778.3,-0.009607027565488924,-0.010902529791550413,0.0012955022260614894,44.959870301380796,41.5830876573636,51.7134355894152
2025-07-29 00:30:00,3.1284,3.1381,3.0788,3.0939,5318742.3,-0.011952916861206031,-0.011112607205481538,-0.000840309655724493,37.22588855826919,40.130687957665465,31.41628975947664
2025-07-29 00:45:00,3.0939,3.1285,3.0906,3.1253,1781803.5,-0.011149805433505744,-0.01112004685108638,-2.9758582419363994e-05,47.151552986972945,42.47097630076796,56.51270635938292
2025-07-29 01:00:00,3.1253,3.1357,3.1153,3.1311,1471744.8,-0.009930845706008995,-0.010882206622070904,0.0009513609160619087,56.554445507165376,47.16546603623377,75.33240444902859
2025-07-29 01:15:00,3.1311,3.1418,3.1311,3.1357,566499.4,-0.008495696680693055,-0.010404904633795333,0.001909207953102279,65.03245454560295,53.12112887269016,88.85510589142852
2025-07-29 01:30:00,3.1356,3.142,3.1306,3.1306,507905.3,-0.007681312724326705,-0.009860186251901607,0.0021788735275749017,68.234892847885,58.15905019775511,88.38657814814479
2025-07-29 01:45:00,3.1306,3.1308,3.1143,3.1162,869315.9,-0.008104444237437392,-0.009509037849008764,0.0014045936115713725,63.453425203104864,59.92384186620503,70.51259187690452
2025-07-29 02:00:00,3.1162,3.1346,3.1134,3.1319,2547956.2,-0.007091177539875648,-0.00902546578718214,0.0019342882473064923,67.80660623530707,62.55142998923905,78.31695872744312
2025-07-29 02:15:00,3.132,3.132,3.0948,3.1252,2004975.7,-0.006750969414551111,-0.008570566512655935,0.0018195970981048238,67.49066736532471,64.19784244793426,74.07631720010559
2025-07-29 02:30:00,3.1252,3.1254,3.1004,3.113,1354998.3,-0.007380709835854482,-0.008332595177295645,0.0009518853414411631,63.03175292709409,63.80914594098754,61.476966899307186
2025-07-29 02:45:00,3.1131,3.1188,3.0984,3.1098,1716942.2,-0.008045256207692031,-0.008275127383374922,0.0002298711756828914,54.472530485767045,60.69694078924738,42.023709878806386
2025-07-29 03:00:00,3.1098,3.135,3.1094,3.135,1469174.3,-0.00646397195534032,-0.007912896297768002,0.0014489243424276824,64.70485083231915,62.032910803604636,70.04873088974819
2025-07-29 03:15:00,3.1349,3.1349,3.1204,3.1224,936271.4,-0.006156538743892881,-0.007561624786992979,0.001405086043100098,62.62809264527478,62.23130475082802,63.421668434168296
2025-07-29 03:30:00,3.1223,3.1337,3.1156,3.1337,1230388.4,-0.004944087780577977,-0.0070381173857099796,0.0020940296051320025,69.22381317594603,64.56214089253403,78.54715774277005
2025-07-29 03:45:00,3.1337,3.1437,3.1305,3.1406,1269637.1,-0.003387391581050725,-0.0063079722247781295,0.0029205806437274046,77.36938601641127,68.8312226004931,94.44571284824758
2025-07-29 04:00:00,3.1407,3.1469,3.1373,3.1468,903653.6,-0.0016345681588449956,-0.005373291411591503,0.003738723252746507,84.84894448438921,74.17046322845847,106.20590699625066
2025-07-29 04:15:00,3.1468,3.1468,3.1375,3.1411,1059857.6,-0.0006973467521724785,-0.004438102479707697,0.003740755727535219,86.18848378293876,78.1764700799519,102.21251118891249
2025-07-29 04:30:00,3.1411,3.1442,3.13,3.1311,952244.5,-0.0007528303024759708,-0.0037010480442613526,0.0029482177417853818,79.93321599274958,78.76205205088446,82.27554387647982
2025-07-29 04:45:00,3.1312,3.1351,3.1222,3.1253,1053084.5,-0.0012503991204919629,-0.003210918259507475,0.001960519139015512,71.7767831704243,76.43362909073107,62.46309132981074
2025-07-29 05:00:00,3.1252,3.1401,3.1236,3.1322,702720.1,-0.0010755553269659046,-0.0027838456729991612,0.0017082903460332566,68.11785544694962,73.66170454280392,57.03015725524102
2025-07-29 05:15:00,3.1322,3.1385,3.1234,3.1384,727037.0,-0.0004317255134971276,-0.0023134216410987548,0.0018816961276016272,69.69305379104394,72.33882095888391,64.40151945536397
2025-07-29 05:30:00,3.1384,3.1453,3.134,3.1442,740425.1,0.0005402975655854902,-0.0017426777997619058,0.002282975365347396,76.91996983300699,73.86587058359162,83.02816833183775
2025-07-29 05:45:00,3.1442,3.1483,3.1426,3.1464,837788.1,0.001471195447309892,-0.0010999031503475464,0.0025710985976574383,82.18674872647462,76.63949663121929,93.2812529169853
2025-07-29 06:00:00,3.1463,3.1469,3.1375,3.1443,1237089.3,0.002016244266925149,-0.0004766736668930074,0.0024929179338181564,83.01594231828831,78.76497852690896,91.51786990104702
2025-07-29 06:15:00,3.1443,3.1576,3.1439,3.1539,1500551.3,0.0031861116410745183,0.0002558833947004978,0.0029302282463740206,85.19330241181575,80.90775315521122,93.7644009250248
2025-07-29 06:30:00,3.1538,3.1627,3.15,3.1621,2319680.4,0.004720496488159309,0.00114880601339226,0.0035716904747670492,89.63504111405007,83.81684914149083,101.27142505916854
2025-07-29 06:45:00,3.162,3.1636,3.1531,3.1539,2158263.4,0.005214723972477575,0.001961989605209323,0.003252734367268252,85.28004351242633,84.30458059846933,87.23096934034032
2025-07-29 07:00:00,3.154,3.1642,3.1539,3.1564,1660806.9,0.005741942383581833,0.0027179801608838254,0.0030239622226980074,83.81414665534301,84.14110261742722,83.1602347311746
2025-07-29 07:15:00,3.1563,3.163,3.1528,3.1576,1177956.6,0.006185296496173276,0.0034114434279417156,0.0027738530682315603,83.81727424081676,84.03315982522373,83.38550307200282
2025-07-29 07:30:00,3.1577,3.175,3.157,3.1747,1808258.4,0.00782626856163704,0.00429440845468078,0.0035318601069562593,88.96761372152032,85.67797779065593,95.54688558324912
2025-07-29 07:45:00,3.1748,3.1823,3.1716,3.1753,2158749.7,0.009070605438434853,0.005249647851431595,0.0038209575870032583,87.43674248101347,86.26423268744178,89.78176206815684
2025-07-29 08:00:00,3.1754,3.1839,3.1676,3.1749,1396373.0,0.009910235693037173,0.0061817654197527105,0.003728470273284462,85.15897774596304,85.89581437361552,83.68530449065807
2025-07-29 08:15:00,3.1749,3.1848,3.1658,3.1668,1171804.4,0.009808974659543779,0.006907207267710925,0.002901767391832854,75.43605851360847,82.4092290869465,61.48971736693241
2025-07-29 08:30:00,3.1667,3.1798,3.1667,3.1779,1114944.6,0.010503325990458112,0.007626431012260362,0.00287689497819775,77.01484360677358,80.61110059355552,69.8223296332097
2025-07-29 08:45:00,3.1778,3.1856,3.1711,3.1748,997883.6,0.010680343973477502,0.008237213604503791,0.002443130368973711,73.700952648418,78.30771794517635,64.48742205490129
2025-07-29 09:00:00,3.1748,3.176,3.1607,3.1608,1763004.6,0.00958051083796807,0.008505873051196646,0.0010746377867714239,57.264049733091696,71.29316187448147,29.205825450312147
2025-07-29 09:15:00,3.1607,3.1674,3.1503,3.1641,1576056.0,0.008872886462991225,0.008579275733555563,0.0002936107294356626,51.20719462848215,64.59783945914836,24.425904967149734
2025-07-29 09:30:00,3.164,3.164,3.1492,3.16,1746795.0,0.007890298859086542,0.008441480358661758,-0.0005511814995752158,44.02823964243146,57.74130618690939,16.602106553475593
2025-07-29 09:45:00,3.16,3.1666,3.1532,3.1605,2443499.0,0.007070433370453877,0.008167270961020181,-0.001096837590566304,39.700145109606204,51.727585827808326,15.645263673201953
2025-07-29 10:00:00,3.1605,3.1627,3.1411,3.1424,1613006.9,0.004903639231263579,0.007514544615068861,-0.002610905383805282,27.44054617793977,43.63190594451881,-4.942173355218316
2025-07-29 10:15:00,3.1423,3.1491,3.1341,3.1423,1676129.9,0.003142149358891899,0.006640065563833469,-0.00349791620494157,23.601140817655644,36.954984235564424,-3.1065460181619216
2025-07-29 10:30:00,3.1424,3.1509,3.1293,3.1311,1583603.9,0.000832809437701254,0.005478614338607026,-0.004645804900905772,16.799813239005367,30.236593903378076,-10.07374808974005
2025-07-29 10:45:00,3.1311,3.1322,3.1133,3.1182,2110384.8,-0.002015053001267919,0.003979880870632038,-0.005994933871899957,13.458981071277757,24.64405629267797,-8.911169371522668
2025-07-29 11:00:00,3.1181,3.1292,3.1134,3.1292,1336604.3,-0.0033458278124118834,0.0025147391340232536,-0.005860566946435137,17.42560460573212,22.237905730362684,7.801002356470988
2025-07-29 11:15:00,3.1293,3.1361,3.1227,3.134,1086646.6,-0.003967422575417157,0.0012183067921351719,-0.005185729367552329,24.371228702034415,22.949013387586593,27.21565933093006
2025-07-29 11:30:00,3.1339,3.1415,3.1266,3.1292,844481.2,-0.004792120209391015,1.6221391829934458e-05,-0.00480834160122095,26.191200623119816,24.02974246609767,30.51411693716411
2025-07-29 11:45:00,3.1294,3.1387,3.1285,3.1376,602844.7,-0.004713554307696377,-0.0009297337480753279,-0.0037838205596210494,32.65779853924055,26.905761157145296,44.16187330343106
2025-07-29 12:00:00,3.1376,3.1496,3.1356,3.1459,1365902.5,-0.003936175845597134,-0.0015310221675796892,-0.002405153678017445,43.769166637496426,32.526896317262334,66.25370727796461
2025-07-29 12:15:00,3.146,3.1582,3.146,3.1533,1515220.7,-0.0026919485508400953,-0.0017632074442317704,-0.0009287411066083249,58.87506432106316,41.30961898519595,94.00595499279758
2025-07-29 12:30:00,3.1533,3.1678,3.1433,3.1662,2495940.5,-0.000657389290835475,-0.0015420438135525115,0.0008846545227170364,71.60478294187068,51.408006970754194,111.99833488410367
2025-07-29 12:45:00,3.1661,3.1703,3.1548,3.1625,1905375.7,0.0006489735401173924,-0.0011038403428185308,0.0017528138829359231,76.5084517858085,59.77482190910563,109.97571153921423
2025-07-29 13:00:00,3.1626,3.1666,3.153,3.1634,1127601.8,0.0017368763445375635,-0.0005356970053473119,0.0022725733498848754,80.29678859534282,66.61547747118469,107.65941084365906
2025-07-29 13:15:00,3.1634,3.1749,3.158,3.1694,1698640.1,0.003048060862592905,0.00018105456824073153,0.0028670062943521738,83.35239290775085,72.1944492833734,105.66828015650574
2025-07-29 13:30:00,3.1694,3.171,3.1526,3.1599,931717.8,0.003282771685997332,0.0008013979917920516,0.0024813736942052803,78.54962839812787,74.31284232162488,87.02320055113381
2025-07-29 13:45:00,3.16,3.1641,3.1329,3.14,1911656.4,0.0018417870412452686,0.0010094758016826952,0.0008323112395625734,60.62791318495897,69.75119927606958,42.38134100273774
2025-07-29 14:00:00,3.1401,3.1414,3.101,3.1144,6853722.6,-0.0013503438005546542,0.0005375118812352254,-0.0018878556817898797,46.4628126690885,61.98840374040922,15.41163052644707
2025-07-29 14:15:00,3.1144,3.1282,3.108,3.1268,1961885.1,-0.002846738690277295,-0.00013933823306727877,-0.0027074004572100164,42.612556213311954,55.52978789804346,16.77809284384894
2025-07-29 14:30:00,3.1268,3.1307,3.1156,3.1243,1269784.2,-0.004186116581766264,-0.0009486939028070759,-0.0032374226789591877,38.91806859868061,49.99254813158918,16.76910953286348
2025-07-29 14:45:00,3.1244,3.1276,3.0867,3.1038,3684509.9,-0.006823109327727561,-0.002123576987791173,-0.004699532339936388,32.40796409980072,44.131020120993036,8.961852057416095
2025-07-29 15:00:00,3.1037,3.1169,3.0924,3.1047,3254175.6,-0.008739578181939045,-0.003446777226620747,-0.005292800955318298,28.40803048830244,38.890023576762836,7.444044311381646
2025-07-29 15:15:00,3.1048,3.1105,3.0925,3.0931,2635223.6,-0.011066844911798324,-0.0049707907636562625,-0.006096054148142061,21.357432268089827,33.045826473871834,-2.019356143474184
2025-07-29 15:30:00,3.0932,3.0978,3.0768,3.0938,4998838.1,-0.012708243689758536,-0.006518281348876717,-0.006189962340881819,20.253857888563754,28.78183694543581,3.197899774819639
2025-07-29 15:45:00,3.0937,3.1112,3.0909,3.0987,3447878.3,-0.013458533402522121,-0.0079063317596058,-0.005552201642916322,21.86454214334951,26.47607201140704,12.641482407234449
2025-07-29 16:00:00,3.0987,3.1032,3.0666,3.0808,4231758.2,-0.01532091385095491,-0.009389248177875622,-0.005931665673079288,20.904347168650038,24.618830397154706,13.475380711640703
2025-07-29 16:15:00,3.0808,3.0852,3.063,3.0763,3082467.2,-0.016964420882052078,-0.010904282718710913,-0.006060138163341165,20.48472972247751,23.240796838928976,14.97259548957458
2025-07-29 16:30:00,3.0763,3.0812,3.0533,3.0811,4178000.4,-0.017675836124284583,-0.012258593399825648,-0.005417242724458935,25.628924035484612,24.036839237780853,28.813093630892126
2025-07-29 16:45:00,3.0812,3.1079,3.0755,3.1072,2948518.1,-0.015949727426611826,-0.012996820205182884,-0.0029529072214289423,41.2671965530418,29.78029167620117,64.24100630672305
2025-07-29 17:00:00,3.1072,3.1402,3.1056,3.14,3191181.4,-0.011799075570297024,-0.012757271278205713,0.0009581957079086885,60.76808116961514,40.109554840672494,102.08513382750043
2025-07-29 17:15:00,3.14,3.1514,3.1273,3.15,2666623.7,-0.007614957157853208,-0.011728808454135212,0.004113851296282004,73.36968238354898,51.19626402163132,117.71651910738427
2025-07-29 17:30:00,3.1499,3.151,3.1349,3.1371,1543768.1,-0.005279081397017382,-0.010438863042711648,0.005159781645694266,77.38746749457123,59.92666517927796,112.30907212515774
2025-07-29 17:45:00,3.1371,3.1523,3.136,3.147,1260381.3,-0.0025990752436899633,-0.008870905482907311,0.006271830239217348,83.14046654520233,67.66459896791942,114.09220169976814
2025-07-29 18:00:00,3.1471,3.1535,3.1357,3.1452,1719286.9,-0.000613325975485246,-0.007219389581422898,0.006606063605937652,85.99916665222399,73.77612152935427,110.44525689796342
2025-07-29 18:15:00,3.1452,3.1585,3.1435,3.1584,1517741.9,0.0020024414110051403,-0.005375023382937291,0.007377464793942431,90.63442542340908,79.39555616070588,113.11216394881549
2025-07-29 18:30:00,3.1584,3.1624,3.1425,3.1426,893106.1,0.002768613107987594,-0.003746296084752314,0.006514909192739908,87.70678774026231,82.1659666872247,98.78842984633755
2025-07-29 18:45:00,3.1426,3.1495,3.1341,3.1406,865150.9,0.003177794772484699,-0.0023614779133049116,0.0055392726857896105,83.44242312718683,82.59145216721207,85.14436504713635
2025-07-29 19:00:00,3.1406,3.145,3.1323,3.14,724221.6,0.0034143012643550463,-0.0012063220777729202,0.0046206233421279665,75.8160755120214,80.33299328214851,66.78223997176718
2025-07-29 19:15:00,3.14,3.1488,3.1152,3.1207,1829605.5,0.0020210878176514235,-0.0005608400986880515,0.002581927916339475,54.42823113230781,71.69807256553494,19.88854826585353
2025-07-29 19:30:00,3.1207,3.1338,3.1163,3.1269,556135.6,0.0014010933757306887,-0.00016845340380430347,0.0015695467795349921,44.54819928594525,62.64811480567172,8.348368246492313
2025-07-29 19:45:00,3.1269,3.1312,3.1183,3.12,798858.5,0.00034894851809230687,-6.497301942498139e-05,0.00041392153751728826,33.08863003243804,52.794953214593825,-6.324016331873523
2025-07-29 20:00:00,3.1201,3.1222,3.0986,3.1026,1914926.3,-0.0018673923078988963,-0.0004254568771197644,-0.0014419354307791319,24.1489508471217,43.24628575876978,-14.045718976174456
2025-07-29 20:15:00,3.1026,3.1307,3.0952,3.1119,2078216.1,-0.0028406805070892993,-0.0009085016031136715,-0.001932178903975628,24.383030723477855,36.95853408033914,-0.7679759902447216
2025-07-29 20:30:00,3.1119,3.1152,3.094,3.1023,1336035.8,-0.0043366677798788444,-0.0015941348384667063,-0.002742532941412138,20.3001881236442,31.40575209477416,-1.9109398186157236
2025-07-29 20:45:00,3.1024,3.1174,3.0971,3.1173,990719.5,-0.004262735668476125,-0.00212785500446859,-0.002134880664007535,27.527452743090237,30.112985644212852,22.356386940845006
2025-07-29 21:00:00,3.1174,3.1187,3.102,3.1096,1008938.8,-0.004770478479559692,-0.002656379699486811,-0.0021140987800728813,27.840686256950672,29.355552515125456,24.8109537406011
2025-07-29 21:15:00,3.1096,3.1104,3.0972,3.1047,899590.6,-0.00550480144004295,-0.003226064047598039,-0.002278737392444911,25.06897331971888,27.92669278332326,19.353534392510113
2025-07-29 21:30:00,3.1046,3.1167,3.1031,3.1115,572973.3,-0.005474942774438496,-0.0036758397929661304,-0.0017991029814723655,31.369265295223006,29.07421695395651,35.959361977756004
2025-07-29 21:45:00,3.1116,3.1336,3.111,3.1249,589993.6,-0.004320210853814732,-0.0038047140051358512,-0.0005154968486788809,46.92294454024957,35.0237928160542,70.7212479886403
2025-07-29 22:00:00,3.125,3.1276,3.1063,3.1075,1070730.8,-0.004754307373509903,-0.003994632678810662,-0.000759674694699241,42.64559939046944,37.564395007525945,52.808008156356436
2025-07-29 22:15:00,3.1075,3.1224,3.1075,3.122,557709.4,-0.003883536186678249,-0.003972413380384179,8.887719370593e-05,51.999423162669835,42.37607105924058,71.24612736952834
2025-07-29 22:30:00,3.1219,3.1245,3.117,3.1189,494499.3,-0.0034043446735005922,-0.003858799639007462,0.00045445496550686974,55.625878068042596,46.792673395507926,73.29228741311194
2025-07-29 22:45:00,3.1189,3.128,3.118,3.1252,510379.2,-0.0024875496740199843,-0.0035845496460099667,0.0010969999719899824,62.74601916864938,52.11045531988841,84.01714686617133
2025-07-29 23:00:00,3.1253,3.1312,3.1211,3.1257,574979.2,-0.0017010288091952042,-0.0032078454786470144,0.0015068166694518102,67.92958054466754,57.38349706148146,89.02174751103972
2025-07-29 23:15:00,3.1258,3.1352,3.1241,3.1329,1073767.9,-0.0004910648403537721,-0.0026644893509883663,0.0021734245106345943,76.60217650346222,63.78972354214171,102.22708242610325
2025-07-29 23:30:00,3.1328,3.1374,3.1256,3.126,789703.7,-8.791854179834857e-05,-0.002149175189150363,0.0020612566473520145,73.3227338011419,66.96739362847511,86.03341414647545
2025-07-29 23:45:00,3.1259,3.1309,3.1226,3.128,706517.3,0.000388482900566256,-0.0016416435712070393,0.002030126471773295,72.14012907214402,68.69163877636474,79.03710966370258
2025-07-30 00:00:00,3.1281,3.1317,3.1201,3.1285,583577.4,0.0007971907781958443,-0.0011538767013264627,0.001951067479522307,71.88763160007869,69.75696971760273,76.14895536503062
2025-07-30 00:15:00,3.1286,3.1321,3.1136,3.1153,730911.0,5.5327254649295554e-05,-0.0009120359101313111,0.0009673631647806066,56.620739907298855,65.37822644750143,39.1057668268937
2025-07-30 00:30:00,3.1152,3.1217,3.1081,3.1122,857952.3,-0.0007738288080108013,-0.0008843944897072092,0.00011056568169640784,42.411551292010614,57.722668062337824,11.789317751356194
2025-07-30 00:45:00,3.1123,3.1228,3.103,3.1219,697037.3,-0.0006408447681236495,-0.0008356845453904973,0.0001948397772668477,46.58832101637921,54.01121904701828,31.742524955101075
2025-07-30 01:00:00,3.1218,3.1237,3.1128,3.1197,471632.3,-0.0007048504945013079,-0.0008095177352126595,0.00010466724071135159,47.241051220221635,51.75449643808607,38.21416078449276
2025-07-30 01:15:00,3.1198,3.1208,3.0932,3.1027,1601165.2,-0.0021030903029792825,-0.001068232248765984,-0.0010348580542132984,38.65843837004223,47.38914374873812,21.19702761265043
2025-07-30 01:30:00,3.1027,3.1352,3.0994,3.1349,760442.3,-0.0006059495226926614,-0.0009757757035513195,0.0003698261808586581,57.22025604759983,50.666181181692025,70.32840577941545
2025-07-30 01:45:00,3.1349,3.145,3.1291,3.132,1268508.9,0.0003425903994425106,-0.0007121024829525535,0.001054692882395064,63.11466233289159,54.815674898758544,79.71263720115769
2025-07-30 02:00:00,3.1319,3.1429,3.1221,3.1415,603821.1,0.001839679051833798,-0.00020174617599528328,0.0020414252278290815,73.15752263634225,60.92962414461979,97.61331961978716
2025-07-30 02:15:00,3.1414,3.1454,3.1272,3.1307,1230020.3,0.002130108291721111,0.0002646247175479956,0.0018654835741731155,72.71804191081826,64.85909673335262,88.43593226574953
2025-07-30 02:30:00,3.1306,3.1416,3.1241,3.1378,743755.9,0.0028997595960000844,0.0007916516932384134,0.002108107902761671,76.95889894948544,68.89236413873023,93.09196857099587
2025-07-30 02:45:00,3.1378,3.1462,3.1345,3.1403,683015.7,0.0036691472606520392,0.0013671508067211386,0.0023019964539309004,80.92857414242424,72.90443413996157,96.9768541473496
2025-07-30 03:00:00,3.1403,3.1411,3.1301,3.1395,526070.8,0.0041663125561983705,0.0019269831566165849,0.0022393293995817856,83.07187961696211,76.29358263229507,96.62847358629617
2025-07-30 03:15:00,3.1395,3.1453,3.1353,3.1434,532216.7,0.0048194612913845525,0.0025054787835701786,0.002313982507814374,86.9535801220001,79.84691512886342,101.16691010827347
2025-07-30 03:30:00,3.1435,3.15,3.1423,3.1481,665700.1,0.00565119364754052,0.003134621756364247,0.002516571891176273,90.05073984417925,83.2481900339687,103.65583946460035
2025-07-30 03:45:00,3.1481,3.1489,3.1371,3.1382,570181.4,0.005448691149969598,0.003597435635085317,0.0018512555148842806,79.26919095944075,81.92185700912604,73.96385886007016
2025-07-30 04:00:00,3.1381,3.147,3.1362,3.1426,487547.7,0.005578939151587914,0.003993736338385837,0.0015852028132020768,77.33836147594721,80.3940251647331,71.22703409837544
2025-07-30 04:15:00,3.1427,3.1442,3.1391,3.1399,442165.0,0.005402023037168746,0.0042753936781424196,0.0011266293590263265,71.89352798525182,77.560526104906,60.559531745943474
2025-07-30 04:30:00,3.1399,3.1399,3.1159,3.1233,1223356.3,0.003877635505504795,0.004195842043614895,-0.0003182065381100996,55.162645245299906,70.09456581837064,25.298804099158446
2025-07-30 04:45:00,3.1233,3.1239,3.1129,3.1195,729183.2,0.0023359913082701134,0.0038238718965459386,-0.0014878805882758252,42.70501596766636,60.964715868135876,6.185616166727343
2025-07-30 05:00:00,3.1195,3.1242,3.1046,3.1065,696282.0,6.449239239358917e-05,0.003071995995715469,-0.0030075036033218798,29.865017987254827,50.59814990784219,-11.601245853919906
2025-07-30 05:15:00,3.1065,3.1214,3.1042,3.1206,983689.1,-0.0005911206316397966,0.0023393726702444157,-0.0029304933018842122,31.845965412172816,44.34742174261907,6.843052751280311
2025-07-30 05:30:00,3.1207,3.1238,3.1156,3.1216,431487.6,-0.0010182690620750279,0.001667844323780527,-0.002686113385855555,33.894399066630434,40.86308085062286,19.957035498645595
2025-07-30 05:45:00,3.1216,3.1339,3.1164,3.1338,598214.2,-0.0003681059342151016,0.0012606542721814015,-0.0016287602063965031,44.6693458356209,42.131835845622206,49.744365815618295
2025-07-30 06:00:00,3.1338,3.1432,3.1334,3.14,1232312.6,0.0006400629657798973,0.0011365360109011006,-0.0004964730451212033,57.661183828108854,47.30828517311775,78.36698113809106
2025-07-30 06:15:00,3.1399,3.142,3.1331,3.1388,1476329.0,0.0013269182240005506,0.0011746124535209905,0.00015230577047956008,67.27412255207233,53.963564299435944,93.8952390573451
2025-07-30 06:30:00,3.1388,3.1417,3.1295,3.1383,605512.3,0.0018100450704814364,0.0013016989769130797,0.0005083460935683566,73.99471418001394,60.64061425962861,100.7029140207846
2025-07-30 06:45:00,3.1384,3.1428,3.1337,3.1389,1086960.7,0.0022157992086588862,0.001484519023262241,0.0007312801853966453,78.98792911146214,66.75638587690645,103.45101558057351
2025-07-30 07:00:00,3.1388,3.1453,3.1295,3.1336,1617053.3,0.002085654454140773,0.0016047461094379476,0.00048090834470282525,76.50290164608406,70.00522446663233,89.4982560049875
2025-07-30 07:15:00,3.1337,3.1355,3.1194,3.129,940349.1,0.0015929694817500284,0.0016023907839003639,-9.421302150335476e-06,71.11547863185802,70.37530918837423,72.59581751882561
2025-07-30 07:30:00,3.1291,3.1333,3.1152,3.1221,1309332.2,0.0006383818882054193,0.001409589004761375,-0.0007712071165559557,55.051515101194276,65.26737782598092,34.619789651621005
2025-07-30 07:45:00,3.1221,3.1223,3.11,3.1202,1369040.7,-0.0002683563333834016,0.0010739999371324198,-0.0013423562705158214,46.33273811278874,58.95583125491686,21.086551828532492
2025-07-30 08:00:00,3.1201,3.1336,3.1143,3.1143,814841.5,-0.0014463608507728765,0.0005699277795513605,-0.002016288630324237,34.94892644724174,50.95352965235849,2.939720037008229
2025-07-30 08:15:00,3.1142,3.1194,3.109,3.1194,2610384.6,-0.001945978511395996,6.674652136188928e-05,-0.0020127250327578853,32.84933021184355,44.918796505520184,8.710397624490284
2025-07-30 08:30:00,3.1193,3.1392,3.11,3.1376,2010434.1,-0.0008633886043467598,-0.00011928050377984054,-0.0007441081005669192,48.16217973718843,45.999924249409595,52.486690712746096
2025-07-30 08:45:00,3.1375,3.1408,3.126,3.1261,1402408.3,-0.0009227453597433488,-0.00027997347497254224,-0.0006427718847708066,47.81059916363527,46.60348255415149,50.22483238260283
2025-07-30 09:00:00,3.1262,3.1289,3.113,3.1142,1481578.3,-0.00190802207283447,-0.0006055831945449278,-0.0013024388782895422,36.648755732597834,43.285240280300265,23.375786637192974
2025-07-30 09:15:00,3.1142,3.1191,3.1042,3.1057,1673343.4,-0.00333628135434072,-0.0011517228265040863,-0.0021845585278366334,25.79862404031118,37.456368200303906,2.48313572032572
2025-07-30 09:30:00,3.1058,3.1062,3.0913,3.0953,2583057.0,-0.005246897243221582,-0.0019707577098475853,-0.003276139533373997,19.892685387143477,31.601807262583762,-3.5255583637370904
2025-07-30 09:45:00,3.0954,3.1037,3.0944,3.0982,1221807.1,-0.006452685791566548,-0.002867143326191378,-0.00358554246537517,17.908254904560224,27.03728980990925,-0.34981490613782995
2025-07-30 10:00:00,3.0982,3.1107,3.098,3.108,621217.7,-0.006542090656605382,-0.003602132792274179,-0.0029399578643312025,23.18462784883148,25.753069156216657,18.047745234061118
2025-07-30 10:15:00,3.1081,3.1154,3.101,3.1119,695429.8,-0.006226472352500512,-0.004127000704319446,-0.0020994716481810656,29.328472437941468,26.944870250124925,34.09567681357455
2025-07-30 10:30:00,3.1119,3.1196,3.1057,3.1145,803860.9,-0.005700828697119409,-0.004441766302879438,-0.0012590623942399706,35.17521058152331,29.68831702725772,46.14899769005448
2025-07-30 10:45:00,3.1146,3.1186,3.085,3.0899,1529008.5,-0.007186426075984187,-0.004990698257500388,-0.0021957278184837987,26.377261056738433,28.584631703751295,21.96251976271271
2025-07-30 11:00:00,3.0899,3.1024,3.0876,3.0968,1068267.6,-0.007718031702434125,-0.005536164946487136,-0.0021818667559469892,26.544597728030695,27.904620378511094,23.824552427069897
2025-07-30 11:15:00,3.0968,3.0986,3.0612,3.0656,3834565.1,-0.01053546594877064,-0.006536025146943836,-0.003999440801826803,20.207814010467917,25.339018255830037,9.94540551974368
2025-07-30 11:30:00,3.0656,3.0754,3.0561,3.0565,2635497.5,-0.01334872108822216,-0.0078985643351995,-0.005450156753022659,13.68184976025966,21.453295423973245,-1.8610415671675113
2025-07-30 11:45:00,3.0564,3.0647,3.0436,3.0518,4511140.7,-0.015775644960006385,-0.009473980460160878,-0.006301664499845507,12.717724401576605,18.5414384165077,1.07029637171442
2025-07-30 12:00:00,3.0517,3.0554,3.0436,3.0519,1971190.6,-0.01748932440416784,-0.011077049248962271,-0.006412275155205567,12.118833811577275,16.400570214864224,3.555361005003377
2025-07-30 12:15:00,3.0519,3.081,3.0403,3.0751,4306925.9,-0.01678192995837824,-0.012218025390845466,-0.004563904567532773,22.707217496915323,18.502785975547923,31.116080539650127
2025-07-30 12:30:00,3.0751,3.0791,3.0584,3.0619,3040045.2,-0.01708944792867495,-0.013192309898411364,-0.0038971380302635864,24.217590142962546,20.407720698019464,31.837329032848707
2025-07-30 12:45:00,3.0618,3.084,3.057,3.0777,1788265.0,-0.015875230407640384,-0.013728894000257168,-0.002146336407383216,32.06672889054051,24.294056762193147,47.61207314723524
2025-07-30 13:00:00,3.0776,3.0987,3.0702,3.0895,2990404.6,-0.013801695536087788,-0.013743454307423294,-5.824122866449413e-05,47.786836973726054,32.124983499370785,79.11054392243659
2025-07-30 13:15:00,3.0896,3.0996,3.0719,3.0749,2563470.6,-0.013184519263092831,-0.013631667298557203,0.0004471480354643724,51.307020039819605,38.518995679520394,76.88306876041803
2025-07-30 13:30:00,3.0749,3.0946,3.0726,3.0854,2571655.3,-0.011713118829685065,-0.013247957604782777,0.0015348387750977119,59.55600099338164,45.531330784140806,87.6053414118633
2025-07-30 13:45:00,3.0854,3.0947,3.075,3.0873,2333973.2,-0.010275262435081256,-0.012653418570842474,0.0023781561357612176,66.12333736826896,52.395332978850185,93.57934614710653
2025-07-30 14:00:00,3.0873,3.0888,3.0773,3.0861,1300753.1,-0.009127366257713376,-0.011948208108216654,0.002820841850503278,69.82702536187016,58.20589710652351,93.06928187256347
2025-07-30 14:15:00,3.086,3.1006,3.0801,3.0903,1514230.7,-0.007788959095869963,-0.011116358305747316,0.0033273992098773533,74.19093011963265,63.53424144422655,95.50430747044487
2025-07-30 14:30:00,3.0904,3.1056,3.088,3.1001,1416050.3,-0.005869820047748497,-0.010067050654147553,0.004197230606399056,79.02166260376055,68.69671516407122,99.6715574831392
2025-07-30 14:45:00,3.1,3.1496,3.096,3.1488,4249470.6,-0.00041442825736570654,-0.008136526174791183,0.0077220979174254765,85.72646477399735,74.37329836737993,108.43279758723219
2025-07-30 15:00:00,3.1488,3.1537,3.1252,3.1287,3314325.1,0.002261043125497242,-0.0060570123147334985,0.00831805544023074,80.50426992917178,76.41695555464388,88.6788986782276
2025-07-30 15:15:00,3.1287,3.1437,3.1272,3.1336,2015129.2,0.004722326481010786,-0.0039011445555846417,0.008623471036595427,78.81213757299302,77.21534956076026,82.00571359745854
2025-07-30 15:30:00,3.1335,3.1529,3.1257,3.1334,2497000.1,0.006580912283979501,-0.0018047331876718134,0.008385645471651314,77.53114966847288,77.32061626333113,77.95221647875636
2025-07-30 15:45:00,3.1333,3.1488,3.129,3.1435,1670742.3,0.008767771106431343,0.000309767671148818,0.008458003435282526,80.70056314196361,78.44726522287529,85.20715898014026
2025-07-30 16:00:00,3.1436,3.1514,3.1322,3.1493,2160719.0,0.010843882478933864,0.0024165906327058275,0.008427291846228036,85.21398799342079,80.70283947972378,94.23628502081479
2025-07-30 16:15:00,3.1493,3.1621,3.141,3.1415,2535079.7,0.011724666232559411,0.0042782057526765446,0.007446460479882866,81.76867492244317,81.05811796063024,83.18978884606904
2025-07-30 16:30:00,3.1414,3.145,3.1318,3.1386,1676465.3,0.012049785512664446,0.005832521704674125,0.006217263807990321,77.2744832366444,79.79690638596828,72.22963693799662
2025-07-30 16:45:00,3.1387,3.1398,3.1293,3.1371,1429730.1,0.012047530982687515,0.007075523560276803,0.004972007422410713,72.24249462372366,77.27876913188675,62.169945607397494
2025-07-30 17:00:00,3.1371,3.1503,3.1363,3.1447,1161190.0,0.012514738618942811,0.008163366572010004,0.0043513720469328075,65.77683923424375,73.44479249933909,50.44093270405307
2025-07-30 17:15:00,3.1446,3.1495,3.1349,3.1351,901338.5,0.011972354418072317,0.008925164141222467,0.0030471902768498503,52.459284764220975,66.44962325429971,24.478607784063513
2025-07-30 17:30:00,3.1351,3.1396,3.1323,3.1361,577837.5,0.011490744523737106,0.009438280217725395,0.002052464306011711,44.49666603328995,59.13197084729646,15.226056405276921
2025-07-30 17:45:00,3.1361,3.1362,3.1225,3.1314,1392810.7,0.010607537403973133,0.009672131654974943,0.0009354057489981901,37.156026513775885,51.80665606945627,7.854767402415121
2025-07-30 18:00:00,3.1315,3.1478,3.1086,3.1261,3935417.6,0.009371890373913505,0.009612083398762655,-0.00024019302484915017,35.67411113379453,46.429141090902355,14.164051219578894
2025-07-30 18:15:00,3.1261,3.1365,3.1146,3.1199,1352001.1,0.007802401784847479,0.00925014707597962,-0.0014477452911321412,30.823239198230524,41.22717379334508,10.015370008001412
2025-07-30 18:30:00,3.12,3.1246,3.0938,3.1029,3712440.5,0.00512770386709116,0.008425658434201929,-0.0032979545671107686,25.917557695575553,36.12396842742191,5.504736231882845
2025-07-30 18:45:00,3.1029,3.1062,3.0491,3.0504,6532965.4,-0.0012143267393236457,0.006497661399496814,-0.00771198813882046,17.706566790462634,29.984834548435483,-6.849968725483059
2025-07-30 19:00:00,3.0504,3.0504,3.001,3.0424,14196012.4,-0.006807492294327755,0.0038366306607319008,-0.010644122955059655,21.04751248857372,27.00572719514823,9.131083075424705
2025-07-30 19:15:00,3.0424,3.0786,3.0389,3.0727,10120789.9,-0.008694929782786076,0.0013303185720283056,-0.010025248354814381,30.125951086658613,28.04580182565169,34.286249608672456
2025-07-30 19:30:00,3.0726,3.087,3.0579,3.0851,5006019.9,-0.009085430039751596,-0.0007528311503276748,-0.008332598889423922,39.18024350373066,31.757282385011347,54.02616574116929
2025-07-30 19:45:00,3.0852,3.1176,3.0834,3.0978,3126757.4,-0.008274734457149435,-0.0022572118116920272,-0.006017522645457408,48.10018050112467,37.20491509038246,69.89071132260909
2025-07-30 20:00:00,3.0979,3.1162,3.0972,3.1137,2283856.9,-0.006276899063861308,-0.0030611492621258835,-0.003215749801735424,57.6571593894873,44.02232985675074,84.92681845496041
2025-07-30 20:15:00,3.1137,3.1168,3.1014,3.1027,1320267.7,-0.0055176046780780474,-0.0035524403453163164,-0.001965164332761731,63.45655644416008,50.500405385887184,89.36885856070587
2025-07-30 20:30:00,3.1027,3.1076,3.0905,3.102,1308478.9,-0.0049156776843384264,-0.0038250878131207387,-0.0010905898712176877,69.54277441476903,56.847861728847796,94.93259978661148
2025-07-30 20:45:00,3.1019,3.1038,3.09,3.0923,1070189.3,-0.005161852516202714,-0.0040924407537371345,-0.0010694117624655795,72.4624785406636,62.05273399945306,93.28196762308467
2025-07-30 21:00:00,3.0923,3.0997,3.0895,3.09,1266272.6,-0.0054793757888456085,-0.00436982776075883,-0.0011095480280867787,73.75142937587977,65.95229912492863,89.34968987778205
2025-07-30 21:15:00,3.09,3.0969,3.0709,3.0742,1506090.2,-0.006926103415118234,-0.004881082891630711,-0.002045020523487523,64.11891140941746,65.34116988642491,61.67439445540256
2025-07-30 21:30:00,3.0742,3.0839,3.0625,3.0654,974515.8,-0.008682643824133418,-0.005641395078131253,-0.0030412487460021653,46.93354562972882,59.20529513419288,22.39004662080069
2025-07-30 21:45:00,3.0655,3.084,3.0643,3.0788,643350.5,-0.00889095732038081,-0.006291307526581164,-0.0025996497937996457,41.14988946398148,53.18682657745575,17.076015237032948
2025-07-30 22:00:00,3.0788,3.0892,3.0723,3.0778,707149.4,-0.00903261652888876,-0.006839569327042684,-0.0021930472018460755,36.82552483602441,47.73305933031197,15.010455847449279
2025-07-30 22:15:00,3.0777,3.0814,3.0668,3.0697,793331.3,-0.009686821133516155,-0.007409019688337379,-0.002277801445178776,28.970239393445425,41.47878601802312,3.953146144290031
2025-07-30 22:30:00,3.0697,3.075,3.0662,3.0729,708975.7,-0.009833712819380835,-0.007893958314546071,-0.0019397545048347644,27.000115249732392,36.65256242859288,7.69522089201142
2025-07-30 22:45:00,3.0729,3.0846,3.0723,3.083,524385.1,-0.009031035788996444,-0.008121373809436146,-0.0009096619795602983,34.545678124519036,35.950267660568265,31.73649905242057
2025-07-30 23:00:00,3.0829,3.093,3.0812,3.0919,739171.3,-0.0075892684769978125,-0.00801495274294848,0.00042568426595066683,49.374538104518024,40.42502447521819,67.2735653631177
2025-07-30 23:15:00,3.0918,3.0945,3.0859,3.093,483320.3,-0.00628544202483905,-0.007669050599326594,0.001383608574487544,62.47062230223662,47.77355708422433,91.8647527382612
2025-07-30 23:30:00,3.093,3.1004,3.0926,3.0987,1990998.6,-0.0047375957500728205,-0.00708275962947584,0.002345163879403019,73.4852521592747,56.34412210924112,107.76751225934184
2025-07-30 23:45:00,3.0988,3.1038,3.0946,3.0966,710109.2,-0.0036384273496139485,-0.006393893173503462,0.0027554658238895134,76.24755207242782,62.97859876363668,102.7854586900101
2025-07-31 00:00:00,3.0967,3.0974,3.0872,3.0972,1224444.4,-0.002687928718489996,-0.005652700282500769,0.0029647715640107736,78.31397088516455,68.09038947081264,98.76113371386836
2025-07-31 00:15:00,3.0972,3.1173,3.0962,3.1172,834071.2,-0.00031716279702820316,-0.004585592785406256,0.004268429988378053,85.47741568469534,73.8860648754402,108.66011730320562
2025-07-31 00:30:00,3.1172,3.1249,3.1105,3.1231,1313345.5,0.002014544552231712,-0.0032655653178786624,0.005280109870110374,89.29613061546424,79.02275345544821,109.8428849354963
2025-07-31 00:45:00,3.1232,3.1273,3.1145,3.127,999920.8,0.00412953413296524,-0.0017865454277098821,0.005916079560675122,92.68226889515786,83.57592526868477,110.89495614810406
2025-07-31 01:00:00,3.127,3.1285,3.1166,3.1249,978624.1,0.005571995666212803,-0.000314837208925345,0.005886832875138148,92.58451471093677,86.5787884161021,104.5959673006061
2025-07-31 01:15:00,3.125,3.1274,3.1158,3.1273,701424.6,0.006830083811449672,0.0011141469951496585,0.005715936816300013,94.11737600447437,89.09165094555952,104.16882612230407
2025-07-31 01:30:00,3.1274,3.1365,3.1237,3.1277,907504.5,0.007769838525679251,0.002445285301255577,0.005324553224423674,90.12828447627568,89.43719545579825,91.51046251723056
2025-07-31 01:45:00,3.1276,3.1294,3.1219,3.1282,593821.9,0.008457454458186575,0.0036477191326417767,0.0048097353255447985,87.8069563851305,88.89378243224233,85.63330429090686
2025-07-31 02:00:00,3.1281,3.1303,3.1226,3.1274,949721.6,0.00883598597843438,0.004685372501800298,0.004150613476634082,85.71849830678765,87.83535439042411,81.48478613951474
2025-07-31 02:15:00,3.1273,3.1287,3.1217,3.1275,569062.5,0.009039838468902328,0.005556265695220704,0.003483572773681624,83.0348301367005,86.2351796391829,76.6341311317357
2025-07-31 02:30:00,3.1275,3.1365,3.1252,3.1362,896881.1,0.009790550950393051,0.006403122746255175,0.0033874282041378764,88.30527137318528,86.92521021718369,91.06539368518844
2025-07-31 02:45:00,3.1363,3.1376,3.1313,3.1362,796292.3,0.010267142769789572,0.007175926750962055,0.0030912160188275176,90.18331222858838,88.01124422098525,94.52744824379465
2025-07-31 03:00:00,3.1363,3.1396,3.1309,3.1383,1587820.7,0.010691057810401805,0.007878952962850004,0.0028121048475518006,91.63481319440895,89.21910054545981,96.46623849230724
2025-07-31 03:15:00,3.1383,3.1395,3.1354,3.1378,751703.9,0.01086146352244377,0.008475455074768759,0.002386008447675012,91.90220039291096,90.11346716127686,95.47966685617914
2025-07-31 03:30:00,3.1378,3.1422,3.134,3.1422,1105848.8,0.011222192060113212,0.00902480247183765,0.002197389588275561,94.60146692860731,91.60946708372035,100.58546661838125
2025-07-31 03:45:00,3.1422,3.1466,3.1377,3.1398,1403507.4,0.011185472913727512,0.009456936560215623,0.0017285363535118892,87.29789896980812,90.17227771241626,81.54914148459184
2025-07-31 04:00:00,3.1399,3.1409,3.1354,3.1364,442604.7,0.01075800950372452,0.009717151148917403,0.0010408583548071164,77.87731417264331,86.07395653249193,61.48402945294606
2025-07-31 04:15:00,3.1363,3.1363,3.1306,3.1317,691962.7,0.00992557509983305,0.009758835939100534,0.00016673916073251666,65.30509030518913,79.151001123391,37.613268668785366
2025-07-31 04:30:00,3.1317,3.143,3.1317,3.1394,841358.0,0.00977451595034795,0.009761971941350017,1.2544008997934092e-05,65.65510693243185,74.65236972640461,47.6605813444863
2025-07-31 04:45:00,3.1394,3.1438,3.1392,3.1402,542311.1,0.009608591933510713,0.009731295939782156,-0.00012270400627144296,63.770071288288456,71.02493691369922,49.26034003746693
2025-07-31 05:00:00,3.1402,3.1412,3.1363,3.14,593127.4,0.009353140445293118,0.00965566484088435,-0.00030252439559123184,62.096714192192906,68.04886267319712,50.192417230184475
2025-07-31 05:15:00,3.14,3.1487,3.14,3.1487,884028.9,0.009740428989335914,0.009672617670574663,6.781131876125099e-05,74.73114279479528,70.2762893803965,83.6408496235928
2025-07-31 05:30:00,3.1486,3.1497,3.1445,3.1467,773715.3,0.009773313985502963,0.009692756933560323,8.055705194263962e-05,77.91849310228925,72.82369062102742,88.1080980648129
2025-07-31 05:45:00,3.1467,3.1467,3.1405,3.1422,803124.7,0.009328727427109662,0.009619951032270192,-0.0002912236051605295,72.1899901659238,72.61245713599288,71.34505622578564
2025-07-31 06:00:00,3.1422,3.1448,3.1358,3.136,1287364.3,0.008379507446293122,0.009371862315074777,-0.000992354868781655,57.55074388024972,67.59188605074516,37.468459539258845
2025-07-31 06:15:00,3.136,3.139,3.1333,3.1382,1026671.9,0.007715822191279198,0.00904065429031566,-0.0013248320990364628,51.630687892243124,62.271486664577814,30.34909034757375
2025-07-31 06:30:00,3.1382,3.1456,3.1359,3.144,844245.8,0.00757058933118282,0.008746641298489094,-0.0011760519673062741,57.198236372606594,60.58040323392074,50.43390264997829
2025-07-31 06:45:00,3.144,3.148,3.144,3.1474,1168866.5,0.007641753451264499,0.008525663729044175,-0.0008839102777796759,66.79069416710364,62.65050021164837,75.07108207801416
2025-07-31 07:00:00,3.1475,3.1483,3.1412,3.144,958856.5,0.0073391982353601115,0.008288370630307363,-0.0009491723949472518,66.27509692441045,63.8586991159024,71.10789254142657
2025-07-31 07:15:00,3.144,3.1523,3.1439,3.1489,2061629.0,0.007409399154689744,0.008112576335183839,-0.0007031771804940946,71.55181900223833,66.42307241134772,81.80931218401955
2025-07-31 07:30:00,3.1488,3.1505,3.1464,3.1477,926397.7,0.007284235782031523,0.007946908224553377,-0.0006626724425218538,72.9643705628957,68.60350512853039,81.68610143162633
2025-07-31 07:45:00,3.1478,3.155,3.1476,3.1549,1033459.5,0.007677521050950986,0.0078930307898329,-0.00021550973888191313,81.82263721090163,73.0098824893208,99.4481466540633
2025-07-31 08:00:00,3.1549,3.16,3.1543,3.159,947522.5,0.008225222944823418,0.007959469220831003,0.00026575372399241515,86.63331868991402,77.55102788951854,104.797900290705
2025-07-31 08:15:00,3.159,3.1605,3.1545,3.158,1193203.8,0.008480827301050375,0.008063740836874878,0.0004170864641754972,88.0251536364133,81.04240313848345,101.99065463227299
2025-07-31 08:30:00,3.158,3.1689,3.1551,3.1689,887174.0,0.009453955189250074,0.008341783707349917,0.0011121714819001573,92.01676909094219,84.70052512263636,106.64925702755383
2025-07-31 08:45:00,3.1689,3.172,3.16,3.16,1250112.4,0.00939866843283399,0.008553160652446733,0.0008455077803872571,81.6908330736152,83.69729443962932,77.67791034158697
2025-07-31 09:00:00,3.1601,3.165,3.1565,3.1637,680996.8,0.009543401960623754,0.008751208914082138,0.0007921930465416161,78.81120473305931,82.06859787077265,72.29641845763265
2025-07-31 09:15:00,3.1637,3.1697,3.1631,3.1674,668270.0,0.009843197152360705,0.008969606561737852,0.0008735905906228532,80.41743423485106,81.51820999213213,78.21588272028893
2025-07-31 09:30:00,3.1673,3.1698,3.1634,3.1681,615529.2,0.01002174669400846,0.009180034588191974,0.0008417121058164855,81.86683115656712,81.6344170469438,82.33165937581376
2025-07-31 09:45:00,3.1682,3.1784,3.1656,3.1695,2217921.9,0.010159108908188053,0.009375849452191191,0.0007832594559968615,78.27918613901036,80.51600674429932,73.80554492843245
2025-07-31 10:00:00,3.1696,3.1708,3.1623,3.1635,1253361.2,0.00967232307703858,0.00943514417716067,0.00023717889987791112,64.91088204564723,75.31429851141529,44.10404911411112
2025-07-31 10:15:00,3.1635,3.1653,3.1602,3.1627,1009210.0,0.009116894598764524,0.00937149426148144,-0.0002545996627169155,54.710462507419,68.44635317674987,27.238681168757267
2025-07-31 10:30:00,3.1627,3.173,3.1627,3.173,731936.8,0.009399486023492276,0.009377092613883607,2.2393409608668924e-05,62.08165311653416,66.3247864900113,53.59538636957987
2025-07-31 10:45:00,3.1729,3.1772,3.1703,3.1713,931520.9,0.009378160375931532,0.009377306166293193,8.542096383394593e-07,63.91440496962266,65.52132598321509,60.700562942437784
2025-07-31 11:00:00,3.1712,3.1754,3.1669,3.1691,820601.0,0.0090790800494851,0.009317660942931575,-0.00023858089344647518,61.78768550486248,64.27677915709755,56.80949820039234
2025-07-31 11:15:00,3.169,3.1692,3.1537,3.1545,1461183.7,0.007576620192017991,0.008969452792748859,-0.001392832600730868,42.27141246882859,56.941656927674565,12.930923551136644
2025-07-31 11:30:00,3.1545,3.1654,3.1545,3.1566,1021442.2,0.0064806573955178415,0.008471693713302655,-0.001991036317784814,32.09457187530534,48.65929524355149,-1.0348748611869638
2025-07-31 11:45:00,3.1567,3.1588,3.148,3.1515,1769080.9,0.005141305832499388,0.007805616137142002,-0.0026643103046426145,25.234100548449025,40.85089701185067,-5.999492378354262
2025-07-31 12:00:00,3.1516,3.1525,3.1362,3.1363,1400989.2,0.0028208303249201983,0.006808658974697642,-0.003987828649777443,16.904034511973958,32.86860951189177,-15.025115487861669
2025-07-31 12:15:00,3.1363,3.139,3.1212,3.1353,2887498.3,0.0008908756642829196,0.005625102312614698,-0.004734226648331778,19.662213484173108,28.466477502652214,2.053685447214896
2025-07-31 12:30:00,3.1354,3.1365,3.1218,3.1265,1317481.5,-0.001333343806749987,0.0042334130887417614,-0.005566756895491748,16.262904227544023,24.398619744282815,-0.008526805933563253
2025-07-31 12:45:00,3.1265,3.139,3.123,3.1346,1477616.0,-0.002414617252068929,0.0029038070205796235,-0.005318424272648553,18.8181266278864,22.53845537215068,11.377469139357842
2025-07-31 13:00:00,3.1345,3.1351,3.1081,3.1093,1861883.4,-0.005252485424303455,0.0012725485316030078,-0.006525033955906463,13.139771392340469,19.405560712213944,0.6081927525935171
2025-07-31 13:15:00,3.1094,3.1177,3.0965,3.1062,2303645.6,-0.007663322477486911,-0.0005146256702149761,-0.0071486968072719355,13.207348741156835,17.339490055194908,4.94306611308069
2025-07-31 13:30:00,3.1062,3.1157,3.084,3.1038,2428599.1,-0.009656276607730607,-0.0023429558577181026,-0.007313320750012505,16.913007268879355,17.197329126423057,16.34436355379195
2025-07-31 13:45:00,3.1037,3.1223,3.1007,3.1129,2243536.3,-0.010381738942163654,-0.003950712474607213,-0.006431026467556441,24.154126058040692,19.516261436962267,33.429855300197545
2025-07-31 14:00:00,3.1129,3.1249,3.0996,3.1086,1830316.5,-0.011174830640740652,-0.005395536107833901,-0.005779294532906751,28.073553625068502,22.368692166331012,39.483276542543486
2025-07-31 14:15:00,3.1085,3.1089,3.0839,3.0867,2270357.1,-0.013415858830329697,-0.006999600652333061,-0.006416258177996636,20.409592313869105,21.715658882177042,17.79745917725323
2025-07-31 14:30:00,3.0866,3.1036,3.0844,3.09,1540665.7,-0.014755515003593622,-0.008550783522585172,-0.00620473148100845,17.296655009004088,20.242657591119393,11.40464984477348
2025-07-31 14:45:00,3.09,3.1009,3.0809,3.0811,1530218.5,-0.016346920666366227,-0.010110010951341383,-0.006236909715024844,11.645848032393992,17.377054404877594,0.18343528742678927
2025-07-31 15:00:00,3.081,3.0934,3.0763,3.0875,1903178.5,-0.0168969174600897,-0.011467392253091046,-0.005429525206998654,14.113105037469046,16.289071282408077,9.76117254759098
2025-07-31 15:15:00,3.0875,3.1,3.0857,3.0941,1026414.4,-0.016608773438532953,-0.012495668490179428,-0.004113104948353525,21.617241492743606,18.065128019186588,28.721468439857645
2025-07-31 15:30:00,3.0941,3.1023,3.0932,3.0989,1105732.2,-0.015810839821205125,-0.013158702756384567,-0.0026521370648205575,29.912180199552107,22.014145412641763,45.70824977337279
2025-07-31 15:45:00,3.0989,3.1029,3.0903,3.1011,1217620.1,-0.01482999906892557,-0.013492962018892768,-0.0013370370500328018,36.95105566115572,26.993115495479753,56.866935992507656
2025-07-31 16:00:00,3.1011,3.112,3.0963,3.1067,1676300.7,-0.013445807606952354,-0.013483531136504686,3.772352955233246e-05,45.484517217176666,33.156916069378724,70.13971951277256
2025-07-31 16:15:00,3.1067,3.1223,3.1067,3.1201,1689622.1,-0.011139152671139296,-0.013014655443431609,0.0018755027722923128,62.062141912900245,42.791991350552564,100.6024430375956
2025-07-31 16:30:00,3.1201,3.1366,3.1201,3.1296,1768632.2,-0.008447167719477733,-0.012101157898640835,0.003653990179163102,70.8385534256261,52.14084537557708,108.23396952572413
2025-07-31 16:45:00,3.1297,3.132,3.1139,3.1218,738928.3,-0.00686402090299687,-0.011053730499512042,0.004189709596515172,72.37771997308181,58.886470241411985,99.36021943642146
2025-07-31 17:00:00,3.1218,3.1225,3.1018,3.1044,997979.1,-0.00693347543819911,-0.010229679487249456,0.003296204049050346,63.785257207040786,60.51939922995492,70.31697316121252
2025-07-31 17:15:00,3.1044,3.1104,3.0883,3.0941,1181202.5,-0.007730529841126987,-0.009729849558024964,0.001999319716897976,48.024487122964956,56.35442852762494,31.36460431364499
2025-07-31 17:30:00,3.0941,3.1032,3.0895,3.0959,1059868.4,-0.008123315714177348,-0.009408542789255441,0.001285227075078093,37.261321297987685,49.99005945107919,11.80384499180468
2025-07-31 17:45:00,3.0959,3.1006,3.08,3.086,1292037.1,-0.009128224125094953,-0.009352479056423344,0.00022425493132839126,28.374449769918638,42.784856224025674,-0.44636313829543894
2025-07-31 18:00:00,3.086,3.0899,3.0688,3.0774,2149637.0,-0.010497560069544942,-0.009581495259047664,-0.0009160648104972781,23.144421773849363,36.23804474063357,-3.0428241597190464
2025-07-31 18:15:00,3.0773,3.0953,3.0721,3.094,1881100.4,-0.010126554783065345,-0.009690507163851201,-0.00043604761921414367,27.818995046872956,33.43169484271336,16.593595455192144
2025-07-31 18:30:00,3.094,3.098,3.0899,3.0961,910884.8,-0.009552957424335151,-0.009662997215947992,0.00011003979161284053,31.967825606469802,32.94373843063217,30.01599995814506
2025-07-31 18:45:00,3.096,3.1001,3.078,3.0845,1390512.2,-0.009920048297987094,-0.009714407432355812,-0.00020564086563128192,29.592474454946,31.82665043873678,25.12412248736444
2025-07-31 19:00:00,3.0846,3.0901,3.0674,3.0697,1490795.2,-0.01127523290500232,-0.010026572526885113,-0.0012486603781172063,21.11972586167602,28.25767557971653,6.8438264255950045
2025-07-31 19:15:00,3.0696,3.0773,3.0675,3.0683,1209480.8,-0.012320175455740934,-0.010485293112656276,-0.0018348823430846574,14.777491659721754,23.764280939718272,-3.1960869002712826
2025-07-31 19:30:00,3.0684,3.0706,3.058,3.0645,1873373.5,-0.013301595682607026,-0.011048553626646427,-0.0022530420559605992,14.64517143096487,20.724577770133806,2.486358752626998
2025-07-31 19:45:00,3.0644,3.0682,3.0525,3.0579,1879735.1,-0.014445425254281385,-0.011727927952173419,-0.0027174973021079664,13.5056513628469,18.318268967704835,3.88041615313103
2025-07-31 20:00:00,3.0578,3.0641,3.0444,3.0498,3893838.1,-0.01582312163944799,-0.012546966689628335,-0.003276154949819655,12.235365420832622,16.290634452080763,4.12482735833634
2025-07-31 20:15:00,3.0498,3.0673,3.0461,3.0586,1479328.7,-0.016020198617689996,-0.013241613075240667,-0.0027785855424493286,16.65481572639604,16.412028210185856,17.140390758816416
2025-07-31 20:30:00,3.0586,3.0646,3.0465,3.0564,1855614.4,-0.016167535867108285,-0.013826797633614192,-0.0023407382334940923,18.28453903004502,17.036198483472244,20.78122012319057
2025-07-31 20:45:00,3.0563,3.0611,3.0501,3.0514,1145587.8,-0.016497586009904808,-0.014360955308872317,-0.002136630701032491,16.378801005068993,16.81706599067116,15.502271033864659
2025-07-31 21:00:00,3.0514,3.06,3.0485,3.0507,1327848.9,-0.016624006081783715,-0.014813565463454598,-0.001810440618329117,15.5143866656696,16.38283954900397,13.777480899000857
2025-07-31 21:15:00,3.0507,3.059,3.0419,3.0578,2061013.4,-0.015967224017509274,-0.015044297174265534,-0.0009229268432437397,25.314675856208883,19.360118318072278,37.223790932482096
2025-07-31 21:30:00,3.0577,3.0675,3.0522,3.0523,1685456.5,-0.01570943494700927,-0.015177324728814282,-0.0005321102181949887,28.955428503442022,22.558555046528863,41.74917541726834
2025-07-31 21:45:00,3.0522,3.0577,3.029,3.0493,5024678.7,-0.01556775479266248,-0.015255410741583923,-0.00031234405107855717,36.56552376419956,27.227544619085762,55.241482054427166
2025-07-31 22:00:00,3.0493,3.0495,3.0262,3.0332,3267975.0,-0.01656367199603581,-0.015517062992474302,-0.0010466090035615092,30.02673335692408,28.160607531698535,33.758985007375166
2025-07-31 22:15:00,3.0332,3.0407,3.0225,3.0335,2535910.4,-0.017131257588467452,-0.015839901911672935,-0.0012913556767945172,28.165970386097637,28.162395149831568,28.173120858629773
2025-07-31 22:30:00,3.0335,3.0341,3.0161,3.0254,3066223.0,-0.018026872994635568,-0.01627729612826546,-0.0017495768663701068,24.808441995401058,27.044410765021397,20.336504456160384
2025-07-31 22:45:00,3.0254,3.0297,3.0185,3.027,2245489.6,-0.01839549619895875,-0.01670093614240412,-0.0016945600565546302,23.6077032239122,25.898841584651663,19.025426502433277
2025-07-31 23:00:00,3.027,3.0433,3.0262,3.04,1907819.2,-0.01743763123141795,-0.016848275160206885,-0.000589356071211064,31.237820307510987,27.678501158938104,38.35645860465675
2025-07-31 23:15:00,3.0401,3.0401,3.0296,3.0297,1154756.6,-0.017310100202929668,-0.016940640168751443,-0.00036946003417822476,29.644928194631348,28.33397683750252,32.266830908889006
2025-07-31 23:30:00,3.0297,3.0301,3.0108,3.025,2300020.5,-0.017387845406217295,-0.017030081216244615,-0.00035776418997267995,28.11131603334026,28.25975656944843,27.814434961123915
2025-07-31 23:45:00,3.0251,3.029,3.0158,3.0224,1072111.1,-0.017458012213280583,-0.01711566741565181,-0.00034234479762877343,26.9853691821416,27.834960773679487,25.28618599906583
2025-08-01 00:00:00,3.0223,3.0243,2.9782,2.9939,9894710.3,-0.01958753877478836,-0.017610041687479122,-0.001977497087309238,25.330124569300498,27.000015372219824,21.99034296346185
2025-08-01 00:15:00,2.994,3.026,2.9925,3.0039,4557661.1,-0.020235030653179997,-0.0181350394806193,-0.0020999911725606973,30.045991904367114,28.01534088293559,34.10729394723016
2025-08-01 00:30:00,3.0038,3.0106,2.981,2.9844,4745153.2,-0.022067281775530745,-0.01892148793960159,-0.003145793835929153,23.205264444181143,26.41198207001744,16.79182919250855
2025-08-01 00:45:00,2.9844,2.9919,2.9292,2.9868,13324053.3,-0.02305987417309252,-0.01974916518629978,-0.0033107089867927403,32.29752073082724,28.373828290287374,40.14490561190696
2025-08-01 01:00:00,2.9869,2.9988,2.9459,2.9501,4731614.4,-0.026502391018212723,-0.02109981035268237,-0.005402580665530354,27.637435672727985,28.128364084434242,26.655578849315468
2025-08-01 01:15:00,2.95,2.9763,2.9368,2.9701,5319087.1,-0.027302056455064783,-0.022340259573158855,-0.004961796881905928,30.718314494172176,28.991680887680218,34.17158170715609
2025-08-01 01:30:00,2.9701,2.9922,2.957,2.9852,3376431.0,-0.02641288200866665,-0.023154784060260416,-0.0032580979484062335,38.979041509494344,32.3208010949516,52.29552233857983
2025-08-01 01:45:00,2.9852,2.9921,2.9694,2.986,2745647.3,-0.025351416194438148,-0.023594110487095962,-0.0017573057073421855,44.95730355809989,36.5329685826677,61.80597350896427
2025-08-01 02:00:00,2.9859,3.0067,2.9774,3.0059,2973911.5,-0.02264341401868153,-0.023403971193413076,0.0007605571747315472,56.383381435427545,43.14977286692098,82.85059857244067
2025-08-01 02:15:00,3.0058,3.0173,3.0005,3.0061,2966325.2,-0.020247760872220244,-0.02277272912917451,0.002524968256954266,64.06963721039529,50.123060981412415,91.96278966836103
2025-08-01 02:30:00,3.0062,3.024,3.0023,3.0154,2120615.0,-0.017398200590836854,-0.02169782342150698,0.004299622830670126,73.02251482099491,57.75621226127325,103.55511994043826
2025-08-01 02:45:00,3.0153,3.0224,3.0117,3.0191,890463.9,-0.014672212329458034,-0.020292701203097195,0.005620488873639161,80.29208442356055,65.26816964870234,110.33991397327699
2025-08-01 03:00:00,3.0191,3.0196,3.0021,3.0029,1212549.8,-0.013661569534025642,-0.018966474869282886,0.005304905335257244,78.795640380233,69.77732655921255,96.83226802227387
2025-08-01 03:15:00,3.0029,3.0243,3.0024,3.0194,1103696.0,-0.011397828659723164,-0.017452745627370942,0.006054916967647778,83.99709358682196,74.51724890174903,102.95678295696783
2025-08-01 03:30:00,3.0193,3.0202,3.0061,3.0079,1026742.7,-0.010411731636725818,-0.01604454282924192,0.005632811192516102,81.20856263886184,76.74768681411996,90.13031428834557
2025-08-01 03:45:00,3.0079,3.0116,2.994,2.9983,1349963.7,-0.01028630825247756,-0.01489289591388905,0.004606587661411489,71.68609701121447,75.06049021315147,64.93731060734046
2025-08-01 04:00:00,2.9982,2.9982,2.98,2.9904,1439158.6,-0.010701018612368607,-0.014054520453584962,0.0033535018412163553,57.03024804301308,69.05040948977201,32.989925149495235
2025-08-01 04:15:00,2.9905,2.9914,2.9768,2.9818,1435655.1,-0.011590025092484524,-0.013561621381364875,0.001971596288880351,41.52893729183318,59.8765854237924,4.833641027914737
2025-08-01 04:30:00,2.9818,2.9921,2.9734,2.9886,1554877.4,-0.01161200994052436,-0.013171699093196773,0.0015596891526724142,37.64011667523652,52.46442917427377,7.991491677162017
2025-08-01 04:45:00,2.9885,2.9905,2.9787,2.9859,927695.8,-0.011712288554338368,-0.012879816985425094,0.0011675284310867264,33.27939670948976,46.0694183526791,7.699353423111077
2025-08-01 05:00:00,2.986,2.997,2.9811,2.9953,1498273.8,-0.010907523496166416,-0.01248535828757336,0.0015778347914069436,36.52811123134279,42.88898264556699,23.806368402894392
2025-08-01 05:15:00,2.9953,2.9959,2.9681,2.9695,1851852.4,-0.012210826957756105,-0.01243045202160991,0.00021962506385380526,25.182441888510763,36.986802393214916,1.5737208791024528
2025-08-01 05:30:00,2.9695,2.982,2.9549,2.9627,2193717.5,-0.013635229077716637,-0.012671407432831256,-0.0009638216448853813,20.76991786952275,31.581174218650858,-0.8525948287334657
2025-08-01 05:45:00,2.9627,2.9661,2.9518,2.959,2048066.3,-0.014890983113837741,-0.013115322569032554,-0.0017756605448051872,17.85998983943662,27.007446092246113,-0.4349226661823735
2025-08-01 06:00:00,2.959,2.9672,2.9433,2.9495,2221590.6,-0.01646297293571175,-0.013784852642368393,-0.0026781202933433574,15.671080050820626,23.22865741177095,0.5559253289199759
2025-08-01 06:15:00,2.9496,2.9548,2.9404,2.944,1666691.0,-0.017945723104579425,-0.014617026734810601,-0.003328696369768824,12.567528043303296,19.67494762228173,-1.6473111146535757
2025-08-01 06:30:00,2.9441,2.9528,2.9351,2.9386,1675077.3,-0.01933368152059156,-0.015560357691966795,-0.0037733238286247663,10.263112395051026,16.53766921320483,-2.286001241256578
2025-08-01 06:45:00,2.9385,2.9652,2.9365,2.9626,1861963.5,-0.0182862565585431,-0.016105537465282056,-0.002180719093261046,21.650906378607132,18.242081601672265,28.468555932476868
2025-08-01 07:00:00,2.9625,2.9719,2.9494,2.958,1964854.2,-0.017624185644590007,-0.016409267101143647,-0.0012149185434463597,26.76565541018631,21.083272871176945,38.13042048820503
2025-08-01 07:15:00,2.958,2.9658,2.9442,2.9465,2188590.8,-0.017822002613491872,-0.016691814203613292,-0.0011301884098785797,24.093770273457583,22.08677200527049,28.107766809831773
2025-08-01 07:30:00,2.9465,2.9539,2.9388,2.9518,2222487.2,-0.017351095650511628,-0.01682367049299296,-0.0005274251575186663,27.93173881769953,24.03509427608017,35.72502790093825
2025-08-01 07:45:00,2.9519,2.9636,2.9407,2.9558,2270635.9,-0.016465329845891663,-0.0167520023635727,0.00028667251768103863,37.371159211799636,28.480449254653326,55.152579126092256
2025-08-01 08:00:00,2.9558,2.9558,2.892,2.9132,10969487.1,-0.01898200529986882,-0.017198002950831928,-0.001784002349036893,33.75849496055721,30.239797823287955,40.79588923509571
2025-08-01 08:15:00,2.9131,2.9293,2.9031,2.9128,4366562.7,-0.020769349256120506,-0.017912272211889645,-0.0028570770442308616,31.18317686565301,30.554257504076304,32.44101558880642
2025-08-01 08:30:00,2.9129,2.9306,2.9001,2.9239,4864098.9,-0.021047532136304614,-0.01853932419677264,-0.002508207939531975,34.097086621324,31.735200543158868,38.82085877765428
2025-08-01 08:45:00,2.9238,2.9331,2.9151,2.9157,1934655.5,-0.021679754824354358,-0.019167410322288983,-0.002512344502065375,32.618750279881496,32.02971712206641,33.79681659551167
2025-08-01 09:00:00,2.9157,2.9395,2.9128,2.9239,2270462.2,-0.021273892203033107,-0.01958870669843781,-0.0016851855045952983,35.054135564142996,33.0378566027586,39.086693486911784
2025-08-01 09:15:00,2.924,2.9382,2.9197,2.9355,2054491.8,-0.019788115024470088,-0.019628588363644263,-0.00015952666082582473,43.01712018639349,36.364277797303565,56.322804964573336
2025-08-01 09:30:00,2.9355,2.9418,2.9276,2.9406,1502030.2,-0.017991701394263426,-0.0193012109697681,0.001309509575504672,51.30377844828464,41.34411134763059,71.22311264959274
2025-08-01 09:45:00,2.9405,2.9405,2.9208,2.9223,1001372.7,-0.017839050243596777,-0.019008778824533834,0.0011697285809370572,48.308664216919716,43.665628970726964,57.59473470930523
2025-08-01 10:00:00,2.9223,2.941,2.9197,2.9409,1153015.6,-0.016032397060099512,-0.01841350247164697,0.0023811054115474573,57.75436548630599,48.36187447591997,76.53934750707803
2025-08-01 10:15:00,2.941,2.9492,2.9404,2.9428,1697072.4,-0.014282655710520231,-0.017587333119421622,0.003304677408901391,67.49136925156328,54.73837273446774,92.99736228575436
2025-08-01 10:30:00,2.9428,2.9588,2.9373,2.9563,1838696.7,-0.011672087351613403,-0.01640428396585998,0.004732196614246578,76.90793157372819,62.12822568088789,106.46734335940879
2025-08-01 10:45:00,2.9563,2.9591,2.9455,2.9527,1482484.4,-0.009780934508006656,-0.015079614074289316,0.00529867956628266,79.99765632633013,68.08470256270196,103.82356385358648
2025-08-01 11:00:00,2.9527,2.9551,2.94,2.9531,1414230.0,-0.008155889579164022,-0.013694869175264258,0.005538979596100236,82.34544978990779,72.83828497177058,101.35977942618223
2025-08-01 11:15:00,2.9531,2.9577,2.9433,2.9482,1513070.3,-0.007180644810650172,-0.012392024302341442,0.00521137949169127,79.00864165350875,74.89507053234996,87.23578389582633
2025-08-01 11:30:00,2.9482,2.959,2.9452,2.9569,1317288.5,-0.005640716347448116,-0.011041762711362778,0.005401046363914662,84.14450898728013,77.97821668399335,96.47709359385371
2025-08-01 11:45:00,2.9568,2.9721,2.9564,2.9707,1866663.3,-0.003269083319612509,-0.009487226833012724,0.006218143513400215,88.5390874164563,81.49850692814766,102.62024839307355
2025-08-01 12:00:00,2.9706,2.9919,2.9668,2.9871,3047162.1,-6.544965598465069e-05,-0.00760287139760711,0.0075374217416224595,90.14332512897643,84.38011299509058,101.66974939674813
2025-08-01 12:15:00,2.9871,2.9889,2.9779,2.9855,1725869.5,0.0023176302759857492,-0.005618771062888539,0.007936401338874289,89.52167951211385,86.093968500765,96.37710153481154
2025-08-01 12:30:00,2.9856,3.0081,2.9726,2.9974,5682843.1,0.005107591701022152,-0.003473498510106401,0.008581090211128552,87.97678822464825,86.72157507539275,90.48721452315922
2025-08-01 12:45:00,2.9975,2.9983,2.9821,2.9938,2735147.9,0.006948073253959741,-0.0013891841572931725,0.008337257411252914,84.98501495935905,86.14272170338153,82.66960147131411
2025-08-01 13:00:00,2.9938,3.0081,2.9927,3.0059,2154163.1,0.009276107823879887,0.0007438742389414394,0.008532233584938447,88.91316220002291,87.06620186892866,92.60708286221143
2025-08-01 13:15:00,3.006,3.018,2.9942,3.0,3096900.5,0.01052370063137964,0.0026998395174290795,0.00782386111395056,84.57664628595914,86.23635000793882,81.25723884199977
2025-08-01 13:30:00,3.0,3.0033,2.9679,2.9691,4237351.3,0.00891627390641414,0.003943126395226091,0.004973147511188049,67.32765430052966,79.93345143880244,42.11606002398409
2025-08-01 13:45:00,2.9691,2.9717,2.93,2.9575,6189803.7,0.006629927909287847,0.004480486698038443,0.0021494412112494045,55.30176953368643,71.72289080376378,22.45952699353174
2025-08-01 14:00:00,2.9575,3.0043,2.9357,2.9951,5707767.1,0.007762506653314016,0.005136890689093557,0.002625615964220459,61.52693726488186,68.32423962413647,47.932332546372635
2025-08-01 14:15:00,2.995,3.0324,2.9927,3.0307,4715068.3,0.011401279097741135,0.006389768370823073,0.005011510726918062,73.79790609325455,70.1487951138425,81.09612805207868
2025-08-01 14:30:00,3.0308,3.042,3.0184,3.0189,4059592.6,0.013180929541690922,0.0077480006049966445,0.005432928936694278,75.65693739550305,71.98484254106268,83.00112710438378
2025-08-01 14:45:00,3.019,3.0585,3.019,3.0531,3810829.0,0.01715323767251542,0.0096290480185004,0.00752418965401502,82.37051338688535,75.44673282300357,96.21807451464889
2025-08-01 15:00:00,3.0532,3.059,3.0268,3.0346,2447936.7,0.018594182929742686,0.011422075000748858,0.0071721079289938285,81.94209936386672,77.61185500329128,90.6025880850176
2025-08-01 15:15:00,3.0345,3.0354,3.0092,3.0241,2834422.3,0.018673622285921176,0.012872384457783322,0.005801237828137854,78.94331172061389,78.05567390906549,80.71858734371068
2025-08-01 15:30:00,3.0241,3.0512,3.0217,3.0504,2193504.9,0.02062106198337199,0.014422119962901056,0.006198942020470935,83.73998559152027,79.95044446988375,91.31906783479329
2025-08-01 15:45:00,3.0504,3.0522,3.0363,3.0436,2040027.2,0.021369385826293996,0.015811573135579644,0.0055578126907143525,85.18066222897215,81.69385038957988,92.1542859077567
2025-08-01 16:00:00,3.0435,3.0526,3.0333,3.0465,1665504.5,0.021943492702357847,0.017037957048935286,0.004905535653422562,86.74114978552181,83.37628352156052,93.47088231344438
2025-08-01 16:15:00,3.0465,3.0506,3.0359,3.0395,1325624.4,0.02158481868557116,0.017947329376262464,0.0036374893093086974,81.35684495505362,82.70313733272489,78.66426019971107
2025-08-01 16:30:00,3.0395,3.0395,3.0157,3.038,2320172.4,0.020938167319877188,0.01854549696498541,0.0023926703548917787,73.5150050704372,79.64042657862899,61.2641620540536
2025-08-01 16:45:00,3.038,3.0398,3.0053,3.0119,1878110.1,0.018110868759064758,0.018458571323801277,-0.0003477025647365198,53.106837644723306,70.79589693399376,17.728719066182407
2025-08-01 17:00:00,3.0118,3.0136,2.9852,3.0063,3129017.3,0.015242633490518909,0.017815383757144806,-0.002572750266625897,44.93482039910191,62.17553808902981,10.453385019246113
2025-08-01 17:15:00,3.0064,3.022,3.0034,3.0124,1676903.8,0.01330834507794787,0.01691397602130542,-0.0036056309433575504,43.40857462808577,55.91988360204846,18.385956680160405
2025-08-01 17:30:00,3.0123,3.0323,2.9901,3.0008,1577744.9,0.010715858770914188,0.015674352571227176,-0.004958493800312987,36.65418328321447,49.49798349577046,10.966582858102484
2025-08-01 17:45:00,3.0008,3.0076,2.9945,3.002,849110.6,0.008658316977416813,0.014271145452465104,-0.005612828475048291,32.74472753005589,43.913564840532274,10.407052909103129
2025-08-01 18:00:00,3.0019,3.0073,2.9857,2.9986,1827615.4,0.0066763874585515914,0.012752193853682401,-0.00607580639513081,28.456920232698128,38.761349971254226,7.848060755585934
2025-08-01 18:15:00,2.9986,3.0215,2.9742,3.0112,3331336.1,0.00605263769353126,0.011412282621652173,-0.005359644928120914,35.11438661237463,37.54569551829436,30.251768800535174
2025-08-01 18:30:00,3.0111,3.0285,3.0092,3.0212,2095065.9,0.006292689727278145,0.010388364042777369,-0.0040956743154992245,47.29170489605453,40.79436531088108,60.286384066401425
2025-08-01 18:45:00,3.0213,3.0307,3.0012,3.01,2187731.1,0.005515605825202385,0.009413812399262372,-0.0038982065740599866,49.71886017460529,43.76919693212249,61.618186659570895
2025-08-01 19:00:00,3.01,3.0196,2.9996,3.0099,1905509.2,0.004835946291380289,0.008498239177685956,-0.003662292886305667,53.62783449391346,47.05540945271948,66.77268457630142
2025-08-01 19:15:00,3.0099,3.019,2.9968,3.0114,2412327.3,0.004367997126232925,0.00767219076739535,-0.0033041936411624248,57.094402571386865,50.40174049227528,70.47972672961004
2025-08-01 19:30:00,3.0114,3.0321,3.0035,3.009,2638248.6,0.0037601395509607727,0.006889780524108435,-0.0031296409731476627,58.02851163967369,52.94399754140809,68.19753983620488
2025-08-01 19:45:00,3.009,3.0274,3.009,3.0141,1766226.3,0.003647884874597551,0.006241401394206259,-0.002593516519608708,61.656313459264375,55.84810284736019,73.27273468307276
2025-08-01 20:00:00,3.0142,3.0222,2.976,2.9797,3639471.4,0.0007742051723229615,0.0051479621498296,-0.0043737569775066385,44.27058778688993,51.988931160536765,28.833901039596242
2025-08-01 20:15:00,2.9798,2.9938,2.9656,2.9862,2859933.5,-0.0009675576163230559,0.003924858196599069,-0.004892415812922125,39.839539727601,47.93913401622484,23.640351150353325
2025-08-01 20:30:00,2.9861,2.9903,2.9557,2.98,1782305.3,-0.0028157471787513266,0.00257673712152899,-0.005392484300280317,37.161787392571654,44.34668514167378,22.7919918943674
2025-08-01 20:45:00,2.9799,3.0126,2.972,3.008,1854851.8,-0.001998052423631158,0.0016617792124969605,-0.0036598316361281186,47.59302405578078,45.42879811304278,51.92147594125679
2025-08-01 21:00:00,3.0079,3.029,3.0045,3.0179,1944660.6,-0.0005448949667865577,0.001220444376640257,-0.0017653393434268146,58.86655355900226,49.90804992836261,76.78356082028158
2025-08-01 21:15:00,3.0179,3.0213,3.0043,3.0112,1255051.1,6.535540500696158e-05,0.000989426582313598,-0.0009240711773066364,63.4590287251988,54.425042860641334,81.52700045431372
2025-08-01 21:30:00,3.0113,3.015,2.9977,3.0022,1051241.1,-0.00017522171572492695,0.000756496922705893,-0.0009317186384308199,62.593977265315885,57.14802099553285,73.48588980488195
2025-08-01 21:45:00,3.0022,3.0047,2.9914,2.9956,770515.0,-0.0008882069617031085,0.0004275561458240927,-0.0013157631075272013,59.873929363780384,58.05665711828203,63.508473854777094
2025-08-01 22:00:00,2.9955,2.9992,2.9541,2.9616,2606802.6,-0.004148942331495764,-0.00048774354963987865,-0.0036611987818558856,43.253736620802336,53.1223502857888,23.51650929082942
2025-08-01 22:15:00,2.9616,2.9707,2.9236,2.9336,4277263.0,-0.00888998636957794,-0.002168192113627491,-0.00672179425595045,31.998379758586832,46.08102677672147,3.8330857223175485
2025-08-01 22:30:00,2.9335,2.9393,2.8959,2.9179,8214196.3,-0.013755590828251396,-0.004485671856552272,-0.009269918971699124,26.841895045669418,39.667982866370785,1.1897194042666825
2025-08-01 22:45:00,2.9179,2.9351,2.9008,2.925,3296340.7,-0.016844533457374578,-0.006957444176716733,-0.009887089280657844,25.18235026585818,34.83943866619992,5.868173465174706
2025-08-01 23:00:00,2.9249,2.9482,2.9177,2.9455,1838798.8,-0.01743735707327021,-0.00905342675602743,-0.00838393031724278,29.20997155214486,32.96294962818157,21.70401540007144
2025-08-01 23:15:00,2.9455,2.9645,2.9417,2.958,1482748.1,-0.016705952703122584,-0.01058393194544646,-0.006122020757676124,35.98049140158941,33.96879688598418,40.003880432799875
2025-08-01 23:30:00,2.9579,2.9645,2.9453,2.9632,1230610.7,-0.015527719048982647,-0.011572689366153698,-0.003955029682828948,42.822706554320156,36.920100108762846,54.627919445434785
2025-08-01 23:45:00,2.9631,2.971,2.9555,2.9613,1009774.0,-0.014579214402018703,-0.0121739943733267,-0.002405220028692003,48.58523574209576,40.80847865320715,64.13874991987298
2025-08-02 00:00:00,2.9614,2.9738,2.9478,2.9543,1902712.8,-0.01422834364554193,-0.012584864227769747,-0.001643479417772183,51.23494580289437,44.283967703102896,65.13690200247733
2025-08-02 00:15:00,2.9543,2.9686,2.9537,2.9602,1039009.5,-0.013320643267726417,-0.012732020035761082,-0.0005886232319653358,61.67053725327735,50.079490886494376,84.8526299868433
2025-08-02 00:30:00,2.9603,2.9679,2.9513,2.961,1311507.4,-0.012393862136757416,-0.01266438845596035,0.0002705263192029333,68.9699174328651,56.37629973528462,94.15715282802608
2025-08-02 00:45:00,2.961,2.986,2.961,2.9787,2052956.4,-0.010114545157944299,-0.01215441979635714,0.0020398746384128405,76.457253249453,63.06995090667408,103.23185793501085
2025-08-02 01:00:00,2.9787,2.9835,2.9699,2.9762,541226.2,-0.008412920229723841,-0.01140611988303048,0.002993199653306638,79.52201461139707,68.55397214158175,101.45809955102769
2025-08-02 01:15:00,2.9763,2.9819,2.9608,2.9657,491205.2,-0.007821471408699487,-0.010689190188164282,0.002867718779464795,71.07336715251897,69.39377047856082,74.43256050043524
2025-08-02 01:30:00,2.9656,2.9742,2.961,2.9721,423863.0,-0.006758410692413008,-0.009903034289014028,0.0031446235966010195,69.33146671756795,69.37300255822987,69.24839503624412
2025-08-02 01:45:00,2.972,2.9796,2.9708,2.9772,424953.2,-0.005441671832731032,-0.009010761797757429,0.0035690899650263966,71.87542807349179,70.2071443966505,75.21199542717437
2025-08-02 02:00:00,2.9772,2.9804,2.9728,2.9756,323958.8,-0.004475660796424474,-0.008103741597490837,0.003628080801066363,72.1752417523103,70.8631768485371,74.79937155985672
2025-08-02 02:15:00,2.9757,2.9768,2.9701,2.9761,426015.3,-0.0036279238215812804,-0.007208578042308926,0.0035806542207276453,71.94007471287554,71.22214280331657,73.37593853199348
2025-08-02 02:30:00,2.9761,2.9808,2.975,2.9779,308951.0,-0.0027788088262301613,-0.006322624199093173,0.003543815372863012,73.51240331482757,71.98556297382024,76.56608399684222
2025-08-02 02:45:00,2.978,2.9784,2.972,2.9765,325581.2,-0.0021935613646166807,-0.005496811632197875,0.003303250267581194,69.77546464374755,71.24886353046269,66.82866687031728
2025-08-02 03:00:00,2.9765,2.9838,2.9742,2.9785,514172.4,-0.0015504921412481387,-0.004707547734007928,0.003157055592759789,72.16915034220844,71.5556258010446,73.39619942453612
2025-08-02 03:15:00,2.9786,2.9818,2.9739,2.9755,279595.6,-0.0012683097908463559,-0.004019700145375614,0.0027513903545292578,69.41711472089237,70.84278877432719,66.56576661402275
2025-08-02 03:30:00,2.9754,2.98,2.9734,2.9771,268981.5,-0.0009051377523161541,-0.003396787666763722,0.002491649914447568,69.81608817650152,70.50055524171863,68.44715404606731
2025-08-02 03:45:00,2.9772,2.9835,2.9741,2.9834,384711.7,-0.00010772219218768697,-0.002738974571848515,0.002631252379660828,78.90415610793544,73.30175553045757,90.10895726289118
2025-08-02 04:00:00,2.9834,2.9854,2.9809,2.9831,604105.0,0.0004943295679376014,-0.0020923137438912916,0.002586643311828893,80.92521082576962,75.84290729556159,91.0898178861857
2025-08-02 04:15:00,2.9831,2.9976,2.9794,2.9975,765514.4,0.002109107105722874,-0.0012520295739684587,0.0033611366796913325,87.16226176263457,79.61602545125258,102.25473438539856
2025-08-02 04:30:00,2.9976,3.0154,2.997,3.0122,1466931.4,0.004522860366316106,-9.705158591154575e-05,0.004619911952227652,88.98375054528935,82.73860048259817,101.47405067067172
2025-08-02 04:45:00,3.0122,3.0206,3.0091,3.0191,1375807.5,0.006912862375426432,0.00130493120635605,0.005607931169070382,91.62702711249739,85.70140935923125,103.47826261902966
2025-08-02 05:00:00,3.019,3.0203,3.0073,3.0094,2439107.3,0.00793280283982467,0.0026305055330497745,0.005302297306774896,86.5084135552242,85.97041075789555,87.58441914988148
2025-08-02 05:15:00,3.0094,3.0193,3.0042,3.0177,2214687.0,0.009303607444810957,0.003965125915402011,0.005338481529408946,88.95758643794615,86.96613598457908,92.94048734468029
2025-08-02 05:30:00,3.0177,3.0181,3.0049,3.0094,1241465.4,0.009609467378121739,0.005093994207945957,0.004515473170175782,84.72878643885672,86.22035280267163,81.74565371122688
2025-08-02 05:45:00,3.0093,3.0125,3.0057,3.0108,818618.4,0.009851272540936318,0.006045449874544029,0.003805822666392289,82.79410135350318,85.07826898628214,78.22576608794526
2025-08-02 06:00:00,3.0107,3.012,3.0,3.0001,821558.7,0.009074894562617786,0.006651338812158781,0.002423555750459005,71.94364038453627,80.70005945236686,54.430802248875096
2025-08-02 06:15:00,3.0,3.0001,2.966,2.9679,2073801.9,0.00579454264726742,0.0064799795791805085,-0.0006854369319130886,49.12237808297535,70.17416566256969,7.018802923786666
2025-08-02 06:30:00,2.9678,2.9729,2.9456,2.9546,2028474.8,0.002097463025300783,0.005603476268404564,-0.0035060132431037807,36.74825205531687,59.032194460152084,-7.819632754353563
2025-08-02 06:45:00,2.9546,2.9744,2.9546,2.9692,1038387.7,0.0003416603240409266,0.004551113079531837,-0.00420945275549091,34.98772359243333,51.017370837579165,2.9284291021416777
2025-08-02 07:00:00,2.9692,2.9728,2.9467,2.9601,1042026.1,-0.0017637880638297077,0.003288132850859528,-0.0050519209146892355,29.795474809056387,43.943405494738236,1.4996134376926875
2025-08-02 07:15:00,2.9602,2.9805,2.9593,2.9791,937807.8,-0.0018775862245394848,0.0022549890357797253,-0.00413257526031921,35.01516502421932,40.96732533789859,23.11084439686077
2025-08-02 07:30:00,2.9791,2.9837,2.972,2.9816,741134.7,-0.0017459171342175672,0.0014548078017802668,-0.003200724935997834,39.89516748741044,40.60993938773587,38.46562368675957
2025-08-02 07:45:00,2.9816,2.9945,2.9795,2.9924,1231991.9,-0.0007613226374219018,0.001011581713939833,-0.0017729043513617347,49.91516397516438,43.71168091687871,62.32213009173573
2025-08-02 08:00:00,2.9924,2.9979,2.9879,2.9941,675797.5,0.00015437188442612992,0.0008401397480370924,-0.0006857678636109625,57.624165541675815,48.349175791811085,76.17414504140528
2025-08-02 08:15:00,2.9942,3.0023,2.9837,2.9849,1231855.8,0.0001361340096983632,0.0006993386003693466,-0.0005632045906709834,61.52016679850701,52.739506127376394,79.08148814076826
2025-08-02 08:30:00,2.9849,2.9915,2.9737,2.9839,960139.1,4.0521612008959096e-05,0.0005675752026972691,-0.00052705359068831,63.529611492949506,56.336207915900765,77.916418647047
2025-08-02 08:45:00,2.9839,2.9893,2.9737,2.9776,629903.5,-0.0005374142734968501,0.00034657730745844524,-0.0008839915809552954,60.87825418474804,57.85022333884985,66.9343158765444
2025-08-02 09:00:00,2.9776,2.9849,2.9705,2.9745,640077.2,-0.001231382112301116,3.098542350653304e-05,-0.001262367535807649,57.2521694564987,57.6508720447328,56.45476428003049
2025-08-02 09:15:00,2.9746,2.9748,2.96,2.9632,729012.0,-0.00266248076535458,-0.0005077078142656895,-0.0021547729510888905,41.19136878495279,52.164370958139465,19.245364438579443
2025-08-02 09:30:00,2.9633,2.9684,2.955,2.9553,830496.7,-0.004383569672842924,-0.0012828801859811364,-0.0031006894868617877,27.67232901378794,44.000356976688956,-4.983726912014092
2025-08-02 09:45:00,2.9552,2.9684,2.9545,2.9668,1004874.1,-0.0047646670257428525,-0.00197923755393348,-0.0027854294718093727,27.025625200266006,38.34211305121464,4.3926494983687405
2025-08-02 10:00:00,2.9669,2.9704,2.9505,2.9519,794602.9,-0.006197553361766861,-0.0028229007155001562,-0.0033746526462667048,18.91798436774509,31.867403490058123,-6.980853876880985
2025-08-02 10:15:00,2.9518,2.9603,2.9441,2.9561,1382660.0,-0.006914514982734765,-0.003641223568947078,-0.003273291413787687,19.48484181217373,27.739882930763326,2.9747595749945432
2025-08-02 10:30:00,2.9561,2.9569,2.933,2.9336,1232117.4,-0.009192310953774374,-0.004751441045912538,-0.004440869907861836,13.33177488332971,22.937180248285454,-5.879035846581779
2025-08-02 10:45:00,2.9336,2.9476,2.9333,2.9437,898412.7,-0.010066455250699935,-0.005814443886870017,-0.004252011363829918,15.222959454487615,20.365773317019507,4.937331729423832
2025-08-02 11:00:00,2.9436,2.9489,2.93,2.9321,1261379.3,-0.011561964825206772,-0.006963948074537369,-0.004598016750669403,11.42368517366569,17.385077269234902,-0.4990990174727301
2025-08-02 11:15:00,2.9321,2.962,2.9314,2.9595,1017947.6,-0.010416145092125628,-0.007654387478055021,-0.002761757614070607,29.565194877681645,21.445116472050483,45.805351688943965
2025-08-02 11:30:00,2.9595,2.9611,2.94,2.9463,1324484.4,-0.0104527120238469,-0.008214052387213398,-0.0022386596366335016,33.15897480294268,25.34973591568122,48.7774525774656
2025-08-02 11:45:00,2.9464,2.9542,2.9376,2.9404,888303.0,-0.010832897374638772,-0.008737821384698474,-0.002095075989940298,30.686841287770154,27.128771039710866,37.80298178388873
2025-08-02 12:00:00,2.9404,2.9435,2.9316,2.9376,880688.4,-0.011230673391644963,-0.009236391786087773,-0.00199428160555719,26.728521254553083,26.995354444658272,26.194854874342703
2025-08-02 12:15:00,2.9376,2.9454,2.929,2.9325,1271178.5,-0.011821173993098899,-0.00975334822749,-0.0020678257656088998,21.354367705055836,25.115025531457462,13.833052052252583
2025-08-02 12:30:00,2.9325,2.9379,2.9235,2.9246,1057890.1,-0.012779302111125546,-0.01035853900421711,-0.0024207631069084364,15.188626089084545,21.80622571733316,1.9534268325873185
2025-08-02 12:45:00,2.9245,2.9425,2.9236,2.9387,910228.8,-0.012259552891789038,-0.010738741781731495,-0.0015208111100575433,23.285923886229238,22.29945844029852,25.258854778090672
2025-08-02 13:00:00,2.9387,2.9412,2.9222,2.9245,882281.7,-0.01284539549325725,-0.011160072524036646,-0.0016853229692206043,17.450247414940065,20.683054765179033,10.98463271446213
2025-08-02 13:15:00,2.9246,2.9348,2.924,2.9251,518298.0,-0.013110139463145654,-0.011550085911858448,-0.0015600535512872056,14.06230899689463,18.47613950908423,5.2346479725154325
2025-08-02 13:30:00,2.9251,2.9386,2.9184,2.9314,1375451.4,-0.012665592551084348,-0.011773187239703628,-0.0008924053113807204,19.52319428832781,18.82515776883209,20.919267327319254
2025-08-02 13:45:00,2.9313,2.9466,2.93,2.9392,940488.9,-0.011550741351594063,-0.011728698062081716,0.00017795671048765303,32.38231574529107,23.34421042765175,50.45852638056973
2025-08-02 14:00:00,2.9393,2.9411,2.9184,2.921,1629001.1,-0.01199750190639115,-0.011782458830943603,-0.00021504307544754735,24.661496548869835,23.783305801391112,26.41787804382728
2025-08-02 14:15:00,2.921,2.921,2.9036,2.9101,2078136.0,-0.013080319983153732,-0.01204203106138563,-0.0010382889217681029,21.47975738916898,23.015456330650398,18.408359506206146
2025-08-02 14:30:00,2.91,2.91,2.88,2.8889,6379474.0,-0.015470786339783604,-0.012727782117065226,-0.0027430042227183787,18.774292713900493,21.601735125067098,13.119407891567285
2025-08-02 14:45:00,2.889,2.8916,2.8714,2.8789,3539378.9,-0.017965074381703694,-0.013775240569992919,-0.004189833811710775,15.840663227706633,19.681377825946942,8.159234031226013
2025-08-02 15:00:00,2.8788,2.8889,2.8737,2.8827,2214951.6,-0.019411424564043767,-0.01490247736880309,-0.004508947195240677,15.5693074000313,18.31068768397506,10.086546832143782
2025-08-02 15:15:00,2.8828,2.8942,2.8788,2.8788,1770569.6,-0.02063450320189908,-0.01604888253542229,-0.004585620666476789,13.65968011065919,16.760351826203102,7.458336679571367
2025-08-02 15:30:00,2.8788,2.8804,2.8536,2.8566,3761827.8,-0.02312854483324589,-0.01746481499498701,-0.005663729838258878,10.18172222431031,14.56747529223884,1.4102160884532502
2025-08-02 15:45:00,2.8567,2.8597,2.822,2.83,8197373.8,-0.026940930215830772,-0.019360038039155765,-0.007580892176675007,8.927996731669689,12.687649105382455,1.4086919842441574
2025-08-02 16:00:00,2.83,2.8446,2.8275,2.8357,2877814.7,-0.029166121837903347,-0.021321254798905283,-0.007844867038998064,9.786310723436117,11.720536311400343,5.917859547507664
2025-08-02 16:15:00,2.8357,2.8432,2.8246,2.8329,2996814.0,-0.03080048995391005,-0.023217101829906238,-0.007583388124003811,10.19424081899106,11.211771147263915,8.159180162445349
2025-08-02 16:30:00,2.833,2.8467,2.8117,2.8431,4876483.7,-0.030916299845892947,-0.02475694143310358,-0.006159358412789369,17.44383772469871,13.289126673075515,25.7532598279451
2025-08-02 16:45:00,2.8431,2.8527,2.8282,2.8443,2304060.1,-0.030558985090656687,-0.025917350164614203,-0.004641634926042484,24.800942321516292,17.126398555889107,40.150029852770665
2025-08-02 17:00:00,2.8442,2.8596,2.8371,2.8589,2701892.4,-0.028766114725834235,-0.02648710307685821,-0.0022790116489760266,35.60466861838464,23.285821910054285,60.24236203504537
2025-08-02 17:15:00,2.8589,2.8654,2.852,2.8651,2567614.9,-0.0265390383462627,-0.02649749013073911,-4.154821552359092e-05,45.31220332134728,30.627949047151947,74.68071186973796
2025-08-02 17:30:00,2.8651,2.8658,2.8342,2.836,1389941.8,-0.02681310627285205,-0.0265606133591617,-0.00025249291369034907,41.99852856066522,34.418142218323034,57.159301245349596
2025-08-02 17:45:00,2.8361,2.8375,2.8082,2.8239,4086721.8,-0.027687511556956146,-0.02678599299872059,-0.0009015185582355555,37.08466718859174,35.30698387507927,40.640033815616675
2025-08-02 18:00:00,2.824,2.8332,2.8114,2.8116,1917087.6,-0.02903825630596213,-0.0272364456601689,-0.0018018106457932288,26.690704051653782,32.434890600604106,15.202330953753133
2025-08-02 18:15:00,2.8116,2.8224,2.7666,2.7673,11333899.3,-0.03329951494058481,-0.028449059516252085,-0.004850455424332722,18.02901775486601,27.63293298535807,-1.1788127061181086
2025-08-02 18:30:00,2.7673,2.7765,2.7466,2.7627,9796756.0,-0.036625577803146125,-0.030084363173630897,-0.006541214629515228,16.521582306376054,23.9291494256974,1.706448067733362
2025-08-02 18:45:00,2.7626,2.7661,2.7418,2.7605,5677435.8,-0.03898958058374946,-0.03186540665565461,-0.0071241739280948485,16.04126992468079,21.299856258691864,5.524097256658642
2025-08-02 19:00:00,2.7605,2.7844,2.7547,2.777,3283849.8,-0.03908115449352367,-0.033308556223228425,-0.005772598270295248,20.156545541185068,20.9187526861896,18.632131251176006
2025-08-02 19:15:00,2.777,2.8049,2.7769,2.8043,3238274.0,-0.03652975337447506,-0.03395279565347775,-0.0025769577209973082,30.238772296273897,24.02542588955103,42.665465109719634
2025-08-02 19:30:00,2.8044,2.8182,2.7924,2.7998,4322357.9,-0.03447347325699335,-0.03405693117418087,-0.000416542082812478,35.75057938031157,27.933810386471208,51.3841173679923
2025-08-02 19:45:00,2.7998,2.8007,2.773,2.7794,2647512.5,-0.03409691791415703,-0.0340649285221761,-3.198939198092998e-05,36.93020164887365,30.93260747393869,48.92538999874357
2025-08-02 20:00:00,2.7793,2.7953,2.7762,2.7927,1545590.5,-0.03235235839581874,-0.033722414496904635,0.001370056101085898,43.183227065696904,35.016147337858094,59.51738652137452
2025-08-02 20:15:00,2.7926,2.8013,2.7773,2.7921,1499327.4,-0.030664713663265175,-0.033110874330176746,0.0024461606669115704,49.59113400740423,39.8744762277068,69.02444956679908
2025-08-02 20:30:00,2.792,2.7942,2.7798,2.784,1425411.1,-0.029639183303991512,-0.0324165361249397,0.002777352820948188,51.472623369683,43.740525275032205,66.9368195589846
2025-08-02 20:45:00,2.7839,2.7983,2.78,2.7979,1530463.2,-0.02738910472274858,-0.03141104984450148,0.004021945121752898,58.791522037031164,48.75752419569852,78.85951771969644
2025-08-02 21:00:00,2.7979,2.8176,2.785,2.786,2388998.1,-0.026263383843168064,-0.030381516644234798,0.004118132801066734,55.62479421891313,51.046614203436725,64.78115424986593
2025-08-02 21:15:00,2.786,2.7949,2.7791,2.7826,1368595.2,-0.025353336044713792,-0.0293758805243306,0.0040225444796168075,44.162842163641095,48.752023523504846,34.984479443913585
2025-08-02 21:30:00,2.7826,2.8009,2.7826,2.7932,1232551.7,-0.023505824680742915,-0.028201869355613064,0.004696044674870149,44.338649938002646,47.280898995004115,38.45415182399971
2025-08-02 21:45:00,2.7932,2.8153,2.7926,2.7997,1456472.0,-0.021271953102922847,-0.026815886105075022,0.005543933002152175,49.51425690934105,48.02535163311643,52.4920674617903
2025-08-02 22:00:00,2.7998,2.8179,2.7997,2.8068,1243858.8,-0.018712971631947628,-0.025195303210449545,0.006482331578501917,57.46993626090373,51.17354650904553,70.06271576462014
2025-08-02 22:15:00,2.8069,2.8073,2.7829,2.7862,1561907.7,-0.018138123224408886,-0.023783867213241418,0.005645743988832531,45.62035159593921,49.322481538010095,38.216091711797446
2025-08-02 22:30:00,2.7862,2.8046,2.7853,2.8039,1167606.8,-0.01606907534699964,-0.022240908839993065,0.006171833492993425,51.71940965502486,50.121457577015015,54.915313811044555
2025-08-02 22:45:00,2.8039,2.8108,2.7973,2.798,1117149.6,-0.014735558345074562,-0.020739838741009365,0.006004280395934803,50.71671983874514,50.31987833092506,51.510402854385305
2025-08-02 23:00:00,2.798,2.7991,2.763,2.7696,2217865.2,-0.015788380541913227,-0.01974954710119014,0.003961166559276912,37.81843253366262,46.15272973183758,21.149838137312713
2025-08-02 23:15:00,2.7696,2.7795,2.7387,2.7418,4678634.6,-0.018650980490525715,-0.019529833779057256,0.0008788532885315413,26.517002160488843,39.60748720805467,0.33603206535718755
2025-08-02 23:30:00,2.7418,2.79,2.7416,2.777,3444626.8,-0.01787323423384901,-0.01919851387001561,0.0013252796361665972,33.79753005985457,37.6708348253213,26.05092052892111
2025-08-02 23:45:00,2.7771,2.7851,2.7583,2.7695,2065978.7,-0.017658495893332127,-0.018890510274678914,0.0012320143813467875,35.494649669532606,36.94543977339173,32.59306946181435
2025-08-03 00:00:00,2.7695,2.7925,2.7619,2.7803,3119431.3,-0.016427478721777966,-0.018397903964098725,0.0019704252423207586,41.17151728810592,38.35413227829646,46.80628730772483
2025-08-03 00:15:00,2.7804,2.7928,2.7501,2.7586,2571879.1,-0.017006852975154807,-0.018119693766309942,0.0011128407911551348,36.64786312041081,37.78537589233458,34.37283757656327
2025-08-03 00:30:00,2.7587,2.7806,2.728,2.7757,6134437.8,-0.015902865817827738,-0.017676328176613503,0.001773462358785765,43.63480729766517,39.73518636077811,51.4340491714393
2025-08-03 00:45:00,2.7756,2.7944,2.7704,2.7854,3099669.3,-0.01408290020091485,-0.016957642581473774,0.0028747423805589242,52.19776203097165,43.88937825084262,68.81452959122971
2025-08-03 01:00:00,2.7853,2.795,2.775,2.7888,1693942.8,-0.012225287250901662,-0.01601117151535935,0.003785884264457688,63.3029618415573,50.36057278108084,89.18773996251021
2025-08-03 01:15:00,2.7888,2.8012,2.7771,2.8007,1898359.7,-0.009681285227376435,-0.014745194257762767,0.0050639090303863325,75.30762119127492,58.67625558447887,108.57035240486704
2025-08-03 01:30:00,2.8007,2.8061,2.7937,2.8038,1287814.4,-0.007330499764758525,-0.01326225535916192,0.005931755594403395,82.55676666699593,66.6364259453179,114.39744811035197
2025-08-03 01:45:00,2.8037,2.8045,2.787,2.7989,1276849.0,-0.005796061014676113,-0.011769016490264758,0.005972955475588645,85.29819442332392,72.85701543798656,110.18055239399862
2025-08-03 02:00:00,2.7989,2.8214,2.7986,2.8154,2153855.1,-0.0032115741191449665,-0.0100575280160408,0.006845953896895834,88.05746865908952,77.92383317835422,108.32473962056014
2025-08-03 02:15:00,2.8153,2.8208,2.8084,2.8087,1041246.9,-0.0016845650229981857,-0.008382935417432279,0.006698370394434093,87.50583563710887,81.1178339979391,100.28183891544842
2025-08-03 02:30:00,2.8086,2.8192,2.8082,2.8169,1167349.4,0.00018513800131048086,-0.006669320733683727,0.006854458734994208,90.0645613740611,84.10007645664643,101.99353120889043
2025-08-03 02:45:00,2.8169,2.8292,2.8165,2.8271,2338177.3,0.0024615704220503076,-0.004843142502536921,0.0073047129245872285,92.18589805889788,86.79535032406358,102.96699352856649
2025-08-03 03:00:00,2.8271,2.8292,2.8166,2.8217,2377771.9,0.0037862787810682974,-0.0031172582458158776,0.006903537026884175,90.17805258047052,87.92291774286589,94.68832225567976
2025-08-03 03:15:00,2.8216,2.8289,2.8165,2.8231,1011731.8,0.0048926881360698005,-0.0015152689694387423,0.006407957105508543,89.54928393400532,88.46503980657904,91.71777218885788
2025-08-03 03:30:00,2.8232,2.8384,2.82,2.838,1800782.4,0.006892379931172865,0.00016626081068357918,0.006726119120489286,92.77345258375972,89.9011773989726,98.51800295333396
2025-08-03 03:45:00,2.8379,2.8411,2.8335,2.8358,1330722.6,0.008205045811311429,0.0017740178108091491,0.00643102800050228,91.91674411314106,90.57303297036209,94.604166398699
2025-08-03 04:00:00,2.8357,2.8361,2.8217,2.825,1107901.9,0.008278444483086123,0.003074903145264544,0.005203541337821579,81.98371176170205,87.70992590080874,70.53128348348866
2025-08-03 04:15:00,2.825,2.8353,2.8219,2.8315,832849.2,0.008760127835808706,0.004211948083373377,0.00454817975243533,78.26269740547129,84.56084973569625,65.66639274502137
2025-08-03 04:30:00,2.8314,2.8314,2.8175,2.8186,927923.2,0.008008624732263492,0.0049712834131514,0.0030373413191120916,62.71211235339437,77.27793727492896,33.58046251032519
2025-08-03 04:45:00,2.8187,2.8263,2.8142,2.8247,639615.5,0.007815183557323468,0.005540063441985814,0.0022751201153376546,54.81922731861977,69.7917006228259,24.8742807102075
2025-08-03 05:00:00,2.8247,2.8378,2.8239,2.8334,1157241.7,0.008268582254366219,0.006085767204461895,0.002182815049904324,60.337973107085,66.64045811757893,47.73300308609714
2025-08-03 05:15:00,2.8334,2.8412,2.8292,2.8396,763981.2,0.009024167190745835,0.006673447201718684,0.0023507199890271512,71.58334009608103,68.2880854437463,78.1738494007505
2025-08-03 05:30:00,2.8395,2.8449,2.832,2.8327,918266.3,0.008962882828186025,0.007131334327012153,0.001831548501173872,67.80908883712677,68.12841990820645,67.1704266949674
2025-08-03 05:45:00,2.8328,2.8368,2.8302,2.8345,583058.8,0.008956316642953155,0.007496330790200354,0.0014599858527528011,67.24731872529385,67.83471951390226,66.07251714807705
2025-08-03 06:00:00,2.8345,2.8388,2.8266,2.8273,605912.2,0.008274746934945565,0.007652014019149396,0.0006227329157961689,59.055215740858365,64.90821825622096,47.34921071013318
2025-08-03 06:15:00,2.8272,2.8385,2.8255,2.8353,611732.4,0.00828463110177724,0.007778537435674965,0.0005060936661022749,62.280024391842765,64.03215363476157,58.77576590600515
2025-08-03 06:30:00,2.8353,2.8442,2.835,2.8371,1088538.4,0.008341553100271959,0.007891140568594364,0.00045041253167759504,66.38429421996896,64.81620049649736,69.52048166691216
2025-08-03 06:45:00,2.8372,2.8415,2.8347,2.8389,765833.4,0.008434679417038016,0.007999848338283095,0.0004348310787549211,71.07487149952351,66.90242416417274,79.41976617022505
2025-08-03 07:00:00,2.8389,2.8539,2.8389,2.8525,1673938.5,0.009496420213170431,0.008299162713260562,0.0011972574999098689,79.16102544412695,70.98862459082414,95.50582715073256
2025-08-03 07:15:00,2.8524,2.8595,2.8464,2.8594,1449152.2,0.010770474452725498,0.00879342506115355,0.0019770493915719483,86.00931108039815,75.99552008734882,106.03689306649679
2025-08-03 07:30:00,2.8595,2.8698,2.8576,2.8642,2233049.7,0.01202883062955351,0.009440506174833541,0.0025883244547199695,86.45917954645036,79.48340657371601,100.41072549191907
2025-08-03 07:45:00,2.8643,2.866,2.855,2.8652,2167877.9,0.012957413609922863,0.010143887661851406,0.002813525948071457,87.5115373048571,82.15945015076305,98.21571161304522
2025-08-03 08:00:00,2.8652,2.8774,2.8651,2.8765,2786774.2,0.014438697556252489,0.011002849640731623,0.0034358479155208663,91.09632352115706,85.1384079408944,103.0121546816824
2025-08-03 08:15:00,2.8765,2.8775,2.8635,2.8652,2001848.9,0.014533279593334392,0.011708935631252176,0.002824343962082216,86.17960029615615,85.48547205931499,87.5678567698385
2025-08-03 08:30:00,2.8652,2.8661,2.8557,2.86,1509679.0,0.01402694609425792,0.012172537723853325,0.0018544083704045942,77.15711670834072,82.70935360899023,66.05264290704173
2025-08-03 08:45:00,2.8599,2.8697,2.8496,2.8672,1505768.2,0.014044753796186527,0.012546980938319966,0.0014977728578665604,76.74960428531124,80.72277050109723,68.80327185373923
2025-08-03 09:00:00,2.8672,2.8714,2.8547,2.8552,933783.8,0.012941386567826285,0.01262586206422123,0.00031552450360505455,65.24239594841117,75.56264565020187,44.60189654482977
2025-08-03 09:15:00,2.8552,2.8596,2.8509,2.8554,1183783.6,0.011945399291272363,0.012489769509631458,-0.0005443702183590953,53.14123288307789,68.08884139449388,23.246015860245905
2025-08-03 09:30:00,2.8554,2.8631,2.8542,2.8597,779816.7,0.011371957416009604,0.012266207090907089,-0.0008942496748974849,47.49439420401139,61.224025664333055,20.03513128336806
2025-08-03 09:45:00,2.8597,2.8658,2.8586,2.8658,896644.6,0.011279694323812706,0.012068904537488214,-0.0007892102136755081,51.01776817901847,57.82193983589486,37.40942486526568
2025-08-03 10:00:00,2.8658,2.875,2.8643,2.8749,794136.4,0.011804790826235756,0.012016081795237723,-0.0002112909690019666,64.2388466474219,59.960908773070535,72.79472239612461
2025-08-03 10:15:00,2.875,2.875,2.8682,2.8685,1048936.6,0.011571122378547294,0.011927089911899637,-0.00035596753335234363,65.4065429262383,61.776120157459786,72.66738846379533
2025-08-03 10:30:00,2.8685,2.8745,2.864,2.8733,726237.2,0.011639090148836129,0.011869489959286937,-0.00023039981045080808,74.70672415554988,66.08632149015648,91.94752948633669
2025-08-03 10:45:00,2.8733,2.8755,2.8675,2.8686,783723.0,0.011184773272010062,0.011732546621831564,-0.0005477733498215013,74.25750722339059,68.81005006790117,85.15242153436944
2025-08-03 11:00:00,2.8686,2.894,2.868,2.894,1835479.7,0.012727576023533693,0.011931552502171991,0.0007960235213617019,82.83833814892706,73.48614609490981,101.54272225696158
2025-08-03 11:15:00,2.8939,2.894,2.88,2.8802,2460102.0,0.012690426315769887,0.012083327264891572,0.0006070990508783153,77.88603827097823,74.95277682026595,83.75256117240278
2025-08-03 11:30:00,2.8802,2.8822,2.87,2.8745,1859353.5,0.012061999321758332,0.012079061676264925,-1.7062354506592464e-05,68.92570055586131,72.94375139879774,60.88959886998845
2025-08-03 11:45:00,2.8744,2.8832,2.8693,2.8694,1086149.2,0.011025345701700218,0.011868318481351984,-0.0008429727796517659,56.11995856266471,67.33582045342007,33.688234781153994
2025-08-03 12:00:00,2.8694,2.8759,2.8611,2.865,1567748.7,0.009736510578273627,0.011441956900736313,-0.0017054463224626861,41.36467348959838,58.67877146547951,6.736477537836137
2025-08-03 12:15:00,2.865,2.8675,2.8585,2.8647,1565187.8,0.00859185046073696,0.010871935612736444,-0.0022800851519994836,33.39804523719719,50.251862722718734,-0.30958973384589683
2025-08-03 12:30:00,2.8647,2.8758,2.8635,2.8751,1120839.7,0.008426753782202479,0.010382899246629652,-0.001956145464427173,37.85221795155892,46.1186477989988,21.319358256679166
2025-08-03 12:45:00,2.8751,2.8823,2.8706,2.8766,1136953.6,0.00832103127016337,0.009970525651336397,-0.0016494943811730268,42.23011713202505,44.82247091000755,37.04540957606005
2025-08-03 13:00:00,2.8766,2.8837,2.8712,2.8824,1327249.2,0.008606051737709564,0.00969763086861103,-0.0010915791309014673,50.59472597534069,46.74655593178526,58.29106606245155
2025-08-03 13:15:00,2.8824,2.8832,2.87,2.8732,998967.5,0.007997380574245927,0.00935758080973801,-0.001360200235492083,47.53263421830248,47.008582027291,48.580738600325446
2025-08-03 13:30:00,2.8733,2.8818,2.8725,2.8725,647721.9,0.007373522761568996,0.008960769200104208,-0.001587246438535212,50.20694133072024,48.074701795100744,54.471420401959236
2025-08-03 13:45:00,2.8725,2.8777,2.866,2.8754,848942.8,0.007032055554923922,0.008575026471068151,-0.0015429709161442293,55.825791574977394,50.65839838839296,66.16057794814627
2025-08-03 14:00:00,2.8754,2.8816,2.8652,2.8699,1320398.2,0.006245640443678813,0.008109149265590284,-0.001863508821911471,52.29655946268324,51.20445207982306,54.48077422840362
2025-08-03 14:15:00,2.87,2.8715,2.8598,2.8645,1742042.4,0.005127558627818551,0.007512831138035938,-0.0023852725102173865,42.800880911630294,48.40326169042547,31.596119354039956
2025-08-03 14:30:00,2.8646,2.8878,2.8603,2.8846,1658890.3,0.00579655368800891,0.007169575648030533,-0.0013730219600216233,58.05773013156295,51.62141783747129,70.93035471974626
2025-08-03 14:45:00,2.8847,2.8955,2.8782,2.8855,1779499.6,0.006326432396842385,0.007000946997792904,-0.0006745146009505187,62.70141859377759,55.31475142290672,77.47475293551933
2025-08-03 15:00:00,2.8856,2.8893,2.8769,2.8887,1121270.3,0.006924754092973107,0.006985708416828945,-6.09543238558382e-05,68.78507271331198,59.80485851970847,86.74550110051898
2025-08-03 15:15:00,2.8887,2.8999,2.8879,2.8978,1855659.8,0.008040536001987508,0.007196673933860658,0.0008438620681268504,77.4444125653169,65.68470986824461,100.96381795946147
2025-08-03 15:30:00,2.8977,2.9032,2.8884,2.9001,2173706.0,0.009006569850907642,0.007558653117270055,0.001447916733637587,82.58198932925897,71.31713635524939,105.11169527727813
2025-08-03 15:45:00,2.9,2.9,2.8903,2.8951,1060884.9,0.00926193460603475,0.007899309415022994,0.001362625191011756,82.16679472949046,74.93368914666308,96.63300589514523
2025-08-03 16:00:00,2.8951,2.8976,2.8856,2.8881,1350713.9,0.008798053036905618,0.00807905813939952,0.0007189948975060978,76.51365424362355,75.46034417898323,78.62027437290419
2025-08-03 16:15:00,2.8882,2.8965,2.8856,2.8948,2062187.3,0.008868823282893512,0.008237011168098319,0.0006318121147951931,77.89082325918993,76.27050387238546,81.13146203279888
2025-08-03 16:30:00,2.8949,2.9085,2.8917,2.9082,1688047.9,0.009892146714560734,0.008568038277390801,0.0013241084371699331,85.05307995979177,79.19802923485423,96.76318140966686
2025-08-03 16:45:00,2.9083,2.9205,2.9054,2.9187,2555600.2,0.011418771662851768,0.009138184954482995,0.0022805867083687727,88.65923985087018,82.35176610685954,101.27418733889147
2025-08-03 17:00:00,2.9186,2.93,2.9105,2.9241,2803496.1,0.012915486119058794,0.009893645187398156,0.003021840931660639,88.73578953020974,84.47977391464293,97.24782076134338
2025-08-03 17:15:00,2.9241,2.9241,2.909,2.9093,1461504.4,0.012760313842650195,0.010466978918448564,0.002293334924201631,76.9499858129325,81.96984454740613,66.91026834398525
2025-08-03 17:30:00,2.9093,2.9175,2.9029,2.9038,1024283.5,0.01205457700110335,0.010784498534979522,0.001270078466123828,64.96365420561848,76.30111443347691,42.28873374990164
2025-08-03 17:45:00,2.9037,2.916,2.9026,2.9159,1247235.5,0.012329517344608298,0.011093502296905278,0.0012360150477030204,66.0568505514934,72.88635980614907,52.397832042182046
2025-08-03 18:00:00,2.9159,2.9162,2.9033,2.9072,1530150.5,0.011710402031461786,0.01121688224381658,0.0004935197876452056,60.254116583878364,68.67561206539217,43.411125620850754
2025-08-03 18:15:00,2.9072,2.9147,2.9008,2.9096,1156811.6,0.011283341292882998,0.011230174053629863,5.316723925313446e-05,58.18742907393695,65.17955106824043,44.20318508532998
2025-08-03 18:30:00,2.9096,2.9142,2.8949,2.901,1975826.7,0.010134124574134429,0.011010964157730778,-0.0008768395835963491,46.88561416069221,59.08157209905769,22.49369828396125
2025-08-03 18:45:00,2.901,2.917,2.9009,2.9167,1073360.1,0.010370674158315385,0.0108829061578477,-0.0005122319995323147,51.95983014321555,56.70765811377697,42.46417420209269
2025-08-03 19:00:00,2.9167,2.9214,2.9052,2.9084,1417165.6,0.00977571244611175,0.01066146741550051,-0.0008857549693887593,47.46039958265646,53.62523860340347,35.13072154116243
2025-08-03 19:15:00,2.9085,2.9224,2.9085,2.9168,1353554.2,0.009868255692150107,0.010502825070830429,-0.0006345693786803212,56.64026638843739,54.63024786508144,60.66030343514929
2025-08-03 19:30:00,2.9168,2.9237,2.9132,2.9141,1756901.2,0.00961291771463424,0.010324843599591191,-0.0007119258849569519,59.982399814513634,56.414298514892174,67.11860241375656
2025-08-03 19:45:00,2.9141,2.9201,2.9088,2.9163,1284097.8,0.009478816248322808,0.010155638129337514,-0.0006768218810147067,64.75678506152764,59.195127363770666,75.88010045704158
2025-08-03 20:00:00,2.9163,2.9166,2.905,2.9085,1133989.6,0.0086435080767302,0.009853212118816053,-0.0012097040420858528,58.91193078175928,59.10072850310021,58.53433533907743
2025-08-03 20:15:00,2.9085,2.9087,2.9015,2.9075,1153076.6,0.007810790756232144,0.009444727846299272,-0.0016339370900671276,53.85795385450644,57.353136953568956,46.86758765638142
2025-08-03 20:30:00,2.9075,2.9161,2.9036,2.9152,888402.6,0.007683610054916912,0.009092504288022801,-0.0014088942331058896,59.40067294004126,58.03564894905973,62.13072092200433
2025-08-03 20:45:00,2.9153,2.9237,2.915,2.9173,1006006.8,0.007663925915083691,0.00880678861343498,-0.001142862698351288,63.57705681382847,59.88278490398264,70.96560063352013
2025-08-03 21:00:00,2.9173,2.9214,2.916,2.9185,1178578.5,0.00765689217686516,0.008576809326121017,-0.0009199171492558569,67.91023006807744,62.55859995868091,78.61349028687049
2025-08-03 21:15:00,2.9184,2.9237,2.9109,2.9186,1586681.9,0.007572100590775399,0.008375867579051894,-0.0008037669882764945,70.94916238772721,65.35545410169634,82.13657895978898
2025-08-03 21:30:00,2.9186,2.9227,2.9149,2.9205,1356426.9,0.007570943643373962,0.008214882791916308,-0.0006439391485423464,75.82797012034658,68.84629277457975,89.79132481188023
2025-08-03 21:45:00,2.9205,2.9352,2.9205,2.929,1256846.3,0.008161821321126972,0.008204270497758442,-4.2449176631469826e-05,77.75277137597764,71.81511897504572,89.62807617784148
2025-08-03 22:00:00,2.9289,2.9391,2.9171,2.9176,2767335.4,0.007622345754453086,0.008087885549097371,-0.0004655397946442853,66.10823056270875,69.91282283760006,58.49904601292616
2025-08-03 22:15:00,2.9177,2.926,2.914,2.9181,2596041.0,0.0071527014129917355,0.007900848721876245,-0.0007481473088845093,58.788465765210105,66.20470381347008,43.955989668690165
2025-08-03 22:30:00,2.9181,2.9343,2.9176,2.9327,1636506.9,0.007867906542467384,0.007894260285994473,-2.635374352708865e-05,66.51625417211211,66.30855393301742,66.93165465030151
2025-08-03 22:45:00,2.9327,2.9432,2.9301,2.9424,1790554.9,0.009112378862798032,0.008137884001355185,0.000974494861442847,76.85190938615534,69.82300575073006,90.9097166570059
2025-08-03 23:00:00,2.9424,2.9625,2.9393,2.9609,3461885.7,0.011459331491400881,0.008802173499364324,0.0026571579920365573,83.5343478595042,74.39345312032144,101.81613733786972
2025-08-03 23:15:00,2.9609,2.9617,2.9485,2.9488,2309095.8,0.012202279203367361,0.009482194640164933,0.0027200845632024285,80.17276937403638,76.31989187155976,87.87852437898962
2025-08-03 23:30:00,2.9487,2.9539,2.9417,2.9449,1706701.2,0.012334192320111903,0.010052594176154327,0.002281598143957576,74.68562631808616,75.77513668706855,72.50660558012137
2025-08-03 23:45:00,2.9449,2.9518,2.941,2.948,1899238.6,0.01254427590365692,0.010550930521654846,0.0019933453820020746,73.15811513989247,74.9027961713432,69.66875307699104
2025-08-04 00:00:00,2.9481,2.9528,2.9312,2.9389,1848173.9,0.011839990666791422,0.010808742550682161,0.0010312481161092613,65.88547882178386,71.89702372149009,53.86238902237142
2025-08-04 00:15:00,2.9389,2.9763,2.9352,2.9701,2336896.2,0.013642160459369723,0.011375426132419675,0.002266734326950048,73.93970391222177,72.57791711840065,76.66327749986402
2025-08-04 00:30:00,2.9701,2.9905,2.9651,2.9899,2985467.0,0.0164781378129919,0.01239596846853412,0.00408216934445778,82.35212085231798,75.83598502970642,95.38439249754111
2025-08-04 00:45:00,2.99,3.0189,2.9873,3.0166,4201346.1,0.020642186875653223,0.01404521214995794,0.006596974725695284,87.3713838715153,79.68111797697605,102.7519156605938
2025-08-04 01:00:00,3.0167,3.0312,3.0049,3.02,5589897.6,0.023940604951805167,0.016024290710327387,0.00791631424147778,87.84758924767685,82.40327506720966,98.73621760861121
2025-08-04 01:15:00,3.0201,3.0267,3.0082,3.0224,2644750.6,0.02644346122284391,0.018108124812830695,0.008335336410013217,88.96505949845125,84.5905365442902,97.71410540677337
2025-08-04 01:30:00,3.0224,3.0246,3.0049,3.0095,2554114.4,0.02707397868621797,0.019901295587508153,0.007172683098709817,85.41003966563416,84.86370425140485,86.50271049409278
2025-08-04 01:45:00,3.0094,3.0107,2.9948,2.998,2689787.7,0.02634205956280722,0.021189448382567967,0.005152611180239252,79.20669311042282,82.97803387107751,71.66401158911344
2025-08-04 02:00:00,2.998,2.9992,2.9832,2.9841,2519115.0,0.024359592334348257,0.021823477172924023,0.0025361151614242336,70.43779540694858,78.79795438303454,53.717477454776684
2025-08-04 02:15:00,2.9841,3.0061,2.9832,3.0058,2293702.1,0.024259829208526096,0.02231074758004444,0.0019490816284816574,71.47241916018784,76.35610930875231,61.70503886305892
2025-08-04 02:30:00,3.0058,3.016,2.996,2.9972,1711296.8,0.023219162039194607,0.022492430471874474,0.0007267315673201331,63.83587399383162,72.18269753711208,47.1422269072707
2025-08-04 02:45:00,2.9971,3.015,2.9963,3.0145,1272978.4,0.023519275658217875,0.022697799509143156,0.0008214761490747194,64.2933604403321,69.55291850485209,53.77424431129211
2025-08-04 03:00:00,3.0144,3.0164,3.0036,3.0049,1042218.8,0.022720569511775146,0.022702353509669555,1.821600210559146e-05,57.9316847379992,65.67917391590113,42.436706382195325
2025-08-04 03:15:00,3.0049,3.005,2.9955,2.9967,1018460.0,0.021181747664713146,0.022398232340678274,-0.001216484675965128,48.96595074487311,60.10809952555846,26.68165318350242
2025-08-04 03:30:00,2.9966,3.0009,2.9933,3.0008,927973.8,0.020061796101746854,0.02193094509289199,-0.0018691489911451357,46.81465959481065,55.67695288197586,29.090073020480233
2025-08-04 03:45:00,3.0008,3.0053,2.9978,2.9983,768374.9,0.018756286517066734,0.02129601337772694,-0.0025397268606602054,46.370415633488165,52.574773799146634,33.961699302171226
2025-08-04 04:00:00,2.9984,3.009,2.9961,2.997,1160336.3,0.01741600081377559,0.02052001086493667,-0.0031040100511610796,44.76903210907229,49.972859902455184,34.3613765223065
2025-08-04 04:15:00,2.997,3.0022,2.9905,2.9993,1159570.7,0.016350922262037493,0.019686193144356837,-0.003335270882319344,46.01068004058618,48.652133281832185,40.72777355809417
2025-08-04 04:30:00,2.9992,2.9992,2.99,2.99,962415.1,0.014588243370937004,0.01866660318967287,-0.0040783598187358674,30.67378669372412,42.65935108579617,6.702657909580026
2025-08-04 04:45:00,2.9901,2.998,2.9856,2.9881,1016497.7,0.01288941240644581,0.01751116503302746,-0.004621752626581651,23.15481883477753,36.15784033545662,-2.85122416658065
2025-08-04 05:00:00,2.9881,2.9892,2.9787,2.985,2033190.1,0.011164238147582939,0.01624177965593856,-0.005077541508355619,21.00683766703998,31.107506112651077,0.8055007758177908
2025-08-04 05:15:00,2.985,2.985,2.9768,2.9784,1222362.2,0.009158882381834932,0.014825200201117833,-0.005666317819282901,15.660873144486558,25.958628456596234,-4.9346374797327925
2025-08-04 05:30:00,2.9785,2.9829,2.9661,2.9716,1992159.7,0.006940909831669284,0.013248342127228124,-0.0063074322955588395,14.7140863698287,22.210447761007057,-0.27863641252801585
2025-08-04 05:45:00,2.9717,2.9853,2.9663,2.9842,1640133.3,0.006129211567788673,0.011824516015340234,-0.005695304447551562,23.87310497693322,22.764666832982442,26.089981264834776
2025-08-04 06:00:00,2.9843,2.9864,2.9728,2.9735,943998.6,0.004569855816112245,0.010373583975494637,-0.005803728159382392,21.665209067761296,22.39818091124206,20.199265380799766
2025-08-04 06:15:00,2.9735,2.9797,2.9669,2.9747,1534415.5,0.0033917867136183943,0.008977224523119389,-0.005585437809500994,22.384377605654237,22.393579809379457,22.365973198203797
2025-08-04 06:30:00,2.9747,2.9906,2.9714,2.9839,1455551.3,0.0031640483944150866,0.007814589297378528,-0.004650540902963442,32.84839675220876,25.878518790322556,46.78815267598116
2025-08-04 06:45:00,2.9839,2.986,2.9736,2.9826,1373095.5,0.002845859701086084,0.00682084337812004,-0.0039749836770339554,39.14031047848405,30.299116019709718,56.8226993960327
2025-08-04 07:00:00,2.9826,2.9966,2.9809,2.9929,1643952.9,0.003385787537353746,0.006133832209966781,-0.0027480446726130345,55.38315780532836,38.6604632815826,88.82854685281988
2025-08-04 07:15:00,2.9929,2.9972,2.9879,2.9948,1203358.3,0.0039217904001014325,0.005691423847993711,-0.0017696334478922784,67.68309127000482,48.334672611056675,106.37992858790113
2025-08-04 07:30:00,2.9948,3.0038,2.9925,3.0004,949932.5,0.004743766541568828,0.005501892386708734,-0.0007581258451399061,75.4492049669174,57.372850063010254,111.6019147747317
2025-08-04 07:45:00,3.0003,3.019,2.9981,3.0119,2348431.8,0.0062510838428146975,0.005651730677929926,0.0005993531648847712,79.14197472177777,64.62922494926609,108.16747426680112
2025-08-04 08:00:00,3.0119,3.0227,3.0119,3.013,1822621.0,0.007448542311394135,0.006011093004622769,0.0014374493067713665,80.30014563291753,69.85286517714991,101.1947065444528
2025-08-04 08:15:00,3.013,3.0241,3.0044,3.0084,2379056.0,0.007934886783227846,0.006395851760343784,0.001539035022884062,77.7175796060943,72.4744366534647,88.20386551135348
2025-08-04 08:30:00,3.0084,3.0192,3.0041,3.0127,1252161.6,0.008568519782149231,0.0068303853647048735,0.0017381344174443574,77.93442688477148,74.29443339723363,85.21441385984718
2025-08-04 08:45:00,3.0127,3.0141,3.0044,3.0083,1300707.3,0.00861631179233413,0.007187570650230725,0.0014287411421034053,74.86057501889083,74.48314727111936,75.61543051443377
2025-08-04 09:00:00,3.0083,3.0122,2.9956,2.9971,1532509.5,0.007662116794133311,0.007282479879011243,0.00037963691512206844,62.40705001259397,70.45778151827757,46.30558700122677
2025-08-04 09:15:00,2.9971,3.0097,2.9925,3.0048,1883778.8,0.007441455564270338,0.007314275016063063,0.00012718054820727576,57.166394299372165,66.02731911197577,39.444544674164945
2025-08-04 09:30:00,3.0048,3.0104,2.9994,2.9995,1594690.7,0.006760977899115339,0.007203615592673518,-0.00044263769355817884,45.49489577764026,59.1831780005306,18.118331331859565
2025-08-04 09:45:00,2.9995,3.0009,2.9894,2.991,1185112.9,0.005472729268021226,0.00685743832774306,-0.0013847090597218338,31.86691418797561,50.077756729678946,-4.554770895431062
2025-08-04 10:00:00,2.991,3.002,2.988,3.002,1311289.4,0.005278543254850998,0.006541659313164648,-0.0012631160583136498,34.1716639369513,44.775725798769734,12.963540213314431
2025-08-04 10:15:00,3.0021,3.0032,2.9906,2.9966,619520.5,0.004635479646186269,0.006160423379768973,-0.001524943733582704,30.722014185114336,40.0911552608846,11.983732033573816
2025-08-04 10:30:00,2.9965,2.9987,2.9889,2.9899,641621.3,0.0035443559682160064,0.00563720989745838,-0.0020928539292423736,22.51125731999076,34.231189280586655,-0.9286066012010252
2025-08-04 10:45:00,2.9898,2.9978,2.9848,2.9856,718659.1,0.0023060755257242604,0.004970983023111556,-0.0026649074973872956,15.917630022200791,28.126669527791368,-8.50044898898036
2025-08-04 11:00:00,2.9856,2.9895,2.9815,2.9816,1559506.0,0.0009905444038205147,0.004174895299253348,-0.0031843508954328336,10.720330981141208,22.32455667890798,-12.488120414392341
2025-08-04 11:15:00,2.9817,2.9876,2.9767,2.986,1938184.5,0.00029956652308316123,0.003399829544019311,-0.0031002630209361498,16.345700377140695,20.331604578318885,8.373891974784314
2025-08-04 11:30:00,2.986,2.9987,2.9833,2.9953,1181182.5,0.0004966685649776537,0.00281919734821098,-0.002322528783233326,29.294759697519805,23.319322951385857,41.245633189787696
2025-08-04 11:45:00,2.9952,2.9972,2.9894,2.9925,860763.4,0.0004220713776872387,0.0023397721541062316,-0.001917700776418993,39.4040536348246,28.68089984586544,60.85036121274291
2025-08-04 12:00:00,2.9925,2.9957,2.9852,2.9908,1684875.6,0.0002232038220868482,0.0019164584877023549,-0.0016932546656155067,44.00521814648686,33.789005946072585,64.4376425473154
2025-08-04 12:15:00,2.9908,2.9934,2.9808,2.9832,714617.6,-0.0005414155314125146,0.001424883683879381,-0.0019662992152918958,37.512912726588674,35.03030820624462,42.47812176727679
2025-08-04 12:30:00,2.9833,2.9912,2.9796,2.9881,608572.5,-0.0007434231100074129,0.000991222325102022,-0.001734645435109435,42.28133575712,37.447317389869745,51.94937249162051
2025-08-04 12:45:00,2.988,3.0058,2.9863,3.0036,1452380.0,0.0003432481387859454,0.0008616274878388068,-0.0005183793490528614,59.00084468573203,44.6318264884905,87.73888108021507
2025-08-04 13:00:00,3.0036,3.0148,3.0023,3.0042,1761504.3,0.0012385803349772573,0.0009370180572664971,0.0003015622777107602,63.39338902058412,50.88568066585504,88.40880573004226
2025-08-04 13:15:00,3.0042,3.0078,2.9948,3.0018,960071.3,0.0017344835617936205,0.0010965111581719218,0.0006379724036216987,64.22201437767696,55.33112523646235,82.00379266010619
2025-08-04 13:30:00,3.0019,3.0442,3.0005,3.043,5059896.6,0.005389855223125295,0.0019551799711625966,0.0034346752519626984,75.52881453867842,62.063688337201036,102.45906694163317
2025-08-04 13:45:00,3.043,3.0549,3.023,3.0516,5940410.8,0.008878367433876377,0.003339817463705353,0.0055385499701710245,82.22505298594503,68.7841432201157,109.1068725176037
2025-08-04 14:00:00,3.0515,3.0813,3.0467,3.0697,9412256.6,0.012954228938779622,0.005262699758720207,0.007691529180059414,84.34800320334715,73.97209654785951,105.09981651432241
2025-08-04 14:15:00,3.0697,3.0769,3.055,3.0732,4824307.9,0.016279143463261647,0.007465988499628496,0.00881315496363315,86.91046821226087,78.28488710265997,104.16163043146267
2025-08-04 14:30:00,3.0732,3.0734,3.0429,3.044,2603775.3,0.016369271441551092,0.009246645088013017,0.0071226263535380755,79.04814563872125,78.5393066146804,80.06582368680296
2025-08-04 14:45:00,3.044,3.0517,3.0264,3.0356,2915665.7,0.015583254655977097,0.010513967001605833,0.005069287654371264,69.99700937318259,75.69187420084779,58.60727971785218
2025-08-04 15:00:00,3.0356,3.0456,3.0276,3.0427,2198377.8,0.015356224357809367,0.011482418472846541,0.0038738058849628262,65.12324709657253,72.1689984994227,51.03174429087218
2025-08-04 15:15:00,3.0426,3.0471,3.0324,3.0378,1097205.2,0.014612468718415261,0.012108428521960285,0.0025040401964549763,59.98582561736808,68.10794087207115,43.74159510796193
2025-08-04 15:30:00,3.0377,3.0427,3.0222,3.0262,1749157.8,0.012937874200731336,0.012274317657714496,0.0006635565430168407,50.592860642601664,62.26958079558133,27.23942033664234
2025-08-04 15:45:00,3.0262,3.0355,3.0179,3.0313,1389229.7,0.011885267393990873,0.012196507604969773,-0.0003112402109789001,40.773789324300076,55.10431697182091,12.112734029258405
2025-08-04 16:00:00,3.0312,3.0531,3.0312,3.0527,2899468.6,0.012632253315843833,0.012283656747144586,0.00034859656869924704,45.47905618465436,51.89589670943206,32.64537513509897
2025-08-04 16:15:00,3.0527,3.0641,3.0476,3.0492,1905462.4,0.01279433911426553,0.012385793220568776,0.0004085458936967535,48.002986608978496,50.59826000928087,42.81243980837375
2025-08-04 16:30:00,3.0493,3.071,3.0485,3.0672,1767692.5,0.014211422413721753,0.012750919059199372,0.0014605033545223804,61.61160068226207,54.269373566941276,76.29605491290367
2025-08-04 16:45:00,3.0672,3.0743,3.0644,3.0719,2207018.7,0.015534648105161697,0.013307664868391838,0.002226983236769859,72.98929407186255,60.5093470685817,97.94918807842423
2025-08-04 17:00:00,3.072,3.089,3.065,3.0884,3448260.7,0.017710569679877608,0.014188245830688994,0.0035223238491886143,81.71156876239503,67.57675429985281,109.9811976874795
2025-08-04 17:15:00,3.0884,3.0899,3.0685,3.0713,2526741.6,0.017849419122405674,0.014920480489032332,0.0029289386333733423,79.19660139715216,71.45003666561927,94.68973086021796
2025-08-04 17:30:00,3.0714,3.0743,3.0571,3.0603,1977627.5,0.01687729923695125,0.015311844238616115,0.0015654549983351342,72.42736389439762,71.77581240854538,73.73046686610209
2025-08-04 17:45:00,3.0603,3.0671,3.0559,3.0584,1326862.1,0.01577176600205732,0.015403828591304356,0.00036793741075296336,67.0349092629316,70.19551136000746,60.713705068779916
2025-08-04 18:00:00,3.0584,3.0625,3.0487,3.0488,1234060.3,0.01396006029378416,0.015115074931800318,-0.0011550146380161583,54.68426091691173,65.02509454564222,34.00259365945075
2025-08-04 18:15:00,3.0487,3.0652,3.0472,3.0586,1145819.3,0.013163310120136718,0.0147247219694676,-0.001561411849330882,45.35547136849548,58.4685534865933,19.129307132299843
2025-08-04 18:30:00,3.0585,3.0585,3.0422,3.0426,1503338.2,0.011112713145112085,0.014002320204596496,-0.002889607059484411,30.516505720157294,49.15120423111463,-6.752891301757387
2025-08-04 18:45:00,3.0425,3.0468,3.0396,3.0447,1093887.0,0.009547000835390396,0.013111256330755277,-0.0035642554953648816,23.724058816751718,40.675489092993665,-10.17880173573218
2025-08-04 19:00:00,3.0446,3.0504,3.0393,3.0473,865566.7,0.008418912833923375,0.012172787631388897,-0.0037538747974655215,21.086131437781763,34.14570320792303,-5.033012102500763
2025-08-04 19:15:00,3.0474,3.0518,3.0443,3.048,412696.3,0.007494981632387709,0.01123722643158866,-0.0037422447992009507,19.78864625496394,29.360017556936665,0.645903651018493
2025-08-04 19:30:00,3.048,3.0492,3.0372,3.043,540223.6,0.00628683061543045,0.010247147268357019,-0.003960316652926569,18.403571896840496,25.707869003571275,3.7949776833789386
2025-08-04 19:45:00,3.043,3.0492,3.0402,3.0492,413597.4,0.005763215652111242,0.009350360945107864,-0.0035871452929966217,25.646974352631673,25.687570786591408,25.565781484712204
2025-08-04 20:00:00,3.0492,3.0554,3.0405,3.0475,815746.0,0.005151685801623174,0.008510625916410927,-0.0033589401147877535,29.35988766365917,26.91167641228066,34.25631016641619
2025-08-04 20:15:00,3.0475,3.0499,3.0424,3.0453,377020.5,0.004438359727291452,0.007696172678587032,-0.00325781295129558,29.216115585296837,27.679822803286054,32.288701149318406
2025-08-04 20:30:00,3.0454,3.0628,3.0421,3.0579,1047518.5,0.0048340346294266645,0.007123745068754959,-0.0022897104393282946,46.4305353901978,33.93006033225664,71.43148550608011
2025-08-04 20:45:00,3.0579,3.0579,3.0485,3.0491,737539.7,0.004386953317658815,0.006576386718535731,-0.002189433400876916,46.44848192679867,38.102867530437315,63.139710719521375
2025-08-04 21:00:00,3.0491,3.0644,3.0482,3.0568,1285287.8,0.00460092718088756,0.006181294811006097,-0.0015803676301185373,54.98526246100301,43.73033250729255,77.49512236842394
2025-08-04 21:15:00,3.0568,3.0694,3.0568,3.0638,678478.1,0.005274542860842946,0.005999944420973466,-0.0007254015601305206,64.19307352472683,50.55124617977064,91.47672821463921
2025-08-04 21:30:00,3.0637,3.0773,3.0584,3.0771,987579.8,0.006803164343875068,0.0061605884055537866,0.0006425759383212812,75.96246464408223,59.021652334541166,109.84408926316438
2025-08-04 21:45:00,3.0772,3.078,3.0646,3.0703,1007358.2,0.00738082317708999,0.006404635359861028,0.0009761878172289623,77.18485297259816,65.07605254722684,101.40245382334084
2025-08-04 22:00:00,3.0703,3.0805,3.0676,3.0793,1620102.1,0.008467241656935354,0.006817156619275893,0.0016500850376594605,83.78990198173221,71.31400235872863,108.74170122773938
2025-08-04 22:15:00,3.0793,3.081,3.0729,3.073,559605.1,0.008719367341635031,0.007197598763747722,0.0015217685778873098,82.3380837547452,74.98869615740081,97.03685894943399
2025-08-04 22:30:00,3.073,3.0796,3.0662,3.0735,837315.4,0.008857421740284366,0.007529563359055051,0.001327858381229315,81.79865395132127,77.25868208870763,90.87859767654854
2025-08-04 22:45:00,3.0736,3.0867,3.0723,3.0866,1179440.2,0.009909658984351477,0.008005582484114336,0.001904076500237141,87.77918921430057,80.76551779723862,101.80653204842449
2025-08-04 23:00:00,3.0867,3.0867,3.0765,3.0846,768425.9,0.0104615866372888,0.00849678331474923,0.0019648033225395708,90.0346109913519,83.85521552860972,102.39340191683627
2025-08-04 23:15:00,3.0846,3.0847,3.0724,3.0783,1064523.0,0.010272224124492801,0.008851871476697944,0.0014203526477948574,83.9918588325847,83.90076329660138,84.17404990455134
2025-08-04 23:30:00,3.0784,3.0797,3.0701,3.0711,606384.5,0.009432441823875148,0.008967985546133385,0.00046445627774176386,70.95334758450294,79.58495805923523,53.690126635038354
2025-08-04 23:45:00,3.0711,3.0754,3.0677,3.0716,613352.7,0.008706886553318416,0.008915765747570392,-0.00020887919425197597,57.86030110460092,72.3434057410238,28.894091831755162
2025-08-05 00:00:00,3.0715,3.0742,3.0567,3.0656,847118.1,0.007560575312245632,0.00864472766050544,-0.0010841523482598078,48.46242295862255,64.38307814689004,16.621112582087562
2025-08-05 00:15:00,3.0655,3.0717,3.0594,3.0658,565839.6,0.006592262228075185,0.00823423457401939,-0.001641972345944204,42.41939308352584,57.06184979243531,13.134479665706891
2025-08-05 00:30:00,3.0659,3.0854,3.0658,3.081,2044275.3,0.006971022492864076,0.007981592157788327,-0.0010105696649242504,55.27959538901714,56.46776499129592,52.903256184459565
2025-08-05 00:45:00,3.0809,3.0919,3.0756,3.0903,2073055.7,0.007930210478178434,0.007971315821866349,-4.110534368791455e-05,68.67124541086007,60.53559179781731,84.94255263694556
2025-08-05 01:00:00,3.0903,3.1072,3.0817,3.0825,2636390.7,0.00796911604526862,0.007970875866546804,-1.7598212781830963e-06,62.81053324420363,61.293905613279414,65.84378850605206
2025-08-05 01:15:00,3.0825,3.0861,3.0694,3.0814,1839209.7,0.007821032189908816,0.007940907131219206,-0.00011987494131038973,58.177319192505216,60.255043473021345,54.02187063147295
2025-08-05 01:30:00,3.0814,3.0814,3.0629,3.0713,1309527.0,0.0068101854976481135,0.007714762804504989,-0.0009045773068568751,48.4218431580396,56.31064336802743,32.64424273806395
2025-08-05 01:45:00,3.0712,3.0737,3.0545,3.0558,1132200.5,0.004704135405448007,0.007112637324693592,-0.0024085019192455854,33.10349316165327,48.57492663256937,2.1606262198210686
2025-08-05 02:00:00,3.0559,3.0635,3.0507,3.0515,747981.9,0.002657467835713412,0.006221603426897556,-0.0035641355911841446,22.540971842282065,39.896941702473605,-12.17096787810101
2025-08-05 02:15:00,3.0516,3.0571,3.0465,3.0484,1095658.0,0.0007763753769678416,0.005132557816911613,-0.004356182439943772,16.070697318248452,31.95486024106522,-15.697628527385078
2025-08-05 02:30:00,3.0484,3.0571,3.0478,3.056,618752.2,-9.99947873143725e-05,0.004086047296066416,-0.0041860420833807884,15.930711995801019,26.61347749264382,-5.434818997884584
2025-08-05 02:45:00,3.056,3.0622,3.0511,3.0621,852160.0,-0.0002988603600448947,0.003209065764844154,-0.0035079261248890485,19.18719624541595,24.13805041023453,9.285487915778795
2025-08-05 03:00:00,3.0621,3.0624,3.0402,3.047,1331310.3,-0.0016558193089353246,0.0022360887500882582,-0.003891908059023583,16.174548740725122,21.483549853731393,5.556546514712579
2025-08-05 03:15:00,3.047,3.0476,3.0375,3.0432,1428227.8,-0.003003227951981824,0.0011882254096742418,-0.004191453361656066,14.692497514392906,19.219865740618562,5.637761061941596
2025-08-05 03:30:00,3.0432,3.046,3.034,3.0395,2094400.5,-0.0043198218694455726,8.661595385027888e-05,-0.004406437823295852,13.662790185404026,17.367507222213717,6.25335611178464
2025-08-05 03:45:00,3.0394,3.045,3.0373,3.038,753922.7,-0.005421770700855255,-0.001015061377090828,-0.004406709323764427,12.467049040479237,15.734021161635559,5.9331047981665925
2025-08-05 04:00:00,3.038,3.0458,3.0321,3.0449,1094363.1,-0.005672907013773543,-0.0019466305044273712,-0.0037262765093461717,21.899476430383533,17.789172917884883,30.120083455380836
2025-08-05 04:15:00,3.0449,3.0449,3.0302,3.033,1174643.4,-0.006754305469606869,-0.002908165497463271,-0.0038461399721435984,17.498201678226845,17.69218250466554,17.110240025349455
2025-08-05 04:30:00,3.0331,3.034,3.0256,3.0308,1182886.0,-0.007700081405434656,-0.003866548679057548,-0.0038335327263771075,16.375612713021088,17.25332590745072,14.620186324161828
2025-08-05 04:45:00,3.0309,3.0353,3.0306,3.0341,629556.4,-0.008090075869055635,-0.004711254117057166,-0.0033788217519984693,18.616350504333067,17.707667439744835,20.433716633509526
2025-08-05 05:00:00,3.0341,3.0414,3.0334,3.0379,595092.6,-0.008000298587059973,-0.005369063011057727,-0.002631235576002246,23.55220468404833,19.65584652117933,31.344921009786326
2025-08-05 05:15:00,3.0378,3.0409,3.0346,3.037,528103.8,-0.007910583638635504,-0.005877367136573284,-0.002033216502062221,32.97419706209275,24.095296701483804,50.731997783310646
2025-08-05 05:30:00,3.037,3.0409,3.0289,3.032,1601076.1,-0.008149005446694169,-0.006331694798597461,-0.0018173106480967073,32.44031438126476,26.87696926141079,43.56700462097272
2025-08-05 05:45:00,3.0319,3.0416,3.0319,3.0414,926056.1,-0.007493079450766604,-0.00656397172903129,-0.0009291077217353141,47.699483514902646,33.81780734590807,75.46283585289179
2025-08-05 06:00:00,3.0414,3.0525,3.0407,3.0514,1191570.3,-0.006096065300672304,-0.0064703904433594936,0.0003743251426871893,63.76991589964998,43.8018435304887,103.70606063797253
2025-08-05 06:15:00,3.0513,3.0548,3.0486,3.0495,806082.2,-0.00508363466683015,-0.006193039288053625,0.001109404621223475,69.79638228926434,52.46668978341392,104.4557673009652
2025-08-05 06:30:00,3.0496,3.0496,3.0339,3.0356,1688024.7,-0.005341318533001349,-0.00602269513704317,0.0006813766040418209,57.94644664033161,54.293275402386485,65.25278911622186
2025-08-05 06:45:00,3.0357,3.0358,3.0165,3.0223,1838397.4,-0.006543306536035409,-0.006126817416841618,-0.00041648911919379104,43.67883213794065,50.75512764757121,29.52624111867955
2025-08-05 07:00:00,3.0223,3.03,3.0191,3.0284,859106.8,-0.006923857745979589,-0.006286225482669213,-0.0006376322633103761,39.4760534531439,46.99543624942877,24.43728786057416
2025-08-05 07:15:00,3.0283,3.0344,3.0188,3.0189,606373.5,-0.007900940799399958,-0.006609168546015363,-0.0012917722533845955,28.40614181471537,40.79900477119097,3.6204159017641615
2025-08-05 07:30:00,3.0189,3.0207,2.9958,3.0094,3741929.7,-0.009334257256645273,-0.007154186288141346,-0.0021800709685039273,26.621043695685838,36.07301774602259,7.717095595012324
2025-08-05 07:45:00,3.0093,3.0177,3.0036,3.0042,2090054.4,-0.010765667503698673,-0.007876482531252811,-0.002889184972445861,22.493125175654928,31.54638688923337,4.386601748498045
2025-08-05 08:00:00,3.0041,3.0133,2.9992,3.0041,1979126.8,-0.011772434306903445,-0.008655672886382939,-0.0031167614205205064,19.684682320493213,27.592485366319988,3.869076228839667
2025-08-05 08:15:00,3.0042,3.0317,3.0042,3.0265,1341913.9,-0.010640158334407346,-0.009052569975987822,-0.0015875883584195241,30.46775431535698,28.550908349332317,34.301446247406304
2025-08-05 08:30:00,3.0265,3.0387,3.0241,3.0285,1762333.4,-0.009472248004566808,-0.009136505581703619,-0.0003357424228631889,40.57205925856528,32.55795865240997,56.60026047087591
2025-08-05 08:45:00,3.0286,3.0337,3.023,3.0332,1065259.3,-0.008074343922730431,-0.008924073249908982,0.0008497293271785503,56.1078685655392,40.407928623453046,87.5077484497115
2025-08-05 09:00:00,3.0331,3.0434,3.0331,3.0421,1301705.7,-0.006177133101659571,-0.0083746852202591,0.0021975521185995297,69.82821489803449,50.2146907149802,109.05526326414305
2025-08-05 09:15:00,3.0421,3.0428,3.0355,3.041,1131001.5,-0.004708068975730839,-0.007641361971353448,0.002933292995622609,78.20480432978196,59.54472858658079,115.52495581618433
2025-08-05 09:30:00,3.0409,3.0491,3.0393,3.0491,1106285.3,-0.0028572857548376795,-0.006684546728050295,0.0038272609732126154,85.46986955318796,68.18644224211651,120.03672417533087
2025-08-05 09:45:00,3.0491,3.0646,3.0468,3.0606,1342034.3,-0.0004573013424020722,-0.005439097650920651,0.004981796308518579,88.27451038510185,74.88246495644496,115.05860124241562
2025-08-05 10:00:00,3.0607,3.065,3.0513,3.0577,870064.9,0.0011969007054308811,-0.004111897979650344,0.005308798685081225,88.48493194873056,79.41662062054017,106.62155460511136
2025-08-05 10:15:00,3.0577,3.0704,3.0509,3.0702,1083888.4,0.003476439053955893,-0.002594230572929097,0.00607066962688499,92.22258303127859,83.68527475745297,109.29719957892982
2025-08-05 10:30:00,3.0703,3.0799,3.0677,3.0783,1491145.7,0.005868938454607342,-0.000901596767421809,0.006770535222029151,93.87773842389878,87.08276264626824,107.46768997915984
2025-08-05 10:45:00,3.0783,3.0785,3.0705,3.074,1026792.9,0.007333501364466866,0.0007454228589559261,0.006588078505510939,92.46213610216564,88.87588713156737,99.63463404336221
2025-08-05 11:00:00,3.0741,3.0781,3.0641,3.0764,1149893.4,0.008588831264050079,0.0023141045399747567,0.006274726724075322,92.48187990856637,90.07788472390037,97.28987027789836
2025-08-05 11:15:00,3.0764,3.08,3.0703,3.0719,1066251.7,0.009115499062708032,0.003674383444521412,0.00544111561818662,88.92050420870703,89.69209121883591,87.37733018844926
2025-08-05 11:30:00,3.0719,3.0727,3.0596,3.0679,1097283.7,0.009105161878605994,0.0047605391313383285,0.0043446227472676655,82.7037595625613,87.36264733341103,73.38598402086186
2025-08-05 11:45:00,3.068,3.068,3.0593,3.0627,1250108.5,0.008578485601846708,0.005524128425440004,0.003054357176406704,71.0996951300608,81.94166326562761,49.41575885892715
2025-08-05 12:00:00,3.0628,3.0654,3.0555,3.0651,1237614.7,0.008259539965048468,0.006071210733361697,0.0021883292316867706,63.665547039742876,75.84962452366604,39.29739207189655
2025-08-05 12:15:00,3.0651,3.0651,3.0356,3.0474,1930051.7,0.006503562158838516,0.006157681018457061,0.00034588114038145486,51.302556885354136,67.66726864422874,18.573133367604925
2025-08-05 12:30:00,3.0473,3.0474,3.0122,3.0303,3855492.4,0.0036895788387725226,0.005664060582520154,-0.0019744817437476313,43.10042632081622,59.478321203091234,10.344636556266195
2025-08-05 12:45:00,3.0303,3.04,3.0235,3.0264,1485517.0,0.001131733458792361,0.004757595157774595,-0.0036258616989822343,35.71493514799754,51.55719251806,4.030420407872612
2025-08-05 13:00:00,3.0265,3.0357,3.0222,3.03,1631177.1,-0.0005979942145124539,0.0036864772833171858,-0.00428447149782964,32.561185870543,45.225190302220994,7.23317700718701
2025-08-05 13:15:00,3.0301,3.0418,3.0285,3.0374,1407547.4,-0.0013560658193578767,0.0026779686627821735,-0.004034034482140051,34.09683777800205,41.51573946081468,19.259034412376778
2025-08-05 13:30:00,3.0373,3.044,3.0245,3.029,1700897.9,-0.002604628292448563,0.0016214492717360261,-0.00422607756418459,31.98742353244206,38.33963415135714,19.283002294611904
2025-08-05 13:45:00,3.0291,3.0434,3.0291,3.0376,1382350.1,-0.002867124494529527,0.0007237345184829155,-0.0035908590130124428,36.49818677551085,37.72581835940838,34.04292360771581
2025-08-05 14:00:00,3.0376,3.0389,3.0024,3.0075,3187260.5,-0.0054412497298397255,-0.0005092623311816128,-0.004931987398658113,27.030537215419766,34.16072464474551,12.770162356768282
2025-08-05 14:15:00,3.0074,3.0075,2.9717,2.9811,8851738.0,-0.00950198887739262,-0.0023078076404238145,-0.007194181236968805,21.375104753177865,29.898851347556292,4.327611564421012
2025-08-05 14:30:00,2.9812,2.9833,2.9592,2.9658,5455619.3,-0.013795707709493232,-0.004605387654237699,-0.009190320055255535,16.744400901211606,25.51403453210806,-0.7948663605813024
2025-08-05 14:45:00,2.9659,2.9784,2.9615,2.9768,3537957.5,-0.016125023515732195,-0.006909314826536598,-0.009215708689195598,18.0811729278517,23.03641399735594,8.170690788843224
2025-08-05 15:00:00,2.9768,2.9945,2.9695,2.9913,3148691.6,-0.016609529933546252,-0.008849357847938529,-0.007760172085607723,24.672039813536276,23.581622602749388,26.852874235110058
2025-08-05 15:15:00,2.9913,2.9941,2.9752,2.9809,1513465.7,-0.01762947621606692,-0.010605381521564207,-0.007024094694502712,24.977900756194018,24.047048653897594,26.839604960786865
2025-08-05 15:30:00,2.981,2.9834,2.9651,2.9709,2173904.3,-0.019025394514724514,-0.012289384120196268,-0.006736010394528246,21.250990441236194,23.115029249677125,17.52291282435433
2025-08-05 15:45:00,2.9708,2.9758,2.9568,2.9713,2796983.6,-0.019870340252821528,-0.013805575346721322,-0.0060647649061002055,19.74854328107044,21.992867260141566,15.259895322928188
2025-08-05 16:00:00,2.9713,2.9832,2.969,2.9821,2465135.9,-0.01944435369146902,-0.014933331015670862,-0.004511022675798157,23.43772150528532,22.474485341856152,25.364193832143656
2025-08-05 16:15:00,2.9821,2.9897,2.9791,2.9841,983618.5,-0.0187294713007633,-0.01569255907268935,-0.0030369122280739513,33.57386561890839,26.174278767540233,48.373039321644704
2025-08-05 16:30:00,2.9841,2.9912,2.9631,2.9701,1513875.6,-0.019072746108035776,-0.016368596479758635,-0.0027041496282771416,34.14208194222546,28.830213159101977,44.765819508472426
2025-08-05 16:45:00,2.9701,2.9799,2.9617,2.9689,1267625.2,-0.01922006687033795,-0.016938890557874498,-0.0022811763124634503,33.459884866877275,30.37343706169374,39.632780477244346
2025-08-05 17:00:00,2.9689,2.9784,2.9682,2.9768,718511.3,-0.018486257588719024,-0.017248363964043403,-0.0012378936246756206,39.99005587057953,33.57897666465567,52.81221428242725
2025-08-05 17:15:00,2.9769,2.9877,2.9746,2.9856,661309.7,-0.01699867188273485,-0.01719842554778169,0.00019975366504684094,52.39730266260248,39.8517519973046,77.48840399319823
2025-08-05 17:30:00,2.9855,2.9935,2.9779,2.9783,1021793.4,-0.016221803630095177,-0.01700310116424439,0.0007812975341492112,54.45923719741162,44.72091373067361,73.93588413088763
2025-08-05 17:45:00,2.9783,2.9919,2.973,2.9894,857919.7,-0.014542812222698931,-0.016511043375935296,0.0019682311532363654,65.91560408982737,51.785810517058195,94.17519123536573
2025-08-05 18:00:00,2.9893,2.9902,2.9765,2.9765,732298.6,-0.01409069288957987,-0.016026973278664213,0.0019362803890843432,59.457362894266595,54.34299464279433,69.68609939721112
2025-08-05 18:15:00,2.9765,2.9788,2.9651,2.9689,1131185.8,-0.014182158450360749,-0.015658010313003522,0.0014758518626427734,47.18541174083191,51.95713367547353,37.64196787154867
2025-08-05 18:30:00,2.9689,2.9744,2.9587,2.9627,1117130.0,-0.014586786357521309,-0.015443765521907082,0.0008569791643857731,35.288358785075665,46.40087537867424,13.063325597878503
2025-08-05 18:45:00,2.9628,2.9791,2.9526,2.9775,1624601.9,-0.013556944559911077,-0.015066401329507881,0.001509456769596804,43.81897105639115,45.54024060457988,40.37643196001369
2025-08-05 19:00:00,2.9775,2.9846,2.9701,2.9704,751035.4,-0.013161975122354175,-0.014685516088077142,0.0015235409657229672,43.71957483629026,44.93335201515001,41.29202047857078
2025-08-05 19:15:00,2.9704,2.9729,2.9624,2.9662,506643.0,-0.01303757484937007,-0.014355927840335729,0.0013183529909656586,40.23032780447079,43.36567727825693,33.959628856898505
2025-08-05 19:30:00,2.9662,2.9701,2.9599,2.9599,659156.3,-0.013294097999033472,-0.014143561872075279,0.0008494638730418072,32.769688788962824,39.833681115158896,18.64170413657068
2025-08-05 19:45:00,2.9598,2.9613,2.9453,2.9464,1755597.6,-0.01442050105932191,-0.014198949709524606,-0.00022155134979730436,22.63329753312837,34.10021992114872,-0.30054724291233015
2025-08-05 20:00:00,2.9464,2.9628,2.9464,2.9623,876033.1,-0.01387029831670672,-0.01413321943096103,0.00026292111425431017,27.709503477913227,31.969981106736892,19.188548220265893
2025-08-05 20:15:00,2.9623,2.9684,2.9594,2.9678,813399.6,-0.012842415275435837,-0.013875058599855992,0.0010326433244201554,37.5569717842577,33.832311332577156,45.00629268761878
2025-08-05 20:30:00,2.9678,2.9678,2.9503,2.9552,901165.8,-0.012895869698652085,-0.013679220819615211,0.0007833511209631265,33.434927754390664,33.69985013984833,32.90508298347534
2025-08-05 20:45:00,2.9552,2.9554,2.9354,2.9385,2388931.5,-0.014122982198907508,-0.013767973095473672,-0.00035500910343383603,24.39022283897039,30.59664103955568,11.977386437799815
2025-08-05 21:00:00,2.9385,2.9508,2.9364,2.9379,919548.9,-0.01497131270823715,-0.014008641018026367,-0.0009626716902107826,17.953915496982937,26.382399192031432,1.0969481068859466
2025-08-05 21:15:00,2.938,2.9525,2.938,2.9521,940748.0,-0.014332582335681021,-0.014073429281557298,-0.0002591530541237227,26.813721442433177,26.526173275498678,27.388817776302176
2025-08-05 21:30:00,2.952,2.9543,2.9485,2.9495,633092.3,-0.013876225692388555,-0.014033988563723551,0.000157762871334996,31.420482882851726,28.157609811283027,37.94622902598912
2025-08-05 21:45:00,2.9496,2.9496,2.9331,2.9358,1267220.3,-0.014453425180493529,-0.014117875887077547,-0.0003355492934159817,23.496563659389285,26.603927760651782,17.281835456864293
2025-08-05 22:00:00,2.9357,2.9436,2.9164,2.9427,3082026.1,-0.014190508253162815,-0.0141324023602946,-5.8105892868214395e-05,32.52335013190052,28.577068551068027,40.41591329356552
2025-08-05 22:15:00,2.9427,2.9508,2.9425,2.9496,1072043.7,-0.013272376663338026,-0.013960397220903286,0.0006880205575652606,42.9642847033185,33.37280726848485,62.1472395729858
2025-08-05 22:30:00,2.9497,2.9579,2.9481,2.9566,1442981.2,-0.011843386082553753,-0.013536994993233381,0.0016936089106796282,54.71289537938478,40.486169972118155,83.16634619391805
2025-08-05 22:45:00,2.9566,2.9624,2.9534,2.9606,946009.4,-0.010269750885842033,-0.012883546171755113,0.00261379528591308,68.50424909350272,49.82552967924634,105.86168792201549
2025-08-05 23:00:00,2.9605,2.9698,2.9563,2.969,1528119.5,-0.008249726148978898,-0.011956782167199871,0.0037070560182209736,78.50345694872694,59.384838769073205,116.74069330803441
2025-08-05 23:15:00,2.969,2.9759,2.9638,2.9648,1106492.6,-0.0069081144474587575,-0.010947048623251649,0.004038934175792892,79.45048390419315,66.07338714744652,106.20467741768638
2025-08-05 23:30:00,2.9649,2.9737,2.9595,2.9699,813116.8,-0.005371431610685207,-0.009831925220738362,0.004460493610053155,82.93897806498019,71.69525078662441,105.42643262169176
2025-08-05 23:45:00,2.9698,2.9732,2.9602,2.9623,470226.3,-0.004712532731609542,-0.008808046722912598,0.0040955139913030555,81.00693775760573,74.79914644361818,93.42252038558081
2025-08-06 00:00:00,2.9622,2.9647,2.9461,2.9521,981349.9,-0.004956272553056085,-0.008037691888941295,0.0030814193358852104,74.0046251717372,74.53430601965785,72.94526347589593
2025-08-06 00:15:00,2.952,2.9579,2.9502,2.9532,279903.9,-0.005003005774382618,-0.007430754666029561,0.0024277488916469425,60.01505949572883,69.69455717834818,40.65606413049014
2025-08-06 00:30:00,2.9531,2.9617,2.9483,2.9519,490798.5,-0.005086309514459764,-0.006961865635715601,0.0018755561212558374,46.49773541326016,61.96228325665217,15.568639726476135
2025-08-06 00:45:00,2.9519,2.9524,2.9264,2.9316,1370826.0,-0.006712985555665796,-0.006912089619705641,0.0001991040640398449,34.50017377719018,52.808246763498175,-2.115972195425826
2025-08-06 01:00:00,2.9316,2.9385,2.9198,2.9375,1152805.3,-0.007440290310962272,-0.0070177297579569675,-0.0004225605530053045,33.51704989780591,46.377847808267425,7.795454076882876
2025-08-06 01:15:00,2.9375,2.9409,2.9216,2.9244,961731.9,-0.008970340585785053,-0.007408251923522585,-0.0015620886622624676,25.077914429790937,39.27787001544193,-3.321996741511043
2025-08-06 01:30:00,2.9244,2.9428,2.9238,2.9382,824514.9,-0.0089660171192123,-0.007719804962660528,-0.0012462121565517716,28.09770671324354,35.55114891470913,13.190822310312356
2025-08-06 01:45:00,2.9383,2.9431,2.9292,2.9402,724934.5,-0.008700908795040263,-0.007916025729136475,-0.0007848830659037877,31.465886872499443,34.189394900639236,26.01887081621986
2025-08-06 02:00:00,2.9403,2.9413,2.9181,2.925,876419.6,-0.00960658279980553,-0.008254137143270286,-0.0013524456565352436,25.91288023259611,31.430556677958194,14.87752734187194
2025-08-06 02:15:00,2.925,2.9358,2.923,2.9338,595112.0,-0.009504685421204861,-0.008504246798857201,-0.0010004386223476606,29.278311592373125,30.71314164942984,26.408651478259692
2025-08-06 02:30:00,2.9338,2.9375,2.9236,2.9324,677081.5,-0.009428216700977377,-0.008689040779281235,-0.0007391759216961412,30.451596107453607,30.62595980210443,30.10286871815196
2025-08-06 02:45:00,2.9324,2.9352,2.928,2.9326,842871.6,-0.009244906829562805,-0.00880021398933755,-0.00044469284022525396,34.3924148976804,31.881444833963087,39.41435502511504
2025-08-06 03:00:00,2.9326,2.9343,2.9217,2.9246,1080898.4,-0.009634109559029103,-0.008966993103275861,-0.0006671164557532413,31.594943265120236,31.78594431101547,31.212941173329767
2025-08-06 03:15:00,2.9245,2.9245,2.9088,2.9125,1588804.2,-0.010794492215345564,-0.009332492925689802,-0.0014619992896557615,24.659019513967678,29.410302711999538,15.156453117903958
2025-08-06 03:30:00,2.9126,2.9217,2.9105,2.9198,769537.1,-0.010998273587498275,-0.009665649058051498,-0.0013326245294467774,27.129336624472256,28.649980682823777,24.08804850776921
2025-08-06 03:45:00,2.9197,2.9243,2.9134,2.9142,769164.9,-0.01147931855328821,-0.01002838295709884,-0.0014509355961893691,23.33403782739384,26.877999731013798,16.246114020153918
2025-08-06 04:00:00,2.9143,2.9171,2.9047,2.9056,1294797.5,-0.012411427075735393,-0.010504991780826152,-0.0019064352949092409,16.375697349410213,23.37723227047927,2.3726275072720995
2025-08-06 04:15:00,2.9056,2.9185,2.9046,2.9136,955922.7,-0.012362094128071544,-0.01087641225027523,-0.001485681877796314,20.03567259970843,22.26337904688899,15.58025970534731
2025-08-06 04:30:00,2.9135,2.9187,2.9014,2.9079,1376068.8,-0.012637265247387841,-0.011228582849697752,-0.0014086823976900888,19.3589617885406,21.29523996077286,15.486405444076084
2025-08-06 04:45:00,2.9078,2.9134,2.9059,2.9112,788490.1,-0.012445592873663092,-0.01147198485449082,-0.0009736080191722722,22.57066880577249,21.720382909106068,24.271240599105333
2025-08-06 05:00:00,2.9113,2.9407,2.9061,2.9407,1519259.0,-0.009800315738993426,-0.011137651031391343,0.001337335292397917,48.38044587051499,30.60707056290904,83.92719648572688
2025-08-06 05:15:00,2.9406,2.9551,2.9384,2.9384,2344664.3,-0.007799596437027212,-0.010470040112518517,0.002670443675491305,55.220731759735116,38.8116242951844,88.03894668883655
2025-08-06 05:30:00,2.9383,2.9666,2.9355,2.962,3453292.5,-0.004260575941902545,-0.009228147278395323,0.004967571336492779,67.79541626518132,48.472888285183366,106.44047222517723
2025-08-06 05:45:00,2.9619,2.9683,2.9461,2.9513,2412547.1,-0.0022928467683214215,-0.007841087176380542,0.005548240408059121,70.05992374828712,55.66856677288462,98.84263769909211
2025-08-06 06:00:00,2.9513,2.9527,2.9318,2.9363,1900087.6,-0.0019216305010623103,-0.006657195841316897,0.004735565340254586,64.0957538491321,58.47762913163378,75.3320032841287
2025-08-06 06:15:00,2.9362,2.9443,2.93,2.9392,1324497.2,-0.0013775535908040482,-0.0056012673912143275,0.004223713800410279,61.56458328357678,59.50661384894812,65.6805221528341
2025-08-06 06:30:00,2.9392,2.9539,2.9351,2.9488,718251.6,-0.00016977192503730976,-0.004514968297978924,0.004345196372941614,64.66039483479095,61.22454084422907,71.5321028159147
2025-08-06 06:45:00,2.9488,2.9563,2.946,2.9488,671055.1,0.0007784304846092382,-0.0034562885414612917,0.00423471902607053,66.02359655652718,62.82422608166178,72.42233750625797
2025-08-06 07:00:00,2.9488,2.9603,2.9437,2.9573,1559436.7,0.0021905157857902147,-0.0023269276760109906,0.004517443461801205,71.45410188441572,65.70085134924642,82.96060295475434
2025-08-06 07:15:00,2.9572,2.9605,2.9511,2.9598,1258207.2,0.003471317480039815,-0.0011672786448008294,0.004638596124840645,73.57166409352678,68.32445559733988,84.06608108590058
2025-08-06 07:30:00,2.9597,2.9601,2.9455,2.9492,1437290.1,0.0035896513717736944,-0.00021589264148592468,0.003805544013259619,65.75795882997491,67.4689566748849,62.335963140154945
2025-08-06 07:45:00,2.9492,2.9561,2.9475,2.9557,1066971.4,0.004159973920889737,0.0006592806709892076,0.003500693249900529,66.2059151120634,67.04794282061106,64.52185969496807
2025-08-06 08:00:00,2.9558,2.9599,2.9415,2.9445,1428163.6,0.0036659534232352797,0.001260615221438422,0.002405338201796858,59.984271276894695,64.69338563937227,50.566042551939546
2025-08-06 08:15:00,2.9445,2.9527,2.9374,2.9429,1973503.8,0.0031094877521584685,0.0016303897275824313,0.0014790980245760373,54.087874840333846,61.15821537302613,39.94719377494927
2025-08-06 08:30:00,2.9429,2.9429,2.9219,2.9227,3750867.4,0.0010266786052790522,0.0015096475031217554,-0.00048296889784270325,36.749429513590364,53.02195341988087,4.204381701009339
2025-08-06 08:45:00,2.9227,2.93,2.9185,2.93,2438574.7,-3.451578165281077e-05,0.0012008148461668422,-0.001235330627819653,33.62660380271121,46.556836880824314,7.7661376464850065
2025-08-06 09:00:00,2.93,2.943,2.9221,2.9421,1478627.0,9.969962210920613e-05,0.000980591801355315,-0.0008808921792461089,41.14789459863281,44.753856120093815,33.93597155571081
2025-08-06 09:15:00,2.9421,2.9529,2.9419,2.9459,1225323.7,0.0005068518658299936,0.0008858438142502509,-0.0003789919484202572,49.17796147845356,46.22855790621373,55.076768622933216
2025-08-06 09:30:00,2.9458,2.9526,2.9348,2.938,971731.9,0.0001898702691347509,0.0007466491052271508,-0.0005567788360923999,48.41030765230249,46.95580782157665,51.31930731375418
2025-08-06 09:45:00,2.938,2.9448,2.934,2.9439,541494.0,0.0004100143712211235,0.0006793221584259454,-0.00026930778720482193,52.724424103145395,48.878679915432905,60.41591247857038
2025-08-06 10:00:00,2.9439,2.9477,2.9357,2.9395,896390.2,0.00022682226463688338,0.000588822179668133,-0.00036199991503124967,52.05782862914987,49.938396153338566,56.29669358077247
2025-08-06 10:15:00,2.9395,2.9461,2.9271,2.9347,1324634.5,-0.00030219516661444956,0.00041061871041161654,-0.0007128138770260661,50.40289350470446,50.09322860379387,51.022223306525646
2025-08-06 10:30:00,2.9346,2.9432,2.9321,2.9415,933779.2,-0.0001707735510243502,0.0002943402581244232,-0.0004651138091487734,55.88875070856265,52.02506930538346,63.616113514921025
2025-08-06 10:45:00,2.9416,2.9436,2.9326,2.9362,1021614.9,-0.0004886537832420323,0.00013774144985113207,-0.0006263952330931644,54.41032992973938,52.820156180168766,57.59067742888061
2025-08-06 11:00:00,2.9362,2.9496,2.9348,2.9494,1410528.8,0.00032085490984323783,0.00017436414184955325,0.00014649076799368459,65.81900783194719,57.15310673076158,83.1508100343184
2025-08-06 11:15:00,2.9495,2.9541,2.9471,2.9524,839051.9,0.0011907451404957747,0.0003776403415787975,0.0008131047989169772,75.113906455866,63.14003997246306,99.06163942267187
2025-08-06 11:30:00,2.9524,2.9563,2.9471,2.9505,746090.9,0.001707146373736368,0.0006435415480103117,0.0010636048257260562,76.78826640436708,67.68944878309773,94.98590164690577
2025-08-06 11:45:00,2.9505,2.9505,2.9416,2.9464,457525.8,0.0017652140479427203,0.0008678760479967935,0.0008973379999459268,73.22414107323112,69.5343462131422,80.60373079340897
2025-08-06 12:00:00,2.9465,2.9542,2.9291,2.9309,1420123.3,0.0005541250286125177,0.0008051258441199384,-0.00025100081550742074,53.153993592199726,64.07422867282804,31.313523430943093
2025-08-06 12:15:00,2.9309,2.9438,2.9233,2.9352,1894682.0,-5.802876178773175e-05,0.0006324949229384045,-0.0006905236847261362,47.456197748335285,58.534885031330454,25.298823182344947
2025-08-06 12:30:00,2.9352,2.9495,2.9339,2.9389,702773.1,-0.00024181844074266934,0.0004576322502021897,-0.0006994506909448591,47.39504092313249,54.821603661931135,32.54191544553521
2025-08-06 12:45:00,2.9389,2.9466,2.9369,2.9397,845298.9,-0.00031923977393200076,0.00030225784537535165,-0.0006214976193073524,48.1623505144118,52.60185261275802,39.28334631771935
2025-08-06 13:00:00,2.9398,2.9517,2.9398,2.9517,914862.2,0.0005810055037565043,0.0003580073770515822,0.00022299812670492208,60.795102363143336,55.332935862886465,71.71943536365707
2025-08-06 13:15:00,2.9516,2.9538,2.945,2.9496,1137366.5,0.0011121833651506208,0.0005088425746713899,0.0006033407904792309,67.09572480775226,59.253865511175064,82.77944340090664
2025-08-06 13:30:00,2.9497,2.9597,2.9312,2.9557,3005694.5,0.002002283588577125,0.000807530777452537,0.001194752811124588,74.40081287549788,64.30284796594934,94.59674269459495
2025-08-06 13:45:00,2.9557,2.959,2.9377,2.949,2096545.1,0.002142364577432332,0.001074497537448496,0.0010678670399838358,73.13534045179689,67.24701212789853,84.91199709959363
2025-08-06 14:00:00,2.949,2.9731,2.949,2.9599,2044353.3,0.0030972158983022524,0.0014790412096192473,0.0016181746886830052,73.25488560240288,69.24963661939998,81.26538356840868
2025-08-06 14:15:00,2.9599,2.9656,2.939,2.9492,1592770.2,0.002956461623789597,0.0017745252924533175,0.0011819363313362793,66.17260111110653,68.2239581166355,62.06988710004859
2025-08-06 14:30:00,2.9491,2.9662,2.945,2.9624,1807234.8,0.003865483640922651,0.0021927169621471843,0.0016727666787754668,68.93606979403926,68.46132867577008,69.8855520305776
2025-08-06 14:45:00,2.9624,2.9856,2.9552,2.9855,2098056.1,0.006376364325104689,0.003029446434738685,0.0033469178903660036,79.2294386862224,72.05069867925418,93.5869187001588
2025-08-06 15:00:00,2.9855,2.9883,2.9672,2.9752,2474726.8,0.007449260994191853,0.003913409346629319,0.0035358516475625344,78.5055569058178,74.20231808810873,87.11203454123594
2025-08-06 15:15:00,2.9752,2.981,2.9711,2.9764,1447744.9,0.008300684185138074,0.0047908643143310704,0.0035098198708070037,78.72349444626019,75.70937687415922,84.75172959046213
2025-08-06 15:30:00,2.9763,2.9873,2.9743,2.9811,1366124.5,0.009248087720094667,0.00568230899548379,0.003565778724610877,81.6125105999002,77.67708811607288,89.48335556755487
2025-08-06 15:45:00,2.9812,3.0083,2.9773,3.0042,3293666.8,0.011727699176598438,0.006891387031706719,0.004836312144891719,85.80588525356887,80.38668716190487,96.64428143689688
2025-08-06 16:00:00,3.0042,3.015,2.9894,2.9955,3463021.3,0.012842748617715394,0.008081659348908456,0.004761089268806938,81.98462525676509,80.91933319352495,84.11520938324537
2025-08-06 16:15:00,2.9955,3.0013,2.9871,2.9874,1185980.2,0.012923852896451482,0.009050098058417062,0.0038737548380344197,75.88448701328197,79.24105113344395,69.17135877295803
2025-08-06 16:30:00,2.9874,2.9929,2.9763,2.9772,1335562.8,0.012026440546213824,0.009645366555976415,0.0023810739902374086,65.92299134218793,74.80169786969195,48.1655782871799
2025-08-06 16:45:00,2.9772,2.9864,2.9761,2.9811,994598.1,0.011497397359603756,0.010015772716701883,0.0014816246429018732,58.385673157891176,69.32968963242503,36.49764020882347
2025-08-06 17:00:00,2.9811,2.9835,2.9699,2.9792,1066173.4,0.010800313411580387,0.010172680855677584,0.0006276325559028025,47.291982942080864,61.983787402310305,17.90837402162198
2025-08-06 17:15:00,2.9792,2.9899,2.9783,2.9899,845074.9,0.01098464577809688,0.010335073840161444,0.0006495719379354357,46.30995462953208,56.7591764780509,25.411510932494437
2025-08-06 17:30:00,2.9899,2.9993,2.9822,2.9993,916665.5,0.011753742124762656,0.010618807497081688,0.0011349346276809686,52.6027931085275,55.37371535487643,47.060948615829645
2025-08-06 17:45:00,2.9993,3.0039,2.9957,3.0036,1292712.7,0.01256538465135515,0.011008122927936381,0.0015572617234187684,59.97614145150906,56.90785738708731,66.11270958035256
2025-08-06 18:00:00,3.0036,3.0163,3.0036,3.016,1423924.8,0.014047265438271062,0.011615951430003317,0.0024313140082677445,73.10191039295994,62.30587505571152,94.69398106745676
2025-08-06 18:15:00,3.0161,3.0187,3.0008,3.0074,1167962.0,0.014362160465760443,0.012165193237154742,0.0021969672286057014,74.3493610270007,66.32037037947458,90.40734232205293
2025-08-06 18:30:00,3.0075,3.0127,2.9986,2.9996,962424.3,0.013822979527573942,0.012496750495238582,0.00132622903233536,69.85312593056882,67.49795556317265,74.56346666536118
2025-08-06 18:45:00,2.9996,3.0049,2.9961,3.0019,651066.9,0.013426493270845885,0.012682699050360045,0.0007437942204858404,68.42667411764701,67.8075284146641,69.66496552361284
2025-08-06 19:00:00,3.0019,3.0118,3.0015,3.0105,805302.3,0.013648887305935276,0.01287593670147509,0.0007729506044601847,73.35002318225649,69.65502667052823,80.740016205713
2025-08-06 19:15:00,3.0105,3.0142,3.0071,3.0079,728057.3,0.013460177364128523,0.012992784834005778,0.0004673925301227448,73.32245769906196,70.87750368003947,78.21236573710695
2025-08-06 19:30:00,3.0079,3.0098,3.0032,3.0051,452096.0,0.012935573536625888,0.0129813425745298,-4.576903790391197e-05,69.7948804751738,70.51662927841757,68.35138286868627
2025-08-06 19:45:00,3.0051,3.0116,2.9985,3.0116,542990.2,0.012895663716940842,0.01296420680301201,-6.854308607116832e-05,69.57339857765233,70.20221904482916,68.31575764329867
2025-08-06 20:00:00,3.0116,3.0116,3.003,3.0043,637508.5,0.012135100026680945,0.012798385447745798,-0.0006632854210648527,58.476660998671,66.29369969610978,42.84258360379343
2025-08-06 20:15:00,3.0042,3.005,3.001,3.0024,286328.3,0.011249358103808671,0.012488579978958372,-0.0012392218751497014,48.27647606401083,60.28795848541014,24.253511221212207
2025-08-06 20:30:00,3.0025,3.0042,2.9915,2.9968,905649.1,0.009980479296956002,0.011986959842557899,-0.0020064805456018967,39.966989916389,53.51430229573642,12.872365157694148
2025-08-06 20:45:00,2.9968,2.9968,2.9921,2.9941,486871.1,0.008657221208431487,0.011321012115732618,-0.002663790907301131,30.46257477539019,45.83039312228768,-0.27306191840479244
2025-08-06 21:00:00,2.994,3.0057,2.9938,3.0004,496027.7,0.008024386851799292,0.010661687062945954,-0.0026373002111466613,33.37739933631002,41.67939519362846,16.773407621673144
2025-08-06 21:15:00,3.0003,3.003,2.9984,2.9991,542482.8,0.007333426750713468,0.009996035000499457,-0.002662608249785989,33.411658294691144,38.92348289398269,22.388009096108064
2025-08-06 21:30:00,2.9991,2.9995,2.9753,2.9881,1620831.7,0.005831011551848508,0.009163030310769267,-0.0033320187589207587,34.02834152612127,37.29176910469555,27.501486368972706
2025-08-06 21:45:00,2.9881,2.9943,2.9881,2.9936,481723.4,0.00502620179146307,0.008335664606908029,-0.003309462815444959,39.489968730912686,38.024502313434596,42.42090156586886
2025-08-06 22:00:00,2.9937,2.9985,2.9892,2.9965,568300.9,0.004569713212340787,0.007582474327994581,-0.003012761115653794,45.79404710619175,40.614350577686984,56.15344016320127
2025-08-06 22:15:00,2.9966,2.9995,2.9914,2.9964,394648.7,0.004152011753344009,0.006896381813064467,-0.002744370059720458,53.66532964974184,44.964676935038604,71.06663507914833
2025-08-06 22:30:00,2.9964,2.9992,2.9937,2.9954,282871.1,0.003697664322467986,0.006256638314945172,-0.0025589739924771855,57.81636011737186,49.248571329149684,74.9519376938162
2025-08-06 22:45:00,2.9955,2.9998,2.9947,2.999,324733.9,0.0035867349755140943,0.005722657647058956,-0.0021359226715448616,64.5310821835112,54.34274161393686,84.90776332265987
2025-08-06 23:00:00,2.999,3.0015,2.9966,3.0007,534980.0,0.0035945625814561843,0.005297038633938401,-0.001702476052482217,70.87159864865674,59.85236062551015,92.91007469494993
2025-08-06 23:15:00,3.0006,3.0012,2.9935,2.9948,532336.5,0.0030890763743571803,0.004855446182022157,-0.0017663698076649768,70.71343640355708,63.47271921819246,85.19487077428634
2025-08-06 23:30:00,2.9947,2.9957,2.9917,2.9945,509259.0,0.0026339053987167738,0.004411138025361081,-0.0017772326266443069,71.56977185173518,66.1717367627067,82.36584202979213
2025-08-06 23:45:00,2.9945,2.996,2.99,2.9908,313891.8,0.001952117250865193,0.003919333870461903,-0.00196721661959671,54.429599144937775,62.25769089011706,38.773415654579196
2025-08-07 00:00:00,2.9908,2.9912,2.9814,2.9844,573565.0,0.0008851650865842053,0.0033125001136863636,-0.0024273350271021583,41.2615238080681,55.25896852943407,13.26663436533616
2025-08-07 00:15:00,2.9843,2.9857,2.979,2.9856,513074.4,0.0001348730480552618,0.0026769747005601437,-0.002542101652504882,37.28546031648944,49.26779912511919,13.320782699229952
2025-08-07 00:30:00,2.9856,2.9939,2.9842,2.9902,396884.3,-8.754804250798998e-05,0.002124070151946517,-0.002211618194454507,41.44956613691906,46.66172146238582,31.02525548598554
2025-08-07 00:45:00,2.9902,2.9917,2.9852,2.987,263878.5,-0.0005160825374792566,0.0015960396140613624,-0.0021121221515406187,39.48489594313126,44.269446289300966,29.915795250791845
2025-08-07 01:00:00,2.9871,2.9938,2.9826,2.9887,1264855.3,-0.000710335118581984,0.0011347646675326933,-0.0018450997861146773,40.69363433245796,43.0775089703533,35.92588505666728
2025-08-07 01:15:00,2.9887,3.0087,2.9848,3.0063,925643.2,0.0005495562793411679,0.0010177229898943882,-0.0004681667105532203,57.768820194702414,47.97461271180301,77.35723516050122
2025-08-07 01:30:00,3.0062,3.011,2.9992,3.0017,1142205.1,0.001163436362849879,0.0010468656644854863,0.00011657069836439266,62.158380129801536,52.702535184469184,81.07007002046623
2025-08-07 01:45:00,3.0018,3.0023,2.983,2.9858,666573.4,0.00036276193981121807,0.0009100449195506327,-0.0005472829797394147,48.52225341986736,51.30910792960191,42.948544400398276
2025-08-07 02:00:00,2.9857,2.9881,2.9773,2.9875,746881.7,-0.0001330685846752111,0.0007014222187054639,-0.000834490803380675,42.43718971809134,48.35180185909838,30.607965436077265
2025-08-07 02:15:00,2.9875,2.99,2.9848,2.9876,302172.5,-0.0005120461342338345,0.0004587285481176043,-0.0009707746823514388,38.47939255192237,45.060998756706375,25.31618014235437
2025-08-07 02:30:00,2.9876,2.9877,2.9778,2.9779,486466.3,-0.0015769197570025817,5.1598887093567145e-05,-0.0016285186440961488,26.246400178037202,38.78946589714999,1.1602687398116274
2025-08-07 02:45:00,2.9778,2.9802,2.9729,2.9757,590089.0,-0.0025687504328804067,-0.00047247097690122767,-0.0020962794559791793,19.947293906967662,32.50874190042254,-5.175602079942095
2025-08-07 03:00:00,2.9756,2.9807,2.972,2.972,437992.5,-0.0036117089346894282,-0.001100318568458868,-0.0025113903662305603,13.298195937978441,26.10522657960784,-12.315865345280358
2025-08-07 03:15:00,2.972,2.9738,2.9676,2.9696,869963.8,-0.00457913557930123,-0.0017960819706273404,-0.0027830536086738897,10.40156226894398,20.870671809386554,-10.536656811941167
2025-08-07 03:30:00,2.9697,2.9727,2.9678,2.9719,1216378.6,-0.005101431262922507,-0.0024571518290863736,-0.002644279433836133,10.23698621309029,17.326109943954467,-3.941261248638064
2025-08-07 03:45:00,2.9719,2.9754,2.968,2.9683,538617.1,-0.005739680801224889,-0.003113657623514077,-0.002626023177710812,7.49708783082114,14.04976923957669,-5.60827498668996
2025-08-07 04:00:00,2.9682,2.9763,2.9641,2.9734,1040043.2,-0.0057674867836419175,-0.003644423455539645,-0.0021230633281022725,16.96717052299225,15.022236334048543,20.857038900879672
2025-08-07 04:15:00,2.9733,2.9828,2.9728,2.9799,565666.1,-0.005205027233869952,-0.003956544211205707,-0.0012484830226642454,31.64606734994852,20.563513339348535,53.81117537114849
2025-08-07 04:30:00,2.9799,2.9803,2.9735,2.9747,682884.7,-0.0051198520625796995,-0.004189205781480506,-0.0009306462810991937,36.06912964572823,25.73205210814177,56.743284720901165
2025-08-07 04:45:00,2.9747,2.9768,2.9704,2.9761,804460.0,-0.00488309257438857,-0.004327983140062119,-0.0005551094343264514,45.43646076203638,32.30018832610664,71.70900563389587
2025-08-07 05:00:00,2.9761,2.9774,2.971,2.9727,637820.3,-0.004913174541482768,-0.004445021420346249,-0.000468153121136519,45.620742112302274,36.740372921505184,63.38148049389645
2025-08-07 05:15:00,2.9727,2.9814,2.9714,2.98,869662.3,-0.004298416258818882,-0.0044157003880407756,0.00011728412922189322,58.75607406417274,44.07893996906103,88.11034225439617
2025-08-07 05:30:00,2.98,2.9858,2.9799,2.984,721452.6,-0.003448694911901473,-0.004222299292812915,0.0007736043809114419,69.73907241759008,52.63231745190404,103.95258234896215
2025-08-07 05:45:00,2.984,2.9956,2.9829,2.9951,1215695.3,-0.0018581873619019085,-0.003749476906630714,0.0018912895447288055,79.29694774929267,61.52052755103358,114.84978814581086
2025-08-07 06:00:00,2.9951,3.0076,2.9925,3.005,1831117.3,0.0001988563010537625,-0.002959810265093819,0.0031586665661475816,84.20562800144403,69.0822277011704,114.45242860199127
2025-08-07 06:15:00,3.0051,3.0056,2.998,3.0026,1413400.5,0.0016167810364060564,-0.0020444920047938443,0.0036612730411999007,84.99013192927818,74.38486244387299,106.20067090008857
2025-08-07 06:30:00,3.0026,3.0105,3.0,3.0088,1800233.3,0.0032038527688174057,-0.0009948230500715944,0.004198675818889,88.58028745409895,79.11667078061498,107.5075208010669
2025-08-07 06:45:00,3.0087,3.0139,2.998,3.0008,1611516.1,0.0037725972569591093,-4.133898866545368e-05,0.0038139362456245628,82.34854412648731,80.19396189590576,86.65770858765043
2025-08-07 07:00:00,3.0007,3.0099,2.9995,3.007,999854.5,0.004669789123657342,0.0009008866337991055,0.0037689024898582366,82.87105738968624,81.08632706049924,86.44051804806023
2025-08-07 07:15:00,3.007,3.0107,3.0034,3.007,1065932.8,0.005319500254276299,0.0017846093578945442,0.003534890896381755,83.16894022057521,81.78053144719122,85.94575776734317
2025-08-07 07:30:00,3.007,3.0097,3.0043,3.0047,882675.4,0.005584436322376263,0.002544574750790888,0.0030398615715853746,79.75968563724629,81.10691617720958,77.06522455731971
2025-08-07 07:45:00,3.0046,3.0078,2.9987,2.9999,918258.6,0.005345461033026133,0.0031047520072379374,0.002240709025788196,71.45269365063713,77.88884200168543,58.58039694854054
2025-08-07 08:00:00,2.9998,3.0103,2.9995,3.0026,1511405.8,0.005312697361506746,0.0035463410780916995,0.0017663562834150468,63.36721632783918,73.04830011040335,44.00504876271086
2025-08-07 08:15:00,3.0026,3.0071,2.9991,3.005,948840.6,0.005417937250071336,0.003920660312487627,0.001497276937583709,56.91986329612708,67.6721545056446,35.415280877092044
2025-08-07 08:30:00,3.005,3.005,2.9935,2.9976,864354.6,0.004848333889259315,0.004106195027841965,0.0007421388614173505,44.64592193597978,59.99674364908966,13.944278509760025
2025-08-07 08:45:00,2.9976,2.999,2.9946,2.9969,668697.0,0.004290971325782156,0.004143150287430003,0.00014782103835215242,35.31950351287553,51.77099693701828,2.41651666459002
2025-08-07 09:00:00,2.9968,2.9981,2.9881,2.9897,1076209.7,0.0032310323221946824,0.0039607266943829395,-0.0007296943721882571,25.906217681149826,43.1494038517288,-8.58015466000812
2025-08-07 09:15:00,2.9898,3.0042,2.9889,3.0041,769709.1,0.0035124928484755458,0.003871079925201461,-0.00035858707672591517,40.86963184643057,42.389479849962726,37.82993583936627
2025-08-07 09:30:00,3.0042,3.0069,2.9995,3.0021,494304.5,0.0035334377867473066,0.0038035514975106304,-0.00027011371076332384,48.267442251974636,44.348800650633365,56.10472545465717
2025-08-07 09:45:00,3.0021,3.0077,2.999,3.007,715846.8,0.0039004637322674895,0.0038229339444620027,7.752978780548687e-05,60.5566732130283,49.75142483809834,82.16716996288822
2025-08-07 10:00:00,3.007,3.0542,3.0057,3.0527,5026100.6,0.007789153988931652,0.004616177953355933,0.0031729760355757187,72.94801915664335,57.48362294428001,103.87681158137006
2025-08-07 10:15:00,3.0528,3.0587,3.0429,3.0586,3269034.8,0.01121773861749853,0.005936490086184453,0.005281248531314077,81.91813175126565,65.62845921327522,114.49747682724649
2025-08-07 10:30:00,3.0587,3.0764,3.0572,3.0755,4160010.8,0.015124262316603687,0.0077740445322683,0.0073502177843353875,87.60567031813326,72.9541962482279,116.90861845794399
2025-08-07 10:45:00,3.0754,3.0759,3.0653,3.07,2307671.5,0.017573826327964337,0.009734000891407506,0.00783982543655683,89.321107505407,78.40983333395427,111.14365584831248
2025-08-07 11:00:00,3.0701,3.0839,3.0668,3.0825,2739794.9,0.020289879882984696,0.011845176689722944,0.008444703193261752,92.39361238008348,83.07109301599733,111.03865110825578
2025-08-07 11:15:00,3.0826,3.0882,3.0763,3.086,2436951.8,0.022465820646798473,0.01396930548113805,0.008496515165660423,94.19057206674911,86.7775860329146,109.01654413441815
2025-08-07 11:30:00,3.0859,3.086,3.0722,3.0775,2241969.7,0.023236534115349983,0.015822751207980438,0.007413782907369545,92.12854281281034,88.56123829287985,99.26315185267131
2025-08-07 11:45:00,3.0776,3.0874,3.0756,3.0793,1544183.2,0.023719155389966495,0.017402032044377652,0.006317123345588843,91.42650238342806,89.51632632306259,95.24685450415902
2025-08-07 12:00:00,3.0792,3.086,3.0704,3.0739,1919567.8,0.023396204475321536,0.01860086653056643,0.004795337944755104,88.50655714450761,89.17973659687759,87.16019823976765
2025-08-07 12:15:00,3.074,3.0755,3.0634,3.0711,2337045.8,0.022653195018259797,0.019411332228105104,0.0032418627901546933,79.75492330605138,86.03813216660218,67.18850558494978
2025-08-07 12:30:00,3.0711,3.0776,3.0643,3.0748,1724466.7,0.022108065728331017,0.01995067892815029,0.002157386800180728,72.09468005349684,81.39031479556706,53.50341056935639
2025-08-07 12:45:00,3.0748,3.0808,3.0611,3.0773,2314336.1,0.021628456561255227,0.020286234454771276,0.0013422221064839507,67.98931929765725,76.92331629626379,50.12132530044417
2025-08-07 13:00:00,3.0772,3.0792,3.0723,3.0733,953182.4,0.020687127936779515,0.020366413151172925,0.0003207147856065899,60.33236292660549,71.3929985063777,38.21109176706108
2025-08-07 13:15:00,3.0734,3.0766,3.0686,3.0719,1474383.7,0.019602188097811002,0.020213568140500543,-0.000611380042689541,53.50570812573175,65.43056837949571,29.655987618203824
2025-08-07 13:30:00,3.0719,3.0847,3.0673,3.077,2284270.2,0.01893561485533901,0.01995797748346824,-0.001022362628129228,55.82256333857378,62.22790003252174,43.011889950677855
2025-08-07 13:45:00,3.077,3.077,3.0666,3.071,1987699.4,0.017718947900635218,0.019510171566901637,-0.0017912236662664185,49.76257074282615,58.072790269289875,33.142131689898704
2025-08-07 14:00:00,3.071,3.0723,3.0561,3.0574,2228120.6,0.015478893187967913,0.01870391589111489,-0.003225022703146979,34.62432252420303,50.25663435426093,3.3596988640872354
2025-08-07 14:15:00,3.0574,3.0676,3.055,3.0574,2028610.5,0.013547466923764961,0.017672626097644906,-0.004125159173879945,25.77648437640441,42.096584361642094,-6.863715594070953
2025-08-07 14:30:00,3.0575,3.0621,3.0484,3.0526,2956819.8,0.01149694814783686,0.016437490507683297,-0.0049405423598464365,21.041072228897665,35.07808031739395,-7.032943948094896
2025-08-07 14:45:00,3.0526,3.0543,3.0439,3.0486,1564968.1,0.009440308672133746,0.015038054140573388,-0.0055977454684396424,17.867250766977612,29.341137133921837,-5.080521966910837
2025-08-07 15:00:00,3.0486,3.0501,3.041,3.0452,1289614.9,0.007450174511145491,0.01352047821468781,-0.006070303703542319,15.115161838549495,24.59914536879772,-3.8528052219469586
2025-08-07 15:15:00,3.0451,3.0567,3.0421,3.0514,1280459.3,0.0063006372110994135,0.012076510013970133,-0.005775872802870719,18.00965022646253,22.402646988019324,9.223656703348944
2025-08-07 15:30:00,3.0514,3.0665,3.0503,3.0656,1702116.6,0.0064609639736143976,0.010953400805898985,-0.004492436832284587,30.77073554380476,25.192009839947804,41.928186951518676
2025-08-07 15:45:00,3.0656,3.0661,3.0578,3.0625,1162510.8,0.006265653443122687,0.010015851333343725,-0.0037501978902210378,40.4212311032773,30.268416927724303,60.72685945438329
2025-08-07 16:00:00,3.0625,3.0665,3.0564,3.0596,1064135.7,0.005809889882844033,0.009174659043243787,-0.0033647691603997543,46.75579411145029,35.76420932229963,68.73896368975163
2025-08-07 16:15:00,3.0597,3.0616,3.0508,3.0562,881860.9,0.005115375527835031,0.008362802340162036,-0.0032474268123270054,50.21814845525258,40.582189033283946,69.49006729918985
2025-08-07 16:30:00,3.0561,3.0586,3.0343,3.0344,1132555.8,0.0027739141325677785,0.007245024698643185,-0.0044711105660754065,33.582285305572334,38.24888779071341,24.249080335290188
2025-08-07 16:45:00,3.0344,3.0407,3.0087,3.0381,3740410.0,0.001202980969523093,0.006036615952819168,-0.004833634983296075,39.34320750475292,38.613661028726575,40.80230045680561
2025-08-07 17:00:00,3.038,3.0436,3.0292,3.0369,1989077.6,-0.0001372428017454297,0.004801844201906248,-0.004939087003651678,42.49178078171537,39.906367613056176,47.662607119033765
2025-08-07 17:15:00,3.0369,3.0425,3.0344,3.0383,1073846.7,-0.0010740307387600012,0.0036266692137729983,-0.0047006999525329995,45.39821140926349,41.73698221179195,52.720669804206565
2025-08-07 17:30:00,3.0383,3.0467,3.0327,3.0465,792418.1,-0.001141610680993388,0.002673013234819721,-0.003814623915813109,52.0647822313198,45.17958221830123,65.83518225735695
2025-08-07 17:45:00,3.0465,3.0536,3.0446,3.0498,669746.0,-0.0009183002576036436,0.0019547505363350483,-0.002873050793938692,58.41227696620847,49.59048046760364,76.05586996341813
2025-08-07 18:00:00,3.0498,3.0536,3.0406,3.0441,706373.0,-0.001187577843180243,0.00132628486043199,-0.002513862703612233,59.356742890966984,52.84590127539142,72.37842612211811
2025-08-07 18:15:00,3.0441,3.0518,3.0401,3.0503,520069.5,-0.0008904297652909676,0.0008829419352873987,-0.0017733717005783663,65.78414239359996,57.15864831479427,83.03513055121137
2025-08-07 18:30:00,3.0503,3.0518,3.0444,3.0444,504318.6,-0.0011181293650608382,0.00048272767521775136,-0.0016008570402785895,67.70379031984807,60.6736956498122,81.76397965991981
2025-08-07 18:45:00,3.0444,3.0569,3.0435,3.0539,728623.8,-0.000525949514566193,0.00028099223726096254,-0.0008069417518271555,76.3945047498848,65.9139653498364,97.35558354998162
2025-08-07 19:00:00,3.0539,3.0587,3.0518,3.0576,974408.6,0.00023915947957675598,0.00027262568572412123,-3.3466206147365245e-05,83.02006531348242,71.61599867105174,105.82819859834379
2025-08-07 19:15:00,3.0575,3.0611,3.0545,3.061,627594.7,0.001107103455277425,0.000439521239634782,0.000667582215642643,88.56267265030259,77.26488999746869,111.15823795597038
2025-08-07 19:30:00,3.0611,3.0738,3.0591,3.0738,1413178.4,0.0027955825991421435,0.0009107335115362543,0.0018848490876058892,92.37511510020174,82.30163169837971,112.52208190384579
2025-08-07 19:45:00,3.0737,3.1024,3.0737,3.1018,5646753.0,0.006320224861724011,0.0019926317815738056,0.004327593080150205,94.59571611281511,86.39965983652485,110.98782866539563
2025-08-07 20:00:00,3.1018,3.121,3.1009,3.1056,4727068.4,0.009312805268457236,0.003456666478950492,0.005856138789506744,90.0518618337597,87.6170605022698,94.92146449673953
2025-08-07 20:15:00,3.1056,3.121,3.0994,3.1155,4732843.9,0.012341034302011611,0.005233540043562716,0.007107494258448895,91.1017356600837,88.77861888820776,95.7479692038356
2025-08-07 20:30:00,3.1155,3.1178,3.1104,3.1109,1541058.8,0.014205988282123716,0.007028029691274916,0.0071779585908488,89.72373775188377,89.0936585094331,90.98389623678511
2025-08-07 20:45:00,3.1109,3.1132,3.1042,3.111,1765524.2,0.015513220166461394,0.008725067786312211,0.006788152380149183,88.84808323243874,89.01180008376832,88.52064952977958
2025-08-07 21:00:00,3.111,3.1114,3.1036,3.1067,1563051.3,0.016017595914401994,0.010183573411930168,0.005834022502471826,85.67714219349482,87.90024745367715,81.23093167313013
2025-08-07 21:15:00,3.1067,3.1795,3.1062,3.1794,9132769.6,0.02202965559253789,0.012552789848051714,0.009476865744486175,90.42476146232981,88.74175212322804,93.79078014053337
2025-08-07 21:30:00,3.1794,3.2405,3.1732,3.2404,16828497.5,0.03135500541908298,0.016313232962257968,0.015041772456825014,93.59813204434634,90.36054543026746,100.07330527250409
2025-08-07 21:45:00,3.2404,3.3,3.2191,3.25,12137312.2,0.039069681147354984,0.020864522599277374,0.01820515854807761,88.36723311720601,89.69610799258032,85.70948336645739
2025-08-07 22:00:00,3.25,3.2838,3.2437,3.2714,11137364.0,0.04637582673335361,0.025966783426092623,0.020409043307260986,87.49241263978574,88.96154287498213,84.55415216939295
2025-08-07 22:15:00,3.2715,3.2927,3.2626,3.2803,7441920.5,0.052281486930551235,0.031229724126984347,0.02105176280356689,88.38809563157537,88.77039379384655,87.623499307033
2025-08-07 22:30:00,3.2803,3.2833,3.2596,3.2816,4755904.0,0.05641633196333462,0.0362670456942544,0.02014928626908022,89.13585194175634,88.89221317648315,89.62312947230271
2025-08-07 22:45:00,3.2816,3.3316,3.2784,3.3256,8378752.2,0.06252293326294156,0.04151822320799184,0.02100471005494972,91.88004164538147,89.88815599944927,95.86381293724585
2025-08-07 23:00:00,3.3256,3.3338,3.2795,3.2839,6755296.8,0.06326829971405301,0.04586823850920408,0.01740006120484893,87.36109350352392,89.04580183414082,83.9916768422901
2025-08-07 23:15:00,3.2839,3.3079,3.2788,3.307,3408247.2,0.0649740050565022,0.049689391818663706,0.015284613237838487,87.64904769010555,88.5802171194624,85.78670883139185
2025-08-07 23:30:00,3.307,3.3258,3.2977,3.3169,3823816.1,0.06635968297373118,0.05302345004967721,0.013336232924053976,88.25835225832687,88.47292883241722,87.82919911014616
2025-08-07 23:45:00,3.3169,3.3312,3.3071,3.3197,3621664.2,0.06691245418553482,0.05580125087684873,0.01111120330868609,88.07458880575467,88.34014882352972,87.54346877020458
2025-08-08 00:00:00,3.3196,3.337,3.2885,3.3315,9333562.5,0.06752431249466273,0.058145863200411534,0.009378449294251197,90.08473837496898,88.92167867400947,92.41085777688798
2025-08-08 00:15:00,3.3314,3.3365,3.2876,3.3145,10434883.8,0.06587805547196046,0.05969230165472132,0.00618575381723914,83.69990310269236,87.18108681690376,76.73753567426957
2025-08-08 00:30:00,3.3145,3.3346,3.2928,3.3038,7449640.8,0.06298394463682966,0.06035063025114299,0.002633314385686668,74.83524978594642,83.06580780658464,58.37413374466996
2025-08-08 00:45:00,3.3038,3.325,3.2977,3.2984,5280753.3,0.05956794390119313,0.060194092981153025,-0.0006261490799598923,61.26673080155242,75.79944880490724,32.20129479484277
2025-08-08 01:00:00,3.2984,3.304,3.2704,3.2973,7681941.8,0.056125003793201955,0.05938027514356282,-0.0032552713503608624,54.30795066449833,68.6356160914376,25.652619810619797
2025-08-08 01:15:00,3.2973,3.3077,3.2748,3.3,6709995.9,0.053003327027189684,0.05810488552028819,-0.0051015584930985056,51.02011525781358,62.763782480229594,27.532780812981542
2025-08-08 01:30:00,3.3,3.3064,3.2875,3.2913,1959775.2,0.049259525264334414,0.05633581346909744,-0.007076288204763026,44.47387063233622,56.66714519759847,20.087321501811715
2025-08-08 01:45:00,3.2914,3.322,3.2868,3.3196,3378858.4,0.0480225349912784,0.05467315777353363,-0.006650622782255235,54.27387171284865,55.86938736934854,51.08284039984888
2025-08-08 02:00:00,3.3196,3.3226,3.3078,3.3187,2700495.6,0.046434322840123166,0.05302539078685154,-0.006591067946728375,60.35675531607331,57.36517668492346,66.33991257837302
2025-08-08 02:15:00,3.3187,3.3251,3.305,3.3191,2217318.7,0.044692739840328066,0.051358860597546845,-0.006666120757218778,64.79658624702425,59.842313205623725,74.70513232982529
2025-08-08 02:30:00,3.319,3.3329,3.3173,3.3321,2495262.4,0.04385596979957285,0.049858282437952046,-0.006002312638379199,75.23303049905462,64.97255230343403,95.7539868902958
2025-08-08 02:45:00,3.332,3.3498,3.332,3.3413,4313529.7,0.043434500738587456,0.048573526098079134,-0.005139025359491678,79.92025710852165,69.95512057179657,99.85053018197183
2025-08-08 03:00:00,3.3413,3.3758,3.3312,3.3636,4415620.7,0.044388227249342105,0.047736466328331735,-0.00334823907898963,82.75518721845782,74.22180945401699,99.82194274733948
2025-08-08 03:15:00,3.3635,3.3728,3.356,3.3651,3662592.0,0.044749258250652346,0.047139024712795866,-0.0023897664621435194,84.97210501032504,77.80524130611967,99.30583241873578
2025-08-08 03:30:00,3.3652,3.3716,3.3494,3.367,2617368.1,0.0446737211918431,0.046645964008605316,-0.0019722428167622194,86.685523190404,80.76533526754777,98.52589903611644
2025-08-08 03:45:00,3.367,3.3762,3.3572,3.3762,2113783.6,0.04483934063360939,0.04628463933360613,-0.0014452986999967388,91.123682126936,84.21811755401052,104.93481127278699
2025-08-08 04:00:00,3.3762,3.3825,3.342,3.3533,4514915.7,0.042631329191874734,0.045553977305259855,-0.0029226481133851206,81.52331496634443,83.3198500247885,77.9302448494563
2025-08-08 04:15:00,3.3534,3.3618,3.3435,3.3606,2124475.2,0.040997914766677024,0.04464276479754329,-0.003644850030866266,78.26285513885323,81.63418506281006,71.52019529093954
2025-08-08 04:30:00,3.3607,3.3776,3.3592,3.3721,3040696.9,0.04016834033363992,0.043747879904762615,-0.0035795395711226974,80.19159667743601,81.15332226768538,78.26814549693728
2025-08-08 04:45:00,3.3722,3.3738,3.3489,3.3506,1438674.4,0.03734553027546328,0.04246740997890275,-0.005121879703439469,66.06665249580863,76.12443234372647,45.95109279997294
2025-08-08 05:00:00,3.3507,3.3519,3.3315,3.3399,3122795.4,0.0338547756113603,0.040744883105394265,-0.006890107494033966,49.69745643970099,67.31544037571798,14.461488567667004
2025-08-08 05:15:00,3.34,3.3492,3.3254,3.3289,2866736.3,0.02985655157981082,0.03856721680027758,-0.008710665220466762,35.17483669243338,56.601905814623116,-7.6793015519460965
2025-08-08 05:30:00,3.3289,3.3299,3.309,3.3187,4636812.3,0.025570119058456076,0.035967797251913285,-0.010397678193457209,27.8489840988105,47.01759857601891,-10.488244855606325
2025-08-08 05:45:00,3.3187,3.3218,3.3097,3.316,2459493.8,0.021705020996900082,0.03311524200091064,-0.011410221004010561,21.740592573810044,38.59192990861596,-11.96208209580179
2025-08-08 06:00:00,3.3159,3.3334,3.3064,3.3296,3990597.4,0.019514359883180177,0.03039506557736455,-0.010880705694184374,24.65579583764303,33.94655188495832,6.074283743012458
2025-08-08 06:15:00,3.3297,3.3408,3.3229,3.3369,1521292.2,0.018157980265500306,0.0279476485149917,-0.009789668249491394,30.71622344232377,32.86977573741347,26.409118852144374
2025-08-08 06:30:00,3.3369,3.3455,3.3327,3.345,1585832.9,0.01753451497796732,0.025865021807586826,-0.008330506829619506,38.548643343571705,34.76273160613288,46.120466818449344
2025-08-08 06:45:00,3.3451,3.3505,3.3353,3.3491,1050373.9,0.017173287017901107,0.024126674849649685,-0.006953387831748578,46.8168008047154,38.780754672327056,62.888893069492084
2025-08-08 07:00:00,3.3492,3.352,3.3294,3.338,1667489.7,0.015809096598841776,0.022463159199488103,-0.006654062600646327,54.310615741155424,43.957375028603174,75.01709716625992
2025-08-08 07:15:00,3.338,3.35,3.3256,3.3395,1628146.5,0.01467978391611613,0.020906484142813708,-0.006226700226697579,60.40298359351899,49.439244550241774,82.33046168007341
2025-08-08 07:30:00,3.3394,3.3532,3.3389,3.3472,1856034.7,0.014241948806674731,0.019573577075585914,-0.005331628268911183,69.32848478884158,56.06899129644171,95.8474717736413
2025-08-08 07:45:00,3.3473,3.36,3.3453,3.3558,1442378.3,0.014422654076409192,0.01854339247575057,-0.004120738399341378,76.9403828940536,63.026121828979,104.76890502420281
2025-08-08 08:00:00,3.3558,3.3599,3.3519,3.3562,1326789.8,0.014431780380885773,0.01772107005677761,-0.0032892896758918364,82.26373784976705,69.43866050257502,107.91389254415114
2025-08-08 08:15:00,3.3562,3.3606,3.3424,3.3506,1798145.7,0.013827742239026719,0.016942404493227432,-0.0031146622542007132,79.33409225351413,72.73713775288805,92.52800125476628
2025-08-08 08:30:00,3.3507,3.3507,3.3322,3.3387,2394450.9,0.012247624125159895,0.016003448419613927,-0.003755824294454032,65.36558531186635,70.2799536058808,55.53684872383744
2025-08-08 08:45:00,3.3387,3.3389,3.3226,3.336,2267810.0,0.01065468116842494,0.01493369496937613,-0.004279013800951191,55.33144283948979,65.29711668375047,35.40009515096841
2025-08-08 09:00:00,3.3361,3.3444,3.3328,3.3374,2878722.1,0.009396908981029295,0.013826337771706764,-0.004429428790677469,49.87008470001093,60.15477268917062,29.30070872169155
2025-08-08 09:15:00,3.3374,3.34,3.3138,3.3195,1947361.5,0.006876467421319976,0.012436363701629406,-0.00555989628030943,37.30655219316973,52.53869919050366,6.842258198501881
2025-08-08 09:30:00,3.3194,3.3225,3.3114,3.3179,2142102.8,0.004695762866889552,0.010888243534681435,-0.006192480667791883,29.274828833386838,44.784075738131385,-1.7436649761022522
2025-08-08 09:45:00,3.318,3.33,3.3179,3.3278,1694908.0,0.0037234642801768914,0.009455287683780527,-0.005731823403603635,30.627663666702336,40.0652717143217,11.752447571463605
2025-08-08 10:00:00,3.3278,3.3328,3.3175,3.3196,1688155.5,0.0022651281876795437,0.00801725578456033,-0.005752127596880787,25.97399800002378,35.3681804762224,7.185633047626538
2025-08-08 10:15:00,3.3196,3.3214,3.3019,3.3096,3029102.5,0.000299022950678296,0.0064736092177839245,-0.0061745862671056286,21.688514282809873,30.80829174508489,3.4489593582598346
2025-08-08 10:30:00,3.3096,3.322,3.3055,3.3129,1316662.0,-0.0009815326959832227,0.004982580835030496,-0.005964113531013718,21.972670724059128,27.8630847380763,10.191842696024786
2025-08-08 10:45:00,3.3128,3.3146,3.3024,3.3093,1342982.6,-0.002260810963925941,0.003533902475239208,-0.005794713439165149,20.452368718000262,25.39284606471762,10.571414024565549
2025-08-08 11:00:00,3.3094,3.3246,3.3094,3.3228,1638109.9,-0.002160407202753678,0.002395040539640631,-0.004555447742394309,30.027069341412055,26.937587156949096,36.20603371033797
2025-08-08 11:15:00,3.3227,3.3298,3.3227,3.3251,1056808.8,-0.0018736474787268698,0.001541302935967131,-0.003414950414694001,40.31550904475598,31.396894452884723,58.15273822849849
2025-08-08 11:30:00,3.3251,3.337,3.3244,3.3299,1240986.0,-0.001244720088350526,0.0009840983311035997,-0.0022288184194541255,53.467699287197,38.75382939765549,82.89543906628002
2025-08-08 11:45:00,3.3299,3.3378,3.3297,3.3364,854329.9,-0.00021926734559540861,0.0007434251957637981,-0.0009626925413592067,67.67855904197508,48.395405945762015,106.24486523440122
2025-08-08 12:00:00,3.3364,3.3378,3.3092,3.3203,1668131.7,-0.000697681665708938,0.00045520382346925096,-0.001152885489178189,62.20353332603358,52.998115072519205,80.61436983306233
2025-08-08 12:15:00,3.3203,3.3269,3.3108,3.3155,1462426.4,-0.00144746289467923,7.46704798395548e-05,-0.0015221333745187849,54.09669166953787,53.364307271525426,55.561460465562746
2025-08-08 12:30:00,3.3154,3.3316,3.3079,3.3281,2482728.2,-0.0010132748217102083,-0.00014291858047039784,-0.0008703562412398105,60.264084465190955,55.66423300274727,69.46378739007832
2025-08-08 12:45:00,3.3281,3.3329,3.3149,3.3208,1783082.3,-0.00124388787198626,-0.0003631124387735703,-0.0008807754332126898,57.50185668677528,56.27677423075661,59.95202159881261
2025-08-08 13:00:00,3.3209,3.3295,3.3201,3.3202,1318164.2,-0.0014582554997293329,-0.0005821410509647229,-0.00087611444876461,52.04694570645636,54.86683138932319,46.407174340722705
2025-08-08 13:15:00,3.3202,3.3317,3.3158,3.3316,1315450.1,-0.0007001873391323521,-0.0006057503085982488,-9.44370305341033e-05,61.119368486578274,56.95101042174155,69.45608461625172
2025-08-08 13:30:00,3.3316,3.3396,3.3137,3.3346,2747928.5,0.0001410362891318684,-0.0004563929890522254,0.0005974292781840938,68.82195543689875,60.90799209346062,84.649882123775
2025-08-08 13:45:00,3.3347,3.3563,3.3347,3.3507,5572098.1,0.0020828378635364686,5.145318146551343e-05,0.002031384682070955,75.35788764663755,65.72462394451959,94.62441505087347
2025-08-08 14:00:00,3.3507,3.3726,3.3254,3.3347,9278533.9,0.002304103053015538,0.0005019831557755184,0.0018021198972400197,64.04590758101456,65.16505182335125,61.8076190963412
2025-08-08 14:15:00,3.3346,3.3371,3.3125,3.3243,5076306.4,0.0016215717564191934,0.0007259008759042535,0.0008956708805149399,51.14652468306691,60.49220944325646,32.4551551626878
2025-08-08 14:30:00,3.3242,3.3256,3.2674,3.2853,8783479.6,-0.002042765547255243,0.00017216759127235414,-0.002214933138527597,39.769419497203046,53.58461279457199,12.13903290246516
2025-08-08 14:45:00,3.2853,3.2964,3.2733,3.2805,3385942.8,-0.005273311690621174,-0.0009169282651063515,-0.004356383425514822,30.663770159098647,45.94433191608088,0.10264664513418609
2025-08-08 15:00:00,3.2805,3.2816,3.2243,3.2413,10462132.6,-0.010871337168293582,-0.002907810045743798,-0.007963527122549784,24.263596828924815,38.71742022036219,-4.644049953949946
2025-08-08 15:15:00,3.2413,3.246,3.2308,3.2362,4151362.5,-0.015540202289908933,-0.0054342884945768255,-0.010105913795332107,18.850489591951284,32.095110010891894,-7.638751245929939
2025-08-08 15:30:00,3.2361,3.2399,3.2051,3.2108,6187147.4,-0.02104725955282749,-0.008556882706226959,-0.012490376846600532,13.701321419509819,25.96384714709787,-10.82373003566628
2025-08-08 15:45:00,3.2108,3.2265,3.2097,3.2216,3219633.4,-0.0242605122852817,-0.011697608622037909,-0.01256290366324379,12.417796369225487,21.448496887807078,-5.643604667937694
2025-08-08 16:00:00,3.2216,3.2482,3.22,3.2312,4599577.0,-0.025735732947058665,-0.01450523348704206,-0.011230499460016604,13.472560763563264,18.78985151305914,2.8379792645715085
2025-08-08 16:15:00,3.2313,3.2462,3.2253,3.2428,2010866.9,-0.025672891779538354,-0.01673876514554132,-0.008934126633997033,18.501909195910873,18.693870740676385,18.117986106379853
2025-08-08 16:30:00,3.2427,3.2446,3.2315,3.2348,1762986.1,-0.025969265317469237,-0.018584865179926906,-0.007384400137542331,20.550373765462016,19.312705082271595,23.02571113184286
2025-08-08 16:45:00,3.2347,3.2481,3.2343,3.2467,1386278.2,-0.024956233014509444,-0.019859138746843415,-0.005097094267666028,28.88827400355377,22.50456138936565,41.65569923193001
2025-08-08 17:00:00,3.2468,3.2634,3.2459,3.261,3122530.9,-0.022737404480686063,-0.020434791893611946,-0.0023026125870741175,43.6161478106481,29.541756863126466,71.76492970569137
2025-08-08 17:15:00,3.2611,3.2676,3.2531,3.2621,2449690.7,-0.020652141048423278,-0.020478261724574214,-0.00017387932384906393,59.4774318737656,39.52031520000617,99.39166522128447
2025-08-08 17:30:00,3.262,3.2863,3.2614,3.2833,3727323.6,-0.017091867521169757,-0.019800982883893325,0.002709115362723568,71.75342748891431,50.264685962975555,114.73091054079181
2025-08-08 17:45:00,3.2832,3.295,3.2766,3.2938,2517202.1,-0.01327009347535979,-0.01849480500218662,0.005224711526826829,80.70001848225398,60.40979680273503,121.28046184129187
2025-08-08 18:00:00,3.2938,3.297,3.2836,3.2886,3075633.7,-0.010539414738894415,-0.01690372694952818,0.006364312210633764,83.49698201847237,68.1055252079808,114.2798956394555
2025-08-08 18:15:00,3.2885,3.2935,3.2788,3.2851,1633418.6,-0.00855908906515257,-0.015234799372653058,0.006675710307500488,83.46567745908376,73.22557595834846,103.94588046055438
2025-08-08 18:30:00,3.2851,3.295,3.2735,3.28,2218834.4,-0.00731684998669202,-0.01365120949546085,0.00633435950876883,80.32571881496153,75.59229024388615,89.79257595711229
2025-08-08 18:45:00,3.2799,3.2806,3.263,3.277,2790538.3,-0.006499519084916194,-0.01222087141335192,0.0057213523284357255,76.25117033171809,75.81191693983014,77.12967711549399
2025-08-08 19:00:00,3.2771,3.2817,3.271,3.2772,1692402.7,-0.005769137106773847,-0.010930524552036306,0.005161387445262459,71.25159561579646,74.29180983181891,65.17116718375155
2025-08-08 19:15:00,3.2772,3.2931,3.2768,3.2894,2289482.7,-0.0041579359887786715,-0.009576006839384778,0.005418070850606107,75.0637061128848,74.5491085921742,76.09290115430599
2025-08-08 19:30:00,3.2893,3.2989,3.2858,3.2963,1458760.0,-0.002297787694180986,-0.00812036301034402,0.005822575316163033,81.0646929641453,76.72097004949791,89.75213879344005
2025-08-08 19:45:00,3.2963,3.3404,3.291,3.3389,4533515.2,0.0025840696613497194,-0.005979476476005272,0.00856354613735499,86.73046714405568,80.05746908101717,100.07646327013268
2025-08-08 20:00:00,3.3389,3.3389,3.3055,3.3067,4139343.4,0.0038107776218208045,-0.004021425656440056,0.007832203278260862,76.64029420284174,78.91841078829204,72.08406103194116
2025-08-08 20:15:00,3.3067,3.3143,3.297,3.3085,2003783.4,0.004872035680630216,-0.002242733389026002,0.007114769069656218,70.68870604048199,76.17517587235535,59.715766376735274
2025-08-08 20:30:00,3.3086,3.3144,3.3024,3.306,1230128.6,0.005448553696158154,-0.000704475971989171,0.006153029668147325,65.6443225455066,72.66489143007243,51.60318477637492
2025-08-08 20:45:00,3.306,3.3196,3.3004,3.312,1560947.8,0.00631678229868049,0.0006997756821447613,0.005617006616535729,64.86537954368829,70.06505413461105,54.4660303618428
2025-08-08 21:00:00,3.3119,3.315,3.3043,3.3135,911119.1,0.007044690379874652,0.00196875862169074,0.005075931758183912,63.656650723650046,67.92891966429072,55.1121128423687
2025-08-08 21:15:00,3.3135,3.3135,3.3019,3.3033,766572.6,0.0067210321485609015,0.0029192133270647723,0.003801818821496129,56.32665603798898,64.06149845552348,40.85697120291999
2025-08-08 21:30:00,3.3034,3.3119,3.3033,3.3104,699826.4,0.006957242569626931,0.003726819175577204,0.0032304233940497274,52.56941904364104,60.23080531822933,37.24664649446447
2025-08-08 21:45:00,3.3104,3.3105,3.3037,3.3037,397832.3,0.006528549964255781,0.00428716533331292,0.0022413846309428612,43.615780037191314,54.69246355788332,21.4624129958073
2025-08-08 22:00:00,3.3038,3.304,3.2867,3.2969,1760260.5,0.00557583011715046,0.004544898290080428,0.001030931827070032,35.59059665314655,48.32517458963773,10.121440780164178
2025-08-08 22:15:00,3.2969,3.303,3.295,3.3004,935427.5,0.005045057244152051,0.004644930080894753,0.0004001271632572984,37.60751023077017,44.752619803348544,23.317291085613405
2025-08-08 22:30:00,3.3003,3.3012,3.292,3.2948,786386.1,0.0041249923750599216,0.004540942539727787,-0.0004159501646678653,33.27836041727114,40.92786667465608,17.97934790250126
2025-08-08 22:45:00,3.2947,3.2985,3.2869,3.2883,1049585.2,0.0028386168522662736,0.004200477402235485,-0.0013618605499692111,23.80664757301342,35.22079364077519,0.9783554374898813
2025-08-08 23:00:00,3.2883,3.2987,3.2859,3.2983,753762.4,0.002596144669424927,0.0038796108556733732,-0.0012834661862484464,30.0749929982746,33.50552675994166,23.21392547494048
2025-08-08 23:15:00,3.2984,3.3005,3.2842,3.2859,580549.7,0.0013874141025902453,0.003381171505056748,-0.0019937574024665025,21.984011259373087,29.66502159308547,6.621990591948318
2025-08-08 23:30:00,3.2858,3.2871,3.2791,3.2848,1258854.4,0.0003368427000545182,0.002772305744056302,-0.0024354630440017837,20.448690433078042,26.59291120641633,8.160248886401469
2025-08-08 23:45:00,3.2847,3.2925,3.2833,3.2859,598631.3,-0.0004023439281430896,0.0021373758096164238,-0.0025397197377595134,20.85114394052302,24.678988784451892,13.195454252665279
2025-08-09 00:00:00,3.2858,3.295,3.2801,3.295,782861.3,-0.00025096770888888287,0.0016597071059153625,-0.0019106748148042454,35.18590318926434,28.18129358605604,49.19512239568093
2025-08-09 00:15:00,3.295,3.2992,3.2886,3.2909,700844.7,-0.0004565736031039158,0.0012364509641115068,-0.0016930245672154226,39.91473043858923,32.0924392035671,55.55931290863349
2025-08-09 00:30:00,3.2909,3.2926,3.2841,3.2879,506410.3,-0.0008517739634936738,0.0008188059785904707,-0.0016705799420841446,39.88282180068832,34.689233402607506,50.269998596849945
2025-08-09 00:45:00,3.288,3.2986,3.2863,3.2976,759518.1,-0.00037790787589653263,0.0005794632076930701,-0.0009573710835896027,55.4047472440727,41.59440468309591,83.0254323660263
2025-08-09 01:00:00,3.2976,3.3029,3.2942,3.2953,697260.9,-0.00018581441266851684,0.00042640768362075274,-0.0006122220962892696,59.62557379296718,47.60479438638634,83.66713260612887
2025-08-09 01:15:00,3.2954,3.2971,3.2872,3.2934,448407.6,-0.0001847632444684777,0.0003041734980029067,-0.0004889367424713844,59.778393733126514,51.66266083529973,76.00985952878008
2025-08-09 01:30:00,3.2934,3.3079,3.2927,3.3069,1010534.3,0.0008950889613235091,0.00042235659066702715,0.000472732370656482,72.02818841467706,58.45117002842551,99.18222518718017
2025-08-09 01:45:00,3.3069,3.3141,3.3028,3.3053,995632.0,0.001603291242655569,0.0006585435210647356,0.0009447477215908334,72.72467462939258,63.20900489541453,91.75601409734868
2025-08-09 02:00:00,3.3053,3.3053,3.2936,3.3009,684470.0,0.0017888823036118495,0.0008846112775741584,0.0009042710260376911,68.87527328234019,65.09776102438975,76.43029779824107
2025-08-09 02:15:00,3.3009,3.3063,3.2991,3.3021,373457.8,0.0020096287781092848,0.0011096147776811839,0.0009000140004281009,65.91684885489336,65.37079030122429,67.00896596223149
2025-08-09 02:30:00,3.302,3.305,3.2961,3.3027,440771.7,0.0022075397905716443,0.001329199780259276,0.0008783400103123684,64.61123256992923,65.11760439079261,63.59848892820247
2025-08-09 02:45:00,3.3027,3.3065,3.2985,3.3043,680982.5,0.002465076455143933,0.0015563751152362073,0.0009087013399077257,64.65688885956918,64.96403254705147,64.0426014846046
2025-08-09 03:00:00,3.3042,3.3078,3.2999,3.3064,631521.9,0.002806279523340116,0.0018063559968569893,0.0009999235264831268,66.89641413438461,65.60815974282919,69.47292291749548
2025-08-09 03:15:00,3.3065,3.3074,3.3014,3.303,309854.3,0.0027703983998654813,0.001999164477458688,0.0007712339224067934,64.1762959161078,65.13087180058874,62.267144147145956
2025-08-09 03:30:00,3.3029,3.3037,3.2965,3.2981,426820.9,0.0023198317259200962,0.0020632979271509697,0.00025653379876912656,51.19541223067605,60.485718610617845,32.61479947079245
2025-08-09 03:45:00,3.298,3.298,3.2896,3.2911,1439195.6,0.00138198226085251,0.001927034793891278,-0.0005450525330387679,36.17109114698141,52.3808427894057,3.751587862132837
2025-08-09 04:00:00,3.2911,3.2991,3.288,3.2984,594092.4,0.0012137870131687656,0.0017843852377467755,-0.0005705982245780099,41.62247827307206,48.794721283961145,27.277992251293895
2025-08-09 04:15:00,3.2985,3.2996,3.2902,3.2922,492937.0,0.0005735908844917148,0.0015422263670957633,-0.0009686354826040485,34.81902591942173,44.136156162448,16.184765433369193
2025-08-09 04:30:00,3.2921,3.3082,3.2904,3.2969,1161186.2,0.00044040484767116084,0.0013218620632108428,-0.000881457215539682,37.89915259314606,42.057154972680685,29.583147834076826
2025-08-09 04:45:00,3.2969,3.3041,3.2932,3.2995,763468.9,0.0005384453618693108,0.0011651787229425364,-0.0006267333610732255,44.24299941853349,42.78576978796496,47.15745867967057
2025-08-09 05:00:00,3.2995,3.3245,3.2961,3.3121,5784095.1,0.0016142498061908483,0.0012549929395921989,0.00035925686659864947,51.50446536578041,45.69200164723677,63.129392802867685
2025-08-09 05:15:00,3.3121,3.3313,3.3111,3.3288,5230110.3,0.003770914259078939,0.001758177203489547,0.002012737055589392,65.74508622537792,52.37636317328381,92.48253232956613
2025-08-09 05:30:00,3.3288,3.3348,3.3143,3.3184,5280307.6,0.004588005619500013,0.00232414288669164,0.0022638627328083727,65.482479136007,56.74506849419154,82.95730041963793
2025-08-09 05:45:00,3.3184,3.3273,3.3121,3.3131,3027433.4,0.0047530999261602425,0.0028099342945853605,0.001943165631574882,61.532478968164234,58.340871985515776,67.91569293346114
2025-08-09 06:00:00,3.3132,3.3157,3.3018,3.3036,1408273.5,0.004070446178658926,0.0030620366714000737,0.0010084095072588526,52.132763756553935,56.27150257586183,43.855286117938135
2025-08-09 06:15:00,3.3037,3.31,3.2989,3.3051,1205506.8,0.0036088747676124022,0.0031714042906425396,0.0004374704769698626,45.891199753995544,52.81140163523974,32.050795991507144
2025-08-09 06:30:00,3.305,3.3064,3.297,3.2989,1051233.1,0.0027115310721468333,0.003079429646943399,-0.00036789857479656556,36.97551455071187,47.532772607063784,15.860998438008053
2025-08-09 06:45:00,3.299,3.3054,3.2976,3.3044,816576.7,0.0024163298170427616,0.0029468096809632713,-0.0005304798639205097,33.62470200816664,42.89674907409807,15.080607876303787
2025-08-09 07:00:00,3.3043,3.3142,3.3007,3.3115,1168282.8,0.0027238920266672295,0.002902226150104063,-0.00017833412343683328,35.6808952233601,40.49146445718541,26.0597567557095
2025-08-09 07:15:00,3.3116,3.3177,3.3115,3.3164,653122.9,0.003324701256125717,0.002986721171308394,0.0003379800848173232,40.894847256490266,40.62592539028703,41.43269098889674
2025-08-09 07:30:00,3.3164,3.3199,3.3123,3.3198,771114.3,0.004028757475717182,0.003195128432190152,0.0008336290435270299,47.369051610146784,42.87363413024028,56.359886569959784
2025-08-09 07:45:00,3.3198,3.3244,3.3171,3.3202,904712.5,0.00456636553977674,0.0034693758537074695,0.0010969896860692704,57.101919995323016,47.616396085267866,76.07296781543332
2025-08-09 08:00:00,3.3201,3.3229,3.3151,3.3167,612559.0,0.004656327806036309,0.0037067662441732374,0.0009495615618630715,62.033883403208144,52.42222519124795,81.25719982712853
2025-08-09 08:15:00,3.3168,3.3248,3.314,3.3246,690799.6,0.005303946928536085,0.004026202381045807,0.0012777445474902779,74.44944744866157,59.76463261038583,103.81907712521306
2025-08-09 08:30:00,3.3246,3.3286,3.3192,3.3286,721358.7,0.00606998530737668,0.004434958966311982,0.0016350263410646977,82.96629829910772,67.49852117329313,113.90185255073689
2025-08-09 08:45:00,3.3286,3.3286,3.3116,3.3213,945709.5,0.006018648022338979,0.004751696777517382,0.0012669512448215976,80.79473650048048,71.93059294902224,98.52302360339695
2025-08-09 09:00:00,3.3212,3.33,3.3199,3.329,855161.2,0.006524082935516429,0.005106174009117191,0.0014179089263992375,86.05883457256164,76.64000682353537,104.89649007061416
2025-08-09 09:15:00,3.329,3.3431,3.3254,3.3352,2092466.4,0.007340317321219647,0.005553002671537683,0.0017873146496819644,82.37255638170753,78.55085667625941,90.01595579260376
2025-08-09 09:30:00,3.3351,3.3448,3.3305,3.339,2931064.1,0.008199300759349715,0.006082262289100089,0.0021170384702496256,82.42507774844739,79.84226370032208,87.59070584469802
2025-08-09 09:45:00,3.339,3.3475,3.3351,3.3352,1458411.3,0.008475720253504182,0.006560953881980908,0.001914766371523274,76.86277235226102,78.84909991763506,72.89011722151295
2025-08-09 10:00:00,3.3351,3.3446,3.3331,3.3443,1263139.0,0.009321624754583091,0.007113088056501345,0.0022085366980817457,81.60396522648408,79.76738835391807,85.27711897161609
2025-08-09 10:15:00,3.3443,3.3465,3.3326,3.3328,1199343.0,0.008960762186999816,0.00748262288260104,0.0014781393043987751,74.08695174801834,77.87390948528481,66.51303627348537
2025-08-09 10:30:00,3.3328,3.3358,3.3264,3.3275,1783177.8,0.008153126133342958,0.007616723532749425,0.0005364026005935333,64.15453236311727,73.30078377789563,45.86202953356056
2025-08-09 10:45:00,3.3275,3.3366,3.3275,3.333,819451.1,0.007866196163858863,0.007666618058971313,0.00019957810488754977,62.639697527129385,69.74708836097355,48.42491585944106
2025-08-09 11:00:00,3.3331,3.3339,3.3166,3.3172,1132044.7,0.006291351359688946,0.00739156471911484,-0.0011002133594258945,42.407047542358036,60.63374142143505,5.953659784204007
2025-08-09 11:15:00,3.3172,3.3273,3.3169,3.324,860327.7,0.005528252423547819,0.007018902260001437,-0.0014906498364536174,36.25410504981328,52.5071959642278,3.747923220984248
2025-08-09 11:30:00,3.324,3.3241,3.306,3.3115,1474947.2,0.003870231861915485,0.006389168180384246,-0.002518936318468761,28.587074049273152,44.53382199257624,-3.3064218373330334
2025-08-09 11:45:00,3.3114,3.314,3.3044,3.309,848929.0,0.002327677497538261,0.005576870043815049,-0.0032491925462767883,22.61566730895112,37.227770431367865,-6.608538935882365
2025-08-09 12:00:00,3.309,3.3182,3.303,3.3175,914032.6,0.0017706599471276618,0.004815628024477572,-0.00304496807734991,26.18822265041186,33.5479211710492,11.468825609137184
2025-08-09 12:15:00,3.3175,3.3272,3.3156,3.3266,734746.4,0.0020399976503999717,0.004260501949662052,-0.0022205042992620803,35.54310628801414,34.21298287670418,38.20335311063404
2025-08-09 12:30:00,3.3266,3.3266,3.3143,3.3174,831676.6,0.0014938662481158715,0.0037071748093528162,-0.0022133085612369447,37.98111847772396,35.46902807704411,43.00529927908367
2025-08-09 12:45:00,3.3174,3.3267,3.317,3.3249,556291.7,0.0016472520013341985,0.003295190247749093,-0.0016479382464148944,47.046936128006585,39.328330760698265,62.48414686262322
2025-08-09 13:00:00,3.3248,3.3266,3.295,3.2991,2788240.1,-0.0003094657361883968,0.002574259050961595,-0.0028837247871499917,34.8779060047895,37.84485584206201,28.944006330244477
2025-08-09 13:15:00,3.2991,3.3049,3.2914,3.2976,3204361.5,-0.001958638143237046,0.001667679612121867,-0.003626317755358913,29.008668998550622,34.899460227558215,17.22708654053544
2025-08-09 13:30:00,3.2975,3.2979,3.2761,3.2912,2799226.7,-0.003738945434875962,0.0005863546027223012,-0.004325300037598264,29.18908004991432,32.996000168343585,21.575239813055788
2025-08-09 13:45:00,3.2912,3.2912,3.2767,3.2769,2006382.4,-0.006231904760976459,-0.0007772972700174508,-0.005454607490959008,19.98123927658992,28.657746537759028,2.628224754251711
2025-08-09 14:00:00,3.2769,3.2848,3.2461,3.2836,6174778.4,-0.007579586230018531,-0.002137755062017667,-0.005441831168000864,28.733896467993684,28.683129847837247,28.835429708306556
2025-08-09 14:15:00,3.2837,3.2922,3.2734,3.29,1508256.5,-0.008038543663256181,-0.00331791278226537,-0.0047206308809908115,37.19949859066409,31.52191942877953,48.55465691443322
2025-08-09 14:30:00,3.2901,3.2931,3.2852,3.288,772943.5,-0.008466062522194395,-0.004347542730251175,-0.00411851979194322,42.128036281286235,35.057291712948434,56.269525417961844
2025-08-09 14:45:00,3.2881,3.2957,3.281,3.2954,936722.2,-0.008114220459856103,-0.005100878276172161,-0.0030133421836839418,48.47410855476968,39.52956399355551,66.363197677198
2025-08-09 15:00:00,3.2954,3.296,3.2818,3.2884,1217649.3,-0.008304495533979939,-0.005741601727733718,-0.002562893806246221,49.83160032015706,42.9635761024227,63.56764875562577
2025-08-09 15:15:00,3.2883,3.2955,3.2639,3.2744,1461721.6,-0.009475742437820678,-0.00648842986975111,-0.0029873125680695677,49.2641507803314,45.0637676617256,57.664917017543004
2025-08-09 15:30:00,3.2743,3.2779,3.2663,3.2736,1416864.2,-0.010349218018462114,-0.007260587499493312,-0.003088630518968802,50.53903488315533,46.88885673553551,57.839391178394976
2025-08-09 15:45:00,3.2736,3.2796,3.2702,3.273,950193.7,-0.010963488424736934,-0.008001167684542038,-0.002962320740194896,51.66196179919115,48.47989175675406,58.026101884065326
2025-08-09 16:00:00,3.2731,3.2822,3.273,3.2821,1119684.0,-0.010593888447604005,-0.008519711837154432,-0.0020741766104495733,58.489404058512115,51.816395857340076,71.83542046085618
2025-08-09 16:15:00,3.2822,3.287,3.275,3.2764,885729.5,-0.010638288597172085,-0.008943427189157964,-0.0016948614080141214,51.97320602862413,51.86866591443476,52.182286257002886
2025-08-09 16:30:00,3.2765,3.2824,3.2664,3.2782,1116456.1,-0.010408251237464139,-0.0092363919988192,-0.0011718592386449397,49.49823288720328,51.078521572024265,46.337655517561316
2025-08-09 16:45:00,3.2783,3.2824,3.27,3.2726,935606.2,-0.010556133633846887,-0.009500340325824738,-0.0010557933080221488,42.033089837574984,48.06337766054117,29.972514191642617
2025-08-09 17:00:00,3.2725,3.2823,3.267,3.2821,938615.7,-0.009793863333191322,-0.009559044927298055,-0.0002348184058932664,46.92133299659712,47.68269610589315,45.39860677800506
2025-08-09 17:15:00,3.2821,3.2905,3.2804,3.2879,797435.1,-0.008622353971330377,-0.00937170673610452,0.0007493527647741433,56.59734436060057,50.65424552412895,68.48354203354381
2025-08-09 17:30:00,3.288,3.298,3.2837,3.2911,1386141.9,-0.00735097365680959,-0.008967560120245533,0.0016165864634359439,63.80937573566859,55.0392889279755,81.34954935105476
2025-08-09 17:45:00,3.2911,3.2911,3.2827,3.2845,733220.6,-0.006797601915725426,-0.008533568479341513,0.0017359665636160863,61.63241082799843,57.23699622798315,70.42324002802899
2025-08-09 18:00:00,3.2844,3.2844,3.277,3.282,781011.9,-0.0064860132078590205,-0.008124057425045014,0.001638044217185993,57.543970087863954,57.33932084794342,57.953268567705024
2025-08-09 18:15:00,3.282,3.2895,3.2799,3.2857,605876.0,-0.005872819625253989,-0.00767380986508681,0.0018009902398328208,58.72129651427199,57.79997940338628,60.56393073604342
2025-08-09 18:30:00,3.2856,3.2878,3.279,3.282,634336.0,-0.005620627278480228,-0.007263173347765493,0.001642546069285265,55.60322721204633,57.06772867293963,52.674224290259716
2025-08-09 18:45:00,3.2819,3.288,3.2785,3.2847,838391.7,-0.0051436033341021314,-0.006839259345032821,0.0016956560109306898,56.10107620588031,56.74551118391986,54.81220624980122
2025-08-09 19:00:00,3.2846,3.2942,3.2816,3.289,532727.8,-0.0043682301203116225,-0.006345053500088582,0.00197682337977696,61.05663144908166,58.18255127230713,66.8047918026307
2025-08-09 19:15:00,3.289,3.2892,3.273,3.2777,1000240.9,-0.004612388085343699,-0.005998520417139606,0.0013861323317959067,46.97108763272073,54.44539672577833,32.02246944660554
2025-08-09 19:30:00,3.2776,3.2799,3.2631,3.2683,1352350.2,-0.0055009746609635535,-0.005899011265904396,0.00039803660494084226,36.28062957749661,48.39047434301776,12.06094004645432
2025-08-09 19:45:00,3.2682,3.2723,3.259,3.265,1165622.4,-0.006397719417805536,-0.005998752896284624,-0.0003989665215209121,29.868904566816116,42.21661775095054,5.173478198547272
2025-08-09 20:00:00,3.2649,3.2658,3.254,3.2585,1807818.3,-0.007545907253874606,-0.00630818376780262,-0.001237723486071986,23.643946328126308,36.025727276675795,-1.1196155689726623
2025-08-09 20:15:00,3.2584,3.2749,3.2515,3.2728,1706007.1,-0.007218750632517423,-0.006490297140745581,-0.0007284534917718424,32.39026554583918,34.81390669973026,27.542983238057005
2025-08-09 20:30:00,3.2727,3.2758,3.2618,3.266,1374422.1,-0.007422616520257108,-0.006676761016647887,-0.0007458555036092213,32.91279217497785,34.18020185814613,30.377972808641303
2025-08-09 20:45:00,3.266,3.268,3.2533,3.2592,1222903.3,-0.008040202426375043,-0.006949449298593318,-0.0010907531277817243,27.95279041173373,32.10439804267533,19.649575149850534
2025-08-09 21:00:00,3.2591,3.2663,3.2519,3.2576,1071533.2,-0.00856007511719259,-0.007271574462313173,-0.001288500654879416,23.397098369727246,29.2019648183593,11.787365472463136
2025-08-09 21:15:00,3.2577,3.2577,3.2341,3.2396,3092427.4,-0.010305729503249594,-0.007878405470500458,-0.0024273240327491365,18.92534930637571,25.77642631436477,5.223195290397598
2025-08-09 21:30:00,3.2397,3.2507,3.2324,3.244,1671717.6,-0.011204966079183531,-0.008543717592237073,-0.0026612484869464586,20.75725041477685,24.103367681168795,14.065015881992956
2025-08-09 21:45:00,3.244,3.2592,3.244,3.2483,731341.8,-0.011438784295892734,-0.009122730932968205,-0.002316053362924529,26.05014851000479,24.752294624114125,28.645856281786116
2025-08-09 22:00:00,3.2483,3.2524,3.2421,3.2451,946430.6,-0.011746889345498168,-0.009647562615474198,-0.0020993267300239704,27.120989943689683,25.541859730639313,30.279250369790425
2025-08-09 22:15:00,3.2451,3.2629,3.2394,3.2569,1998531.1,-0.010913103964471205,-0.0099006708852736,-0.0010124330791976052,36.897864263535006,29.327194574937877,52.039203640729255
2025-08-09 22:30:00,3.2568,3.2568,3.221,3.2249,4657787.3,-0.012688194005381792,-0.010458175509295238,-0.002230018496086554,26.970838949412514,28.541742699762754,23.829031448712037
2025-08-09 22:45:00,3.2249,3.2297,3.2083,3.2258,2646277.3,-0.01386254439064949,-0.01113904928556609,-0.0027234951050833997,27.751636909881995,28.27837410313583,26.69816252337432
2025-08-09 23:00:00,3.2259,3.2323,3.2133,3.2186,1185244.4,-0.015199000739327673,-0.011951039576318406,-0.0032479611630092664,24.420631503139678,26.992459903137114,19.27697470314481
2025-08-09 23:15:00,3.2186,3.2296,3.217,3.2211,838942.4,-0.015873443739125914,-0.01273552040887991,-0.003137923330246005,24.094828816500854,26.026582874258363,20.23132070098584
2025-08-09 23:30:00,3.221,3.234,3.2188,3.2306,862495.8,-0.015463124793222871,-0.013281041285748502,-0.0021820835074743694,29.67738282516412,27.24351619122695,34.545116093038466
2025-08-09 23:45:00,3.2306,3.233,3.2242,3.2259,844490.9,-0.015340360664174213,-0.013692905161433646,-0.001647455502740567,30.529732628253623,28.338921670235838,34.91135454428919
2025-08-10 00:00:00,3.2259,3.2404,3.2258,3.2402,1917105.5,-0.013928618276295879,-0.013740047784406092,-0.0001885704918897866,39.82812456047198,32.16865596698122,55.14706174745349
2025-08-10 00:15:00,3.2402,3.243,3.2354,3.2409,710432.6,-0.012607981154438619,-0.0135136344584126,0.0009056533039739807,46.45440294263446,36.9305716255323,65.50206557683877
2025-08-10 00:30:00,3.2408,3.245,3.2362,3.2437,774990.1,-0.011206251430426306,-0.013052157852815343,0.0018459064223890365,55.29949886897276,43.05354737334579,79.7914018602267
2025-08-10 00:45:00,3.2436,3.2444,3.229,3.2339,1393246.5,-0.010762089949443165,-0.012594144272140909,0.0018320543226977432,60.11792204343885,48.74167226337681,82.87042160356293
2025-08-10 01:00:00,3.234,3.24,3.2189,3.2229,1306592.2,-0.011168948162923797,-0.012309105050297486,0.0011401568873736882,50.173251919600865,49.21886548211816,52.08202479456628
2025-08-10 01:15:00,3.2228,3.2315,3.2217,3.2276,750380.5,-0.010985501485019977,-0.012044384337241986,0.0010588828522220088,46.06788223211452,48.16853773211695,41.86657123210965
2025-08-10 01:30:00,3.2276,3.2384,3.2272,3.2359,938354.8,-0.010054476293100745,-0.01164640272841374,0.0015919264353129944,52.467646678916005,49.60157404771664,58.19979194131474
2025-08-10 01:45:00,3.2359,3.238,3.23,3.2367,897338.4,-0.009146642011191197,-0.011146450584969231,0.0019998085737780343,57.711509024768795,52.30488570673402,68.52475566083835
2025-08-10 02:00:00,3.2368,3.2438,3.2336,3.2427,887181.4,-0.007852508120678614,-0.010487662092111109,0.0026351539714324947,68.87025250437975,57.8266746392826,90.95740823457405
2025-08-10 02:15:00,3.2427,3.2486,3.239,3.2463,1270700.5,-0.006461918797677324,-0.009682513433224352,0.0032205946355470284,76.66546575488395,64.10627167781638,101.78385390901911
2025-08-10 02:30:00,3.2463,3.2468,3.227,3.2299,868478.6,-0.006607047746348904,-0.009067420295849263,0.002460372549500359,63.455989515601765,63.88951095707818,62.58894663264893
2025-08-10 02:45:00,3.23,3.2442,3.23,3.2422,607135.5,-0.0056642621905065305,-0.008386788674780717,0.002722526484274186,68.45438582746046,65.41113591387227,74.54088565463684
2025-08-10 03:00:00,3.2421,3.2528,3.2389,3.2528,1266159.3,-0.004015478496436131,-0.0075125266391118,0.003497048142675669,78.96959055164031,69.93062079312828,97.04753006866437
2025-08-10 03:15:00,3.2527,3.263,3.2445,3.2589,2215579.0,-0.002191326274627148,-0.00644828656621487,0.0042569602915877225,82.67060677615427,74.17728278747028,99.65725475352227
2025-08-10 03:30:00,3.2589,3.2679,3.2507,3.2618,2495593.6,-0.0005058357729290641,-0.0052597964075577095,0.004753960634628645,83.47559604147858,77.27672053880637,95.873347046823
2025-08-10 03:45:00,3.2618,3.2619,3.2532,3.259,621009.9,0.0005971079053010975,-0.0040884155449859485,0.004685523450287046,81.73026696163764,78.76123601308346,87.66832885874598
2025-08-10 04:00:00,3.259,3.263,3.25,3.2605,1188627.0,0.0015740910388966078,-0.0029559142282094375,0.004530005267106046,81.78920812927429,79.77056005181373,85.82650428419538
2025-08-10 04:15:00,3.2605,3.2674,3.2576,3.2627,868248.9,0.002497093881013601,-0.00186531260636483,0.004362406487378431,83.62149327607703,81.0542044599015,88.75607090842809
2025-08-10 04:30:00,3.2628,3.2742,3.2623,3.2713,896558.0,0.0038778272316069007,-0.0007166846387704838,0.004594511870377385,87.0329729185147,83.04712727943924,95.00466419666563
2025-08-10 04:45:00,3.2713,3.2795,3.2707,3.274,1382295.1,0.005130791227295539,0.00045281053444272076,0.0046779806928528185,87.65161157530606,84.58195537806152,93.79092396979516
2025-08-10 05:00:00,3.274,3.2746,3.2564,3.2619,812718.1,0.005088745454945531,0.001379997518543283,0.0037087479364022484,77.31782315201004,82.1605779693777,67.63231351727472
2025-08-10 05:15:00,3.2618,3.2628,3.2469,3.2482,1280165.4,0.0039049347164388237,0.0018849849581223912,0.0020199497583164323,55.06902495848311,73.1300602990795,18.94695427729033
2025-08-10 05:30:00,3.2482,3.2673,3.247,3.2664,891645.0,0.004384798841922333,0.00238494773488238,0.001999851107039953,56.65133361240374,67.63715140352092,34.67969803016939
2025-08-10 05:45:00,3.2665,3.2677,3.254,3.2561,709447.7,0.0038891391243729423,0.0026857860127804923,0.00120335311159245,47.17450870683755,60.81627050462646,19.890985111259738
2025-08-10 06:00:00,3.2562,3.2636,3.2518,3.2593,595133.1,0.003711751720318013,0.0028909791542879966,0.0008207725660300163,44.128609076541984,55.25371669526496,21.878393839096034
2025-08-10 06:15:00,3.2592,3.2592,3.2368,3.2385,1434501.2,0.0018712145607837627,0.00268702623558715,-0.0008158116748033873,30.746160930028797,47.08453144018625,-1.9305800902860994
2025-08-10 06:30:00,3.2385,3.2516,3.2358,3.2472,749151.3,0.001101890979259501,0.0023699991843216203,-0.0012681082050621192,29.19309279393224,41.12071855810158,5.337841265593568
2025-08-10 06:45:00,3.2472,3.2538,3.243,3.2486,690124.3,0.0005982683330021388,0.002015653014057724,-0.001417384681055585,29.22560114561179,37.15567942060498,13.365444595625405
2025-08-10 07:00:00,3.2486,3.2542,3.2473,3.249,575386.3,0.00022878314481777906,0.001658279040209735,-0.001429495895391956,30.823940282641768,35.04509970795058,22.381621432024147
2025-08-10 07:15:00,3.249,3.2491,3.2346,3.2353,963854.9,-0.0011561842606804262,0.0010953863800317028,-0.002251570640712129,21.25422806355387,30.448142493151675,2.8663992043582667
2025-08-10 07:30:00,3.2354,3.2382,3.163,3.1677,10491262.3,-0.0076206893873740356,-0.000647828773449445,-0.006972860613924591,15.665824121325038,25.520703035876128,-4.043933707777143
2025-08-10 07:45:00,3.1678,3.1909,3.1618,3.1875,5377342.3,-0.011019139963702518,-0.00272209101150006,-0.008297048952202457,18.533275256206,23.191560442652754,9.216704883312495
2025-08-10 08:00:00,3.1874,3.1885,3.1521,3.1771,6344972.6,-0.01438579907662385,-0.005054832624524818,-0.009330966452099033,19.82935839202969,22.070826425778403,15.346422324532263
2025-08-10 08:15:00,3.1772,3.196,3.1751,3.196,1782446.1,-0.015351861924906007,-0.007114238484601056,-0.008237623440304952,26.882815336360995,23.674822729305934,33.29880055047112
2025-08-10 08:30:00,3.196,3.1977,3.1889,3.1955,1238032.2,-0.01597368481828987,-0.008886127751338818,-0.00708755706695105,32.09099213739773,26.480212532003197,43.31255134818678
2025-08-10 08:45:00,3.1955,3.212,3.1955,3.2088,2154607.9,-0.015217863041673496,-0.010152474809405754,-0.005065388232267742,39.905258225454226,30.95522776315354,57.8053191500556
2025-08-10 09:00:00,3.2089,3.2135,3.2059,3.2088,1062370.7,-0.01445227204242494,-0.011012434256009592,-0.003439837786415349,45.11476895082523,35.67507482571077,63.994157201054136
2025-08-10 09:15:00,3.2088,3.2154,3.2058,3.2082,914297.6,-0.013735615025435965,-0.011557070409894867,-0.0021785446155410983,49.3548631493475,40.23500426692302,67.59458091419647
2025-08-10 09:30:00,3.2082,3.2153,3.2062,3.2097,640787.0,-0.012897942262548145,-0.011825244780425523,-0.0010726974821226223,55.20289366750936,45.22430073378513,75.16007953495782
2025-08-10 09:45:00,3.2097,3.22,3.2094,3.2142,737805.5,-0.01173568648236456,-0.011807333120813331,7.164663844877114e-05,67.2879379481971,52.57884647192245,96.70612090074637
2025-08-10 10:00:00,3.2142,3.2164,3.2022,3.2022,765290.8,-0.011648612164758099,-0.011775588929602286,0.00012697676484418711,69.45361793502772,58.20377029295755,91.95331321916807
2025-08-10 10:15:00,3.2021,3.2095,3.1919,3.193,1166843.1,-0.012181546962476641,-0.011856780536177159,-0.00032476642629948246,59.59120186017435,58.666247482029824,61.441110616463405
2025-08-10 10:30:00,3.1929,3.2039,3.181,3.2021,1725259.8,-0.01173434149672925,-0.011832292728287579,9.79512315583287e-05,57.76165594097097,58.364716968343544,56.55553388622582
2025-08-10 10:45:00,3.202,3.2078,3.1895,3.1897,1320197.1,-0.012239415943831045,-0.011913717371396272,-0.00032569857243477246,45.94366806321151,54.22436733329953,29.382269523035475
2025-08-10 11:00:00,3.1897,3.1916,3.1776,3.1904,1003408.8,-0.012439808562570764,-0.01201893560963117,-0.0004208729529395945,40.6920051239019,49.713579930166986,22.64885551137172
2025-08-10 11:15:00,3.1904,3.1962,3.1845,3.1934,485769.5,-0.0122157308870805,-0.012058294665121035,-0.00015743622195946508,39.54938706373331,46.325515641355764,25.997129908488404
2025-08-10 11:30:00,3.1935,3.204,3.1877,3.1971,1148047.2,-0.011605804151159749,-0.011967796562328778,0.0003619924111690296,41.69644672173396,44.7824926681485,35.52435482890489
2025-08-10 11:45:00,3.1972,3.2031,3.1889,3.1914,887141.6,-0.011450382302206297,-0.011864313710304284,0.000413931408097987,38.646687751596026,42.737224362631004,30.465614529526064
2025-08-10 12:00:00,3.1914,3.1971,3.1849,3.188,761133.5,-0.011469349431348697,-0.011785320854513167,0.00031597142316447044,34.69916640484421,40.05787171003541,23.98175579446182
2025-08-10 12:15:00,3.1879,3.1905,3.1802,3.1844,652362.5,-0.01164068436806831,-0.011756393557224196,0.0001157091891558857,30.238315743250563,36.784686387773796,17.145574454204095
2025-08-10 12:30:00,3.1845,3.1952,3.1824,3.1924,431312.3,-0.011004087131959661,-0.01160593227217129,0.0006018451402116289,36.49441800101918,36.687930258855594,36.10739348534635
2025-08-10 12:45:00,3.1923,3.196,3.1836,3.1886,813179.0,-0.010683059814415863,-0.011421357780620206,0.0007382979662043428,36.47089235388037,36.61558429053052,36.18150848058008
2025-08-10 13:00:00,3.1885,3.1965,3.1879,3.1915,446529.0,-0.010078459382557359,-0.011152778101007638,0.0010743187184502796,41.8644332864252,38.365200622495415,48.86289861428476
2025-08-10 13:15:00,3.1914,3.1938,3.1824,3.1883,428689.3,-0.009745186002810158,-0.010871259681368142,0.0011260736785579841,39.25416000607584,38.661520417022224,40.43943918418309
2025-08-10 13:30:00,3.1883,3.1891,3.1693,3.1771,1558510.4,-0.010266465423204085,-0.01075030082973533,0.0004838354065312446,33.66223539309949,36.995092075714645,26.99652202786919
2025-08-10 13:45:00,3.1771,3.1813,3.1627,3.1634,1701117.2,-0.011650755961425396,-0.010930391856073344,-0.0007203641053520528,23.019048017842024,32.33641072309044,4.384322607345197
2025-08-10 14:00:00,3.1634,3.1772,3.1568,3.1747,2037375.1,-0.011701117426282881,-0.011084536970115253,-0.0006165804561676282,30.151656494938624,31.608159313706498,27.23865085740288
2025-08-10 14:15:00,3.1748,3.1899,3.1732,3.1865,1147153.1,-0.0106659178055728,-0.011000813137206761,0.0003348953316339616,45.03813203776779,36.0848168883936,62.94476233651618
2025-08-10 14:30:00,3.1864,3.2038,3.1855,3.2004,1480205.7,-0.008624483141990158,-0.01052554713816344,0.0019010639961732825,60.94740717411465,44.372346983633946,94.09752755507606
2025-08-10 14:45:00,3.2003,3.2044,3.1939,3.201,1073549.0,-0.006878920563491153,-0.009796221823228984,0.002917301259737831,71.58398573512402,53.44289323413064,107.86617073711075
2025-08-10 15:00:00,3.2009,3.203,3.1942,3.1994,995935.9,-0.005560557625197138,-0.008949088983622615,0.003388531358425477,77.55458992985835,61.48012546603988,109.70351885749528
2025-08-10 15:15:00,3.1995,3.2026,3.1865,3.1979,1535568.4,-0.004583942130804708,-0.008076059613059034,0.003492117482254326,80.48457255828096,67.81494116345357,105.82383534793576
2025-08-10 15:30:00,3.1979,3.1979,3.1841,3.1904,732672.2,-0.00436483948271027,-0.0073338155869892814,0.0029689761042790115,77.18579347022637,70.9385585990445,89.68026321259012
2025-08-10 15:45:00,3.1904,3.1968,3.1799,3.185,1047738.8,-0.004574205334115344,-0.006781893536414495,0.0022076882022991507,71.20509480648141,71.02740400152346,71.56047641639731
2025-08-10 16:00:00,3.185,3.1963,3.1821,3.1906,675115.8,-0.00423938706573912,-0.00627339224227942,0.0020340051765403,71.13953099143562,71.06477966482753,71.28903364465182
2025-08-10 16:15:00,3.1905,3.1988,3.19,3.1962,514543.2,-0.003482029310563739,-0.005715119655936284,0.002233090345372545,71.99900356694003,71.37618763219837,73.24463543642338
2025-08-10 16:30:00,3.1961,3.2007,3.1935,3.198,664341.7,-0.002705386860662351,-0.005113173096881497,0.002407786236219146,72.62518605142922,71.79252043860866,74.29051727707034
2025-08-10 16:45:00,3.198,3.2016,3.1934,3.1977,639497.1,-0.0020900073131824293,-0.004508539940141684,0.0024185326269592546,72.63447777578291,72.07317288433342,73.75708755868192
2025-08-10 17:00:00,3.1976,3.1988,3.1904,3.1904,735907.2,-0.0021663907752631495,-0.004040110107165977,0.0018737193319028275,63.57450033537043,69.24028203467908,52.242936936753125
2025-08-10 17:15:00,3.1904,3.1926,3.182,3.1855,464295.8,-0.0025924303449818,-0.003750574154729142,0.001158143809747342,50.606201398323726,63.028921822560626,25.760760549849934
2025-08-10 17:30:00,3.1855,3.196,3.1855,3.1937,370833.3,-0.002242547610772583,-0.0034489688459378304,0.0012064212351652476,54.935624280910474,60.331155975343904,44.144560892043614
2025-08-10 17:45:00,3.1937,3.2004,3.192,3.1978,592371.1,-0.0016158013362694845,-0.0030823353440041614,0.0014665340077346769,64.11990927483123,61.59407374183968,69.17158034081433
2025-08-10 18:00:00,3.1977,3.2004,3.1952,3.1981,449916.7,-0.001082415493439015,-0.0026823513738911324,0.0015999358804521173,70.1275585641735,64.43856868261763,81.50553832728522
2025-08-10 18:15:00,3.198,3.1985,3.1942,3.1945,433952.6,-0.0009393648702133994,-0.0023337540731555857,0.0013943892029421863,68.01020911080978,65.629115492015,72.77239634839933
2025-08-10 18:30:00,3.1944,3.203,3.1936,3.2021,531858.7,-0.00021031535207116647,-0.0019090663289387019,0.0016987509768675354,77.24490131196893,69.50104409866631,92.73261573857417
2025-08-10 18:45:00,3.2021,3.2087,3.1995,3.2076,613411.6,0.0008020204852434709,-0.0013668489661022673,0.002168869451345738,83.45665081222386,74.1529130031855,102.06412643030055
2025-08-10 19:00:00,3.2076,3.2146,3.202,3.214,644555.5,0.0020965625744757688,-0.0006741666579866602,0.002770729232462429,88.3576036089673,78.88780987177944,107.29719108334302
2025-08-10 19:15:00,3.2141,3.2143,3.2041,3.2051,582577.8,0.0023769409911165162,-6.394512816602487e-05,0.002440886119282541,82.52470097448527,80.10010690601472,87.3738891114264
2025-08-10 19:30:00,3.205,3.2119,3.204,3.2079,343437.7,0.002792884867502732,0.0005074208709677265,0.0022854639965350053,80.67511565538422,80.29177648913789,81.44179398787688
2025-08-10 19:45:00,3.2079,3.2112,3.2062,3.207,480306.8,0.0030151442023642616,0.0010089655372470337,0.0020061786651172277,75.90730424223234,78.83028574016937,70.0613412463583
2025-08-10 20:00:00,3.207,3.2085,3.1909,3.2015,1253390.2,0.0027161719524420036,0.0013504068202860276,0.001365765132155976,65.51344896036277,74.3913401469005,47.757666587287275
2025-08-10 20:15:00,3.2015,3.2035,3.1776,3.1841,2184920.9,0.0010629467201392906,0.0012929148002566802,-0.0002299680801173896,49.531488496097666,66.10472292996623,16.38501962836054
2025-08-10 20:30:00,3.1841,3.199,3.1791,3.1982,1588780.2,0.0008803577578495592,0.001210403391775256,-0.0003300456339256968,51.57955088929034,61.262998916407604,32.2126548350558
2025-08-10 20:45:00,3.1983,3.1983,3.1825,3.1857,1694148.6,-0.0002698798366274069,0.0009143467460947235,-0.0011842265827221303,41.683664556824404,54.73655412987987,15.577885410713478
2025-08-10 21:00:00,3.1858,3.1864,3.1689,3.1739,3163968.9,-0.0021092981247603504,0.0003096177719237087,-0.0024189158966840592,31.436082716949553,46.96973032556976,0.3687874997091285
2025-08-10 21:15:00,3.174,3.1859,3.1644,3.1648,2126847.2,-0.004252326149653207,-0.0006027710123916745,-0.0036495551372615325,21.224589546770613,38.388016732636714,-13.102264824961594
2025-08-10 21:30:00,3.1649,3.1699,3.1581,3.1688,2324465.1,-0.005563788834117123,-0.0015949745767367643,-0.0039688142573803585,20.779218309990796,32.51841725842141,-2.6991795868704287
2025-08-10 21:45:00,3.1687,3.185,3.1687,3.1827,999912.6,-0.00541905117853636,-0.0023597898970966836,-0.003059261281439677,29.295373411933657,31.444069309592155,24.997981616616663
2025-08-10 22:00:00,3.1828,3.1846,3.1694,3.1768,2604758.6,-0.005714552432100728,-0.0030307424040974928,-0.002683810028003235,31.897973809013987,31.59537080939943,32.5031798082431
2025-08-10 22:15:00,3.1768,3.1933,3.1765,3.1805,2129886.3,-0.005585790708459104,-0.0035417520649698156,-0.0020440386434892885,37.7117182221619,33.634153280320255,45.86684810584519
2025-08-10 22:30:00,3.1805,3.1883,3.1798,3.1843,1874204.9,-0.005118119378443975,-0.003857025527664648,-0.0012610938507793268,46.49403871697505,37.92078175920519,63.64055263251477
2025-08-10 22:45:00,3.1844,3.1844,3.172,3.181,830878.4,-0.004956631933236366,-0.004076946808778992,-0.0008796851244573739,49.98441718776771,41.941993568726026,66.06926442585107
2025-08-10 23:00:00,3.1811,3.1863,3.1757,3.1758,909500.9,-0.005188439411398793,-0.004299245329302953,-0.0008891940820958399,50.08430842820898,44.65609852188701,60.94072824085292
2025-08-10 23:15:00,3.1758,3.178,3.1648,3.1767,1234288.0,-0.0052391325705132274,-0.004487222777545008,-0.0007519097929682191,51.003175315775586,46.77179078651653,59.465944374293684
2025-08-10 23:30:00,3.1768,3.1846,3.1736,3.1839,721157.5,-0.00464478524422951,-0.004518735270881909,-0.0001260499733476009,58.43393505900196,50.65917221067834,73.9834607556492
2025-08-10 23:45:00,3.1839,3.1928,3.183,3.187,719642.0,-0.0038789030342432085,-0.004390768823554169,0.0005118657893109606,64.92086898670303,55.4130711360199,83.93646468806928
2025-08-11 00:00:00,3.1869,3.1886,3.172,3.1797,1288728.6,-0.0038169850288780616,-0.004276012064618947,0.0004590270357408858,60.707479909264066,57.177874060434625,67.76669160692295
2025-08-11 00:15:00,3.1798,3.2022,3.1782,3.2013,1316174.5,-0.0020018984431491305,-0.0038211893403249843,0.0018192908971758539,73.00284756874278,62.452865229870675,94.102812246487
2025-08-11 00:30:00,3.2012,3.2071,3.1893,3.2024,1571914.8,-0.00046925911309791957,-0.0031508032948795715,0.002681544181781652,78.29819467545803,67.73464171173312,99.42530060290787
2025-08-11 00:45:00,3.2025,3.2049,3.1943,3.1943,992625.0,9.072052284686549e-05,-0.0025024985313342844,0.00259321905418115,75.44544735653079,70.304910259999,85.72652154959437
2025-08-11 01:00:00,3.1942,3.2088,3.1923,3.2062,985622.3,0.001477704904024435,-0.0017064578442625407,0.0031841627482869757,81.6606012679901,74.09014059599603,96.80152261197824
2025-08-11 01:15:00,3.2061,3.218,3.203,3.2167,1200462.6,0.003385140474416737,-0.0006881381805266852,0.004073278654943422,86.95919783780789,78.37982634326666,104.11794082689036
2025-08-11 01:30:00,3.2167,3.2326,3.2167,3.2216,1981923.1,0.005231876143819036,0.0004958646843424592,0.0047360114594765775,85.2555268313658,80.67172650596638,94.42312748216466
2025-08-11 01:45:00,3.2216,3.2269,3.2179,3.2251,1517136.7,0.006898328578321511,0.0017763574631382696,0.005121971115183241,86.04493867965625,82.46279723052966,93.20922157790946
2025-08-11 02:00:00,3.2251,3.2572,3.2233,3.255,4336830.5,0.010510525459161535,0.0035231910623429227,0.006987334396818612,89.83590591163305,84.92050012423078,99.66671748643756
2025-08-11 02:15:00,3.255,3.267,3.2488,3.2646,3777693.5,0.013986628138348056,0.00561587847754395,0.008370749660804106,92.32303637352123,87.3880122073276,102.19308470590849
2025-08-11 02:30:00,3.2647,3.274,3.2569,3.2683,3217878.0,0.016845835329866166,0.007861869848008393,0.008983965481857772,92.63881291489372,89.13827910984965,99.63988052498186
2025-08-11 02:45:00,3.2684,3.2703,3.2624,3.2638,1689822.1,0.01853500523399143,0.009996496925205,0.00853850830878643,90.93097523579605,89.73584448516512,93.32123673705794
2025-08-11 03:00:00,3.2639,3.2705,3.2492,3.2698,2242736.8,0.02012583629581055,0.01202236479932611,0.008103471496484441,92.24039719922105,90.57069538985043,95.57980081796231
2025-08-11 03:15:00,3.2698,3.2748,3.2567,3.2593,3668090.5,0.02030525281095885,0.013678942401652659,0.006626310409306193,87.63101688861725,89.59080255610604,83.71144555363969
2025-08-11 03:30:00,3.2593,3.2616,3.2514,3.2522,1396942.6,0.01964804064691883,0.014872762050705892,0.0047752785962129375,78.78786094353042,85.98982201858082,64.38393879342962
2025-08-11 03:45:00,3.2522,3.268,3.2516,3.2653,1222056.0,0.019954235781680207,0.015889056796900756,0.004065178984779452,80.29325468877417,84.0909662419786,72.6978315823653
2025-08-11 04:00:00,3.2654,3.2779,3.2631,3.2744,1499538.6,0.02069265948234289,0.016849777333989183,0.0038428821483537066,84.72541765576408,84.30245004657377,85.57135287414468
2025-08-11 04:15:00,3.2744,3.2766,3.2681,3.2695,951428.3,0.02064449959559944,0.017608721786311236,0.003035777809288206,80.1949519766949,82.9332840232808,74.71828788352309
