timestamp,open,high,low,close,volume,MACD_DIF,MACD_DEA,MACD_Hist,K,D,J
2025-07-14 05:00:00,2.9398,2.9796,2.8755,2.9317,30930238.7,0.0,0.0,0.0,,,
2025-07-14 06:00:00,2.9317,2.9345,2.8915,2.9263,20970753.0,-0.0004307692307690125,-8.615384615380252e-05,-0.00034461538461521,,,
2025-07-14 07:00:00,2.9263,2.9799,2.9245,2.9569,19665702.3,0.0016776682007453303,0.00026661056322602406,0.0014110576375193063,,,
2025-07-14 08:00:00,2.957,3.0067,2.9276,2.9784,34575304.6,0.00502555885847622,0.0012184002222760633,0.0038071586362001565,,,
2025-07-14 09:00:00,2.9784,3.0222,2.9632,2.9831,34110109.0,0.00796620756343902,0.0025679616905086547,0.005398245872930366,,,
2025-07-14 10:00:00,2.983,3.0134,2.9464,3.0095,17646790.4,0.012285334525294012,0.0045114362574657264,0.007773898267828285,,,
2025-07-14 11:00:00,3.0094,3.0111,2.9691,2.9772,17517155.3,0.012952623916772321,0.006199673789327046,0.0067529501274452754,,,
2025-07-14 12:00:00,2.9772,2.998,2.942,2.9614,22158862.1,0.012067421885403551,0.0073732234085423475,0.004694198476861203,,,
2025-07-14 13:00:00,2.9614,3.035,2.9423,3.0035,31774420.9,0.01459477161142031,0.008817533049117941,0.005777238562302368,80.25078369905937,80.25078369905937,80.25078369905938
2025-07-14 14:00:00,3.0035,3.0309,2.9697,3.0118,25086548.7,0.017070674996630952,0.010468161438620543,0.0066025135580104095,82.39996504756796,81.54029250816453,84.11931012637484
2025-07-14 15:00:00,3.0118,3.0216,2.9093,2.9469,31983171.1,0.013638739757161567,0.011102277102328749,0.002536462654832818,57.53747689351955,70.17053774333269,32.27135519389327
2025-07-14 16:00:00,2.9468,3.0022,2.9178,2.9935,19801332.8,0.014511853290259502,0.0117841923399149,0.0027276609503446014,61.46178472915798,66.55305572206012,51.279242743353706
2025-07-14 17:00:00,2.9936,2.9957,2.9363,2.9519,13090071.9,0.011712020835675574,0.011769758039067036,-5.773720339146207e-05,50.87743797800269,60.53540151699542,31.561510900017225
2025-07-14 18:00:00,2.9518,2.9595,2.9101,2.9157,10067237.8,0.006497200299055983,0.010715246491064825,-0.0042180461920088425,34.14663207563477,50.892588021881686,0.6547201831409382
2025-07-14 19:00:00,2.9154,2.9428,2.9101,2.93,8538012.0,0.0034782132655335474,0.00926783984595857,-0.005789626580425023,27.88733977356414,42.74745641769349,-1.832893514694561
2025-07-14 20:00:00,2.93,2.9367,2.8762,2.9237,14188729.3,0.0005707081735653041,0.007528413511479918,-0.006957705337914614,28.589572818922395,37.83654580222761,10.095626852311966
2025-07-14 21:00:00,2.9236,2.9497,2.9169,2.9423,7048200.7,-0.00022999476941354402,0.0059767318553012256,-0.00620672662471477,33.05065319704584,36.19864264732711,26.754674296483287
2025-07-14 22:00:00,2.9424,2.956,2.9302,2.9507,5114321.1,-0.00018461964189731006,0.0047444615558615184,-0.0049290811977588285,38.175211352696486,36.86912609114935,40.78738187579076
2025-07-14 23:00:00,2.9506,2.9637,2.9357,2.9582,4922208.4,0.0004513251975182264,0.00388583428419286,-0.0034345090866746337,44.31989590772343,39.38176469501848,54.19615833313331
2025-07-15 00:00:00,2.9582,2.9582,2.9031,2.9079,9567421.1,-0.003068106340803123,0.0024950461591936634,-0.005563152499996786,37.88323105087093,38.878373671191945,35.89294581022891
2025-07-15 01:00:00,2.908,2.9214,2.8646,2.889,15918394.3,-0.007298223855547459,0.000536392156245439,-0.007834616011792897,31.4262253659802,36.381494694947214,21.515686708046175
2025-07-15 02:00:00,2.8889,2.9004,2.85,2.8716,19749659.2,-0.01191728203541187,-0.0019543426820860226,-0.009962939353325847,27.269030317290653,33.333565927500814,15.139959096870328
2025-07-15 03:00:00,2.8715,2.8746,2.8038,2.8497,26899909.6,-0.017147401326925493,-0.0049929544110539174,-0.012154446915871576,27.748929771400668,31.467759678280537,20.31126995764093
2025-07-15 04:00:00,2.8496,2.8815,2.8215,2.8685,13938825.1,-0.019549946055866574,-0.007904352740016449,-0.011645593315850125,31.993344790973197,31.643221846264307,32.693590680390976
2025-07-15 05:00:00,2.8685,2.8869,2.8624,2.8759,10120982.5,-0.020619176871352174,-0.010447317566283594,-0.01017185930506858,36.36355934224705,33.21826628414356,42.65414545845404
2025-07-15 06:00:00,2.8759,2.885,2.8493,2.8593,9237346.6,-0.02254613347184531,-0.012867080747395938,-0.00967905272444937,35.81173058763354,34.08333972815618,39.26851230658825
2025-07-15 07:00:00,2.8594,2.873,2.8483,2.8524,11465308.6,-0.024349348660587022,-0.015163534330034156,-0.009185814330552867,34.005004139338766,34.05721608102296,33.90058025597038
2025-07-15 08:00:00,2.8523,2.86,2.8194,2.8501,15900543.6,-0.02566811442201633,-0.01726445034843059,-0.00840366407358574,32.665282077447074,33.59309850637477,30.809649219591677
2025-07-15 09:00:00,2.8501,2.896,2.8485,2.88,13993713.9,-0.02402363615052039,-0.01861628750884855,-0.00540734864167184,43.37764184981222,36.85526697255455,56.42239160432756
2025-07-15 10:00:00,2.8801,2.9223,2.8782,2.9146,11651765.8,-0.019701339656892358,-0.01883329793845731,-0.0008680417184350475,60.088031264983734,44.60055695033092,91.06297989428937
2025-07-15 11:00:00,2.9146,2.9287,2.8866,2.9049,9549916.3,-0.01686419750767465,-0.018439477852300778,0.001575280344626128,67.04089231141393,52.08133531052916,96.96000631318346
2025-07-15 12:00:00,2.9049,2.9328,2.8514,2.8965,20099671.1,-0.015119266222587857,-0.017775435526358196,0.0026561693037703386,67.35708632034878,57.1735548078952,87.72414934525594
2025-07-15 13:00:00,2.8965,2.9342,2.8926,2.9224,13747382.1,-0.011513758620623982,-0.016523100145211352,0.0050093415245873706,74.81210423327336,63.0533041336069,98.32970443260626
2025-07-15 14:00:00,2.9225,2.9308,2.8407,2.8548,21233165.2,-0.013950312395488496,-0.01600854259526678,0.0020582301997782854,60.153094781468695,62.08654215900649,56.286200026393104
2025-07-15 15:00:00,2.8548,2.9034,2.8429,2.8903,12653106.3,-0.012868406522285714,-0.015380515380670569,0.0025121088583848553,60.6885999068868,61.620553206453636,58.82469330775314
2025-07-15 16:00:00,2.8902,2.9194,2.8837,2.9052,10098755.9,-0.010685506974650316,-0.014441513699466519,0.003756006724816203,65.37201354566022,62.87105465952802,70.37393131792463
2025-07-15 17:00:00,2.9051,2.9386,2.9047,2.9386,8691427.1,-0.006189098417675343,-0.012791030643108284,0.006601932225432941,76.91476599193355,67.55232839026105,95.63964119527853
2025-07-15 18:00:00,2.9385,2.9462,2.8819,2.9031,12728475.7,-0.005427648996482404,-0.01131835431378311,0.005890705317300706,70.9921195845515,68.6989314346684,75.5784958843177
2025-07-15 19:00:00,2.9031,2.9228,2.8575,2.8631,11787445.5,-0.007960101455701363,-0.01064670374216676,0.002686602286465398,54.405431218314,63.93441479761217,35.347464059717666
2025-07-15 20:00:00,2.863,2.8834,2.854,2.8653,8403797.8,-0.009678004647902583,-0.010452963923313924,0.0007749592754113417,44.042775308445854,57.30385293277436,17.520620059788826
2025-07-15 21:00:00,2.8654,2.9114,2.8581,2.9007,5085534.7,-0.00808971792215818,-0.009980314723082775,0.0018905968009245953,48.31920278518736,54.30896492250444,36.339678510553185
2025-07-15 22:00:00,2.9007,2.9114,2.8825,2.9095,4337950.0,-0.006051148915695137,-0.009194481561605248,0.0031433326459101105,53.95056437195496,54.18949794925331,53.472697217358274
2025-07-15 23:00:00,2.9094,2.9286,2.9089,2.919,7104782.7,-0.0036271857463501256,-0.008081022398554225,0.004453836652204099,60.523355915185284,56.30078538784821,68.96849696985944
2025-07-16 00:00:00,2.9189,2.935,2.9018,2.9315,6687278.7,-0.0006895828558795003,-0.00660273449001928,0.00591315163413978,68.36770724569615,60.32309451537553,84.4569327063374
2025-07-16 01:00:00,2.9316,2.9365,2.9153,2.9194,5291348.8,0.0006545741991148546,-0.005151272752192453,0.005805846951307308,69.22272338500305,63.28963837738829,81.08889340023255
2025-07-16 02:00:00,2.9193,2.92,2.8774,2.8977,7411262.8,-3.082496519590805e-05,-0.004127183194793145,0.004096358229597237,61.947468484145645,62.84224832193697,60.15790880856299
2025-07-16 03:00:00,2.8977,2.9077,2.8912,2.9044,5026709.6,-3.299439632042933e-05,-0.003308345435098602,0.0032753510387781726,61.66194864766739,62.44881504380863,60.08821585538492
2025-07-16 04:00:00,2.9044,2.9159,2.8912,2.911,4796107.3,0.0004921776379416265,-0.0025482408204905564,0.003040418458432183,64.13826901936739,63.01196641992501,66.39087421825214
2025-07-16 05:00:00,2.9111,2.9299,2.9091,2.9174,5898855.1,0.0014085696575154572,-0.0017568787248893537,0.003165448382404811,67.97143127803359,64.66512147229959,74.58405088950158
2025-07-16 06:00:00,2.9175,2.9365,2.9113,2.9351,8411061.9,0.0035224543491181315,-0.0007010121100878567,0.004223466459205988,77.85799913998927,69.06274753829007,95.4485023433877
2025-07-16 07:00:00,2.9351,2.9391,2.9277,2.9293,6137777.0,0.004675811821467146,0.000374352676223144,0.004301459145244002,79.94423070892714,72.68990869236382,94.45287474205378
2025-07-16 08:00:00,2.9293,2.9611,2.9203,2.9567,8707855.6,0.007711908851694815,0.0018418639113174785,0.005870044940377336,84.87719730307556,76.75233830183997,101.12691530554676
2025-07-16 09:00:00,2.9567,2.9637,2.9448,2.952,6540701.3,0.00962780357507409,0.003399051844068801,0.006228751731005289,85.3990121904975,79.63456296571832,96.92791064005587
2025-07-16 10:00:00,2.952,2.962,2.9427,2.9441,5208805.5,0.010388942705070736,0.004797030016269188,0.005591912688801548,82.69551756864678,80.65488117479545,86.77679035634944
2025-07-16 11:00:00,2.9442,2.9558,2.9442,2.9513,4307284.2,0.011441243246178345,0.00612587266225102,0.005315370583927326,82.76252895416519,81.35743043830404,85.5727259858875
2025-07-16 12:00:00,2.9513,2.9736,2.946,2.9644,9379154.5,0.01318032494367083,0.007536763118534982,0.005643561825135847,84.7866697953564,82.50051022802178,89.35898893002565
2025-07-16 13:00:00,2.9644,2.995,2.957,2.9787,16418952.4,0.015533390946621317,0.00913608868415225,0.006397302262469068,83.53259553776464,82.84453866541206,84.9087092824698
2025-07-16 14:00:00,2.9787,2.9945,2.9528,2.9904,17816630.0,0.01813327580994084,0.010935526109309968,0.007197749700630873,87.1897908978974,84.2929560785121,92.98346053666796
2025-07-16 15:00:00,2.9905,3.0071,2.9541,2.9764,19824129.0,0.018846766505590473,0.01251777418856607,0.0063289923170244036,79.67030605924623,82.75207273714574,73.50677270344721
2025-07-16 16:00:00,2.9764,3.0039,2.9677,2.9913,10857543.8,0.02037959521009558,0.014090138392871973,0.006289456817223607,80.37928238100545,81.961142617881,77.21556190725437
2025-07-16 17:00:00,2.9912,3.0474,2.9871,3.0234,23930776.4,0.023908967041715634,0.016053904122640707,0.007855062919074927,79.2786428857749,81.06697604009679,75.70197657713112
2025-07-16 18:00:00,3.0234,3.078,3.0124,3.0523,21807018.3,0.02870709064721,0.018584541427554568,0.01012254921965543,79.85415315339505,80.66270174440429,78.23705597137658
2025-07-16 19:00:00,3.0524,3.0633,3.032,3.0592,18416590.1,0.03268958531650368,0.02140555020534439,0.011284035111159288,81.88582806182603,81.07041051696241,83.51666315155327
2025-07-16 20:00:00,3.0591,3.1,3.0426,3.0626,24346680.5,0.035708467632144636,0.02426613369070444,0.011442333941440196,79.82864727902937,80.65648943759442,78.17296296189926
2025-07-16 21:00:00,3.0626,3.0936,3.0532,3.0654,12269182.4,0.037890116538904284,0.02699093026034441,0.010899186278559875,78.71728659171464,80.0100884889085,76.13168279732693
2025-07-16 22:00:00,3.0653,3.089,3.0437,3.0523,12673717.3,0.03812257518050899,0.029217259244377326,0.008905315936131662,75.00989395946691,78.34335697899265,68.34296792041542
2025-07-16 23:00:00,3.0522,3.0561,3.0189,3.038,10119195.7,0.036729514854922485,0.03071971036648636,0.006009804488436125,69.17497614180542,75.2872300331389,56.950468359138455
2025-07-17 00:00:00,3.038,3.0794,3.0332,3.0545,9109305.5,0.03653575517128749,0.031882919327446586,0.004652835843840901,67.98613929732649,72.85353312113524,58.251351649708994
2025-07-17 01:00:00,3.0545,3.0696,2.9873,3.0212,13795340.2,0.03331117701264086,0.03216857086448544,0.0011426061481554159,55.39199956675221,67.03302193623537,32.109954827785884
2025-07-17 02:00:00,3.0213,3.0536,3.0121,3.0496,5814149.6,0.03267071062609306,0.03226899881680697,0.00040171180928608857,55.354500746364344,63.14018153956465,39.783139159963724
2025-07-17 03:00:00,3.0497,3.0527,2.9968,3.025,8016978.5,0.029834211769099284,0.031782041407265434,-0.00194782963816615,48.05354767290929,58.111303583972344,27.938035850783166
2025-07-17 04:00:00,3.0249,3.0754,3.0149,3.0742,12235841.2,0.031196678912261966,0.03166496890826474,-0.000468289996002777,57.73815334365963,57.986920170534106,57.24061968991069
2025-07-17 05:00:00,3.0741,3.1489,3.0643,3.1419,31784005.2,0.037309191016879684,0.03279381332998774,0.004515377686891947,70.38154117304616,62.11846050471959,86.90770250969928
2025-07-17 06:00:00,3.1419,3.1728,3.1392,3.154,24835927.9,0.04263826242628843,0.03476270314924788,0.007875559277040554,76.87610381888364,67.03767494278603,96.55296157107887
2025-07-17 07:00:00,3.1541,3.1625,3.126,3.1553,17645464.8,0.04643125840316076,0.03709641420003045,0.009334844203130306,81.43941512454603,71.83825500338034,100.64173536687741
2025-07-17 08:00:00,3.1553,3.2386,3.1395,3.2358,34529355.4,0.05529550016962004,0.04073623139394837,0.014559268775671666,87.25487470699227,76.97712823792311,107.81036764513058
2025-07-17 09:00:00,3.2358,3.2798,3.2189,3.2631,36839803.0,0.06378804856021203,0.0453465948272011,0.018441453733010926,89.60011590152929,81.18479079246148,106.4307661196649
2025-07-17 10:00:00,3.2631,3.2764,3.2206,3.2738,23655477.8,0.07056838648947661,0.05039095315965621,0.0201774333298204,92.36003015343545,84.90987057945456,107.26034930139721
2025-07-17 11:00:00,3.2737,3.2986,3.248,3.2623,29235344.6,0.07415904000682705,0.05514457052909038,0.01901446947773667,90.89740910162716,86.90571675351272,98.88079379785606
2025-07-17 12:00:00,3.2624,3.275,3.233,3.2593,22188424.7,0.07588779658017186,0.05929321573930668,0.01659458084086518,89.31405231378567,87.70849527360387,92.52516639414924
2025-07-17 13:00:00,3.2592,3.2717,3.1675,3.2274,39922517.6,0.07383268795153697,0.06220111018175274,0.011631577769784227,82.74657122526577,86.05452059082427,76.13067249414877
2025-07-17 14:00:00,3.2274,3.256,3.2271,3.2334,14777199.9,0.07185979443392743,0.06413284703218768,0.0077269474017397505,75.90597988984439,82.67167369049733,62.37459228853851
2025-07-17 15:00:00,3.2334,3.263,3.169,3.2534,22754749.8,0.07109060669866185,0.06552439896548251,0.00556620773317934,75.20808083811177,80.18380940636865,65.25662370159802
2025-07-17 16:00:00,3.2533,3.272,3.2221,3.2652,22094982.2,0.0706191279123578,0.06654334475485757,0.0040757831575002346,76.4743585222862,78.94732577834112,71.52842401017634
2025-07-17 17:00:00,3.2652,3.3182,3.255,3.3143,28580515.3,0.07336176843121,0.06790702949012806,0.005454738941081949,83.45359800623119,80.4494165209712,89.46196097675119
2025-07-17 18:00:00,3.3142,3.3611,3.3015,3.3537,36016402.6,0.07781754925445661,0.06988913344299377,0.007928415811462836,87.69496065429193,82.86459789874482,97.35568616538615
2025-07-17 19:00:00,3.3537,3.3993,3.3022,3.3057,40600200.6,0.0765926761187723,0.07122984197814948,0.005362834140622816,78.33676122998223,81.35531900915727,72.29964567163213
2025-07-17 20:00:00,3.3057,3.3762,3.2842,3.3599,31714927.6,0.07908381339287995,0.07280063626109558,0.006283177131784376,79.89203696609113,80.86755832813522,77.94099424200294
2025-07-17 21:00:00,3.36,3.5495,3.3534,3.512,78091733.99,0.09226765241512558,0.07669403949190158,0.015573612923223998,83.3224400018269,81.6858522193658,86.5956155667491
2025-07-17 22:00:00,3.512,3.5296,3.4424,3.4729,28390896.9,0.09842629948480353,0.08104049149048198,0.017385807994321545,82.17115798632526,81.84762080835229,82.81823234227119
2025-07-17 23:00:00,3.473,3.5487,3.4704,3.4814,35709300.3,0.10280784577033675,0.08539396234645294,0.017413883423883808,82.14827089583312,81.94783750417923,82.5491376791409
2025-07-18 00:00:00,3.4813,3.655,3.4621,3.6535,55483949.81,0.11879785672600685,0.09207474122236373,0.02672311550364312,87.98334714838867,83.95967405224904,96.03069334066791
2025-07-18 01:00:00,3.6534,3.6607,3.5756,3.5957,45291551.8,0.12536099514738908,0.09873199200736879,0.026629003140020285,86.648334464056,84.85589418951803,90.23321501313197
2025-07-18 02:00:00,3.5957,3.6028,3.5424,3.5934,27046613.8,0.12889096405135136,0.10476378641616531,0.024127177635186056,85.14050097515201,84.9507631180627,85.51997668933063
2025-07-18 03:00:00,3.5934,3.6531,3.589,3.6054,31760958.0,0.13114503126612131,0.11004003538615652,0.021104995879964797,85.19769564788798,85.03307396133778,85.52693902098838
2025-07-18 04:00:00,3.6054,3.6112,3.5755,3.5908,17730757.1,0.1302518357077087,0.11408239545046696,0.01616944025724175,83.94321808132776,84.6697886680011,82.49007690798106
2025-07-18 05:00:00,3.5909,3.6384,3.585,3.6185,24425257.6,0.13027737382339444,0.11732139112505245,0.012955982698341986,84.71797573791524,84.68585102463915,84.7822251644674
2025-07-18 06:00:00,3.6186,3.6197,3.5337,3.5654,25472041.0,0.12457684244595812,0.11877248138923359,0.005804361056724536,75.26014384970803,81.54394863299545,62.6925342831332
2025-07-18 07:00:00,3.5653,3.57,3.4381,3.4503,42956427.8,0.10950916866083338,0.11691981884355354,-0.007410650182720163,52.000323512863154,71.69607359295135,12.608823352686755
2025-07-18 08:00:00,3.4503,3.5101,3.4208,3.4439,43013150.7,0.09594550209230768,0.11272495549330439,-0.016779453400996708,37.876553038032206,60.422900074644964,-7.216141035193303
2025-07-18 09:00:00,3.4439,3.462,3.4005,3.4501,31694540.9,0.08471988866007463,0.10712394212665843,-0.022404053466583806,31.60512195873937,50.81697403600976,-6.818582195801412
2025-07-18 10:00:00,3.45,3.4884,3.4055,3.471,20898651.5,0.07662666003185725,0.1010244857076982,-0.02439782567584095,30.37332754493948,44.002425205653,3.115132223512447
2025-07-18 11:00:00,3.471,3.4996,3.4271,3.49,19483834.3,0.07092824261622388,0.09500523708940334,-0.02407699447317946,32.05938912074881,40.021413177351604,16.135341007543218
2025-07-18 12:00:00,3.4899,3.5292,3.4701,3.5005,24345542.2,0.06649297834339185,0.08930278534020104,-0.022809806996809193,35.38441550182472,38.47574728550931,29.201751934455544
2025-07-18 13:00:00,3.5005,3.545,3.4651,3.5081,29628510.6,0.06286656925962397,0.08401554212408563,-0.021148972864461657,38.66597295189607,38.53915584097157,38.91960717374509
2025-07-18 14:00:00,3.508,3.5251,3.408,3.4541,32454645.4,0.05500124511411242,0.07821268272209099,-0.02321143760797857,33.92816688277255,37.00215952157189,27.780181605173865
2025-07-18 15:00:00,3.4542,3.4589,3.3439,3.3736,33052540.4,0.04179050687914909,0.07092824755350262,-0.029137740674353527,26.997371464528612,33.66723016922413,13.65765405513757
2025-07-18 16:00:00,3.3736,3.4381,3.3634,3.4381,13314839.9,0.0361092674428769,0.06396445153137748,-0.027855184088500573,33.612369970219454,33.648943436222574,33.53922303821322
2025-07-18 17:00:00,3.4381,3.466,3.4218,3.4487,14100264.5,0.03209223634673375,0.05759000849444873,-0.02549777214771498,39.77937212335865,35.69241966526793,47.95327703954008
2025-07-18 18:00:00,3.4487,3.4648,3.4013,3.4396,11425940.8,0.02785334034437925,0.051642674864434836,-0.023789334520055584,42.38233626390659,37.92239186481415,51.302225062091466
2025-07-18 19:00:00,3.4395,3.4789,3.4028,3.434,15555351.9,0.023768127347157275,0.046067765360979326,-0.02229963801382205,43.18941761203919,39.67806711388916,50.21211860833925
2025-07-18 20:00:00,3.4339,3.4488,3.3576,3.4119,21347955.1,0.018533637080420107,0.04056093970486748,-0.022027302624447374,40.0642860327568,39.80680675351171,40.579244591246976
2025-07-18 21:00:00,3.4119,3.4517,3.4028,3.4132,8556319.9,0.01432503488191772,0.035313758740277534,-0.020988723858359815,38.196346498217736,39.269986668413715,36.04906615782578
2025-07-18 22:00:00,3.4132,3.4315,3.3779,3.3916,9503016.4,0.009141371793268682,0.030079281350875765,-0.020937909557607083,34.23906543589789,37.593012924241776,27.53117045921013
2025-07-18 23:00:00,3.3916,3.4214,3.3624,3.4135,10180229.3,0.006722930663491944,0.025408011213399,-0.018685080549907057,40.011228809117114,38.39908488586689,43.23551665561756
2025-07-19 00:00:00,3.4136,3.4665,3.4115,3.4312,14836210.6,0.00616349182206033,0.02155910733513127,-0.015395615513070941,46.89948917035398,41.23255298069592,58.23336154967011
2025-07-19 01:00:00,3.4312,3.4631,3.3971,3.4424,14343505.8,0.006548393107867145,0.018556964489678446,-0.0120085713818113,54.56943136226406,45.678179107885306,72.35193587102158
2025-07-19 02:00:00,3.4425,3.4619,3.4171,3.449,10162618.4,0.0073018241083380175,0.01630593641341036,-0.009004112305072344,61.49641123518893,50.95092315031985,82.58738740492709
2025-07-19 03:00:00,3.449,3.4792,3.4365,3.4494,11685800.6,0.007840816212885127,0.014612912373305316,-0.006772096160420189,66.1620811743364,56.02130915832536,86.44362520635848
2025-07-19 04:00:00,3.4494,3.4855,3.4414,3.4614,11261262.3,0.009131014400631798,0.013516532778770613,-0.004385518378138815,71.16043879175196,61.067685702800894,91.34594496965407
2025-07-19 05:00:00,3.4615,3.4644,3.4333,3.4581,9874543.4,0.009774548429200891,0.01276813590885667,-0.0029935874796557793,73.35418367324485,65.16318502628222,89.7361809671701
2025-07-19 06:00:00,3.458,3.4679,3.4166,3.4454,9807901.4,0.009154245478031786,0.012045357822691694,-0.0028911123446599078,71.37774172854822,67.23470392703756,79.66381733156953
2025-07-19 07:00:00,3.4453,3.4825,3.4338,3.4651,12357397.5,0.010135441223092734,0.011663374502771903,-0.0015279332796791691,75.39453022899694,69.95464602769069,86.27429863160947
2025-07-19 08:00:00,3.4651,3.4735,3.4276,3.4377,8656624.4,0.00860292573876098,0.011051284749969718,-0.0024483590112087377,65.57222075598285,68.49383760378807,59.72898706037242
2025-07-19 09:00:00,3.4377,3.465,3.4271,3.4539,7227387.3,0.008596505621534689,0.010560328924282712,-0.001963823302748023,65.132611725708,67.37342897776138,60.650977221601266
2025-07-19 10:00:00,3.454,3.4558,3.4205,3.4285,7122917.4,0.006467298912921748,0.00974172292201052,-0.003274424009088771,49.178877096287295,61.30857835060335,24.919474587655188
2025-07-19 11:00:00,3.4285,3.4304,3.388,3.3925,9269596.4,0.001853620734800998,0.008164102484568616,-0.0063104817497676175,34.324379602653124,52.31384543461994,-1.654552061280512
2025-07-19 12:00:00,3.3926,3.418,3.3811,3.4155,9444776.6,5.254956123268428e-05,0.006541791899901429,-0.006489242338668745,33.866316925395886,46.16466926487859,9.26961224643047
2025-07-19 13:00:00,3.4154,3.4312,3.3949,3.4104,6756864.0,-0.0017659825498106407,0.004880237009959015,-0.006646219559769656,32.209365787213336,41.51290143899018,13.602294483659662
2025-07-19 14:00:00,3.4104,3.4136,3.3547,3.3608,12677969.2,-0.007127328419718193,0.0024787239240235738,-0.009606052343741766,23.063938172174563,35.363247016718304,-1.5346795169129166
2025-07-19 15:00:00,3.3608,3.4228,3.357,3.4098,8891386.0,-0.007337758050902643,0.0005154275290383307,-0.007853185579940974,29.747372448638107,33.49128882735824,22.259539691197844
2025-07-19 16:00:00,3.4098,3.4594,3.4042,3.4439,8138159.4,-0.004698775476464689,-0.0005274130720622734,-0.004171362404402416,44.859639993817154,37.28073921617788,60.01744154909571
2025-07-19 17:00:00,3.4439,3.4511,3.419,3.4242,6247346.5,-0.004149159209010378,-0.0012517622994518943,-0.0028973969095584837,50.90975092969499,41.82374312068358,69.0817665477178
2025-07-19 18:00:00,3.4243,3.4377,3.4107,3.4202,3374930.4,-0.003990352626714877,-0.001799480364904491,-0.002190872261810386,54.79306540808063,46.14685054981593,72.08549512461003
2025-07-19 19:00:00,3.4202,3.432,3.4108,3.4317,3659888.6,-0.0029030784938419707,-0.002020199990691987,-0.0008828785031499836,61.04319610459123,51.11229906807436,80.90499017762498
2025-07-19 20:00:00,3.4317,3.4445,3.4161,3.4161,5578788.7,-0.003262586469581663,-0.0022686772864699226,-0.0009939091831117405,60.24337874658206,54.15599229424359,72.418151651259
2025-07-19 21:00:00,3.4161,3.4237,3.38,3.4038,7992610.9,-0.004488268371148685,-0.002712595503405675,-0.0017756728677430097,55.79421684028745,54.702067142924875,57.97851623501259
2025-07-19 22:00:00,3.4038,3.4279,3.3933,3.4215,2941478.7,-0.003985446289799022,-0.002967165660684345,-0.001018280629114677,58.463256944782536,55.955797076877424,63.47817668059277
2025-07-19 23:00:00,3.4215,3.433,3.4137,3.4244,2591070.0,-0.0033147401429891588,-0.003036680557145308,-0.00027805958584385063,60.91560879652163,57.60906765009216,67.52869108938057
2025-07-20 00:00:00,3.4243,3.4319,3.4072,3.4272,4642337.6,-0.0025281214793295703,-0.0029349687415821607,0.0004068472622525904,60.42568714058623,58.54794081359018,64.18117979457831
2025-07-20 01:00:00,3.4272,3.4513,3.4208,3.4229,7538548.2,-0.002226034247353237,-0.0027931818427363764,0.0005671475953831395,60.33989240882465,59.14525801200167,62.72916120247062
2025-07-20 02:00:00,3.4229,3.4242,3.3856,3.4053,15426365.2,-0.0033679769089403067,-0.0029081408559771624,-0.0004598360529631442,52.05455192846381,56.781689317489054,42.60027715041332
2025-07-20 03:00:00,3.4053,3.44,3.4026,3.4345,10482576.2,-0.0018949350978312296,-0.0027054997043479763,0.0008105646065167467,60.182230504903906,57.91520304662734,64.71628542145703
2025-07-20 04:00:00,3.4345,3.4438,3.412,3.4229,9403178.6,-0.0016446039341668772,-0.0024933205503117565,0.0008487166161448793,60.17758798503644,58.66933135943037,63.19410123624857
2025-07-20 05:00:00,3.423,3.4242,3.4022,3.4186,7077869.1,-0.001772753547430117,-0.0023492071497354288,0.0005764536023053117,58.164207791800926,58.50095683688722,57.49070970162835
2025-07-20 06:00:00,3.4186,3.4221,3.4023,3.4169,5650933.1,-0.0019885658820673058,-0.0022770788962018043,0.0002885130141344985,54.656402353336624,57.219438675703685,49.530329708602494
2025-07-20 07:00:00,3.4168,3.4584,3.4164,3.4419,11479539.3,-0.00014068590627536182,-0.0018498002982165157,0.0017091143919411539,62.215989847279275,58.88495573289555,68.87805807604673
2025-07-20 08:00:00,3.442,3.5,3.4419,3.4986,14078485.3,0.005831763486795705,-0.0003134875412140717,0.006145251028009776,74.40273449026081,64.0575486520173,95.09310616674784
2025-07-20 09:00:00,3.4986,3.5352,3.4756,3.4879,26644268.6,0.009591012857586012,0.001667412538545945,0.007923600319040066,72.39594064056594,66.83701264820019,83.51379662529746
2025-07-20 10:00:00,3.488,3.5247,3.4856,3.5095,13747976.3,0.01415007133489965,0.004163944297816686,0.009986127037082963,75.8709122987017,69.84831253170069,87.91611183270373
2025-07-20 11:00:00,3.5094,3.5127,3.4842,3.4987,12674444.6,0.016699190411598952,0.00667099352057314,0.010028196891025812,74.76607185828229,71.48756564056121,81.32308429372443
2025-07-20 12:00:00,3.4988,3.5035,3.4777,3.4903,6946161.9,0.01783597384306912,0.008903989585072337,0.008931984257996782,71.92424840677462,71.63312656263236,72.50649209505917
2025-07-20 13:00:00,3.4903,3.525,3.4867,3.5231,9119807.0,0.02113988138803169,0.011351167945664209,0.00978871344236748,78.25025081754895,73.83883464760454,87.07308315743776
2025-07-20 14:00:00,3.523,3.5466,3.4907,3.5385,19091455.1,0.024715992639634532,0.014024132884458274,0.010691859755176258,83.62906534059738,77.10224487860215,96.68270626458784
2025-07-20 15:00:00,3.5386,3.5403,3.5106,3.5183,10045599.4,0.025624729459100326,0.016344252199386684,0.009280477259713642,81.84077986352162,78.68175654024198,88.1588265100809
2025-07-20 16:00:00,3.5182,3.5367,3.501,3.5164,13638761.3,0.025893116090202284,0.018254024977549806,0.007639091112652478,78.279080876859,78.54753131911433,77.74217999234835
2025-07-20 17:00:00,3.5164,3.5248,3.483,3.4998,11854775.4,0.02448409574601973,0.01950003913124379,0.004984056614775939,63.547556265323806,73.54753963451749,43.547589526936434
2025-07-20 18:00:00,3.4999,3.5349,3.4956,3.5343,10405129.8,0.025853278145921976,0.02077068693417943,0.005082591211742548,69.74771772308468,72.28093233070655,64.68128850784092
2025-07-20 19:00:00,3.5343,3.5579,3.5206,3.5234,12312683.6,0.025761859477515525,0.02176892144284665,0.003992938034668877,65.49265969568906,70.01817478570071,56.44162951566577
2025-07-20 20:00:00,3.5235,3.5258,3.4906,3.5088,9691166.9,0.02423198035580132,0.022261533225437585,0.001970447130363734,56.58779141807363,65.54138032982502,38.68061359457084
2025-07-20 21:00:00,3.5087,3.5135,3.4842,3.5052,7196260.1,0.022470029700830896,0.022303232520516247,0.0001667971803146484,47.6050340650975,59.56259824158251,23.68990571212747
2025-07-20 22:00:00,3.5051,3.5078,3.4038,3.4548,25958565.9,0.016813002495930096,0.02120518651559902,-0.004392184019668923,42.768486910800476,53.96456113132183,20.37633846975777
2025-07-20 23:00:00,3.4547,3.4645,3.4308,3.454,6767595.8,0.012125439842563868,0.01938923718099199,-0.007263797338428121,39.371074336813166,49.100065533152275,19.913091944134948
2025-07-21 00:00:00,3.4541,3.458,3.4076,3.4509,11541226.1,0.008067372922205607,0.017124864329234712,-0.009057491407029106,36.43557237855463,44.878567814953065,19.549581505757757
2025-07-21 01:00:00,3.4509,3.4768,3.4254,3.4646,10148350.0,0.005888917381500658,0.014877674939687903,-0.008988757558187245,37.44201472435763,42.39971678475459,27.52661060356371
2025-07-21 02:00:00,3.4646,3.487,3.4646,3.4845,8899505.1,0.005702504437854472,0.013042640839321218,-0.007340136401466746,42.41754042406887,42.40565799785935,42.441305276487896
2025-07-21 03:00:00,3.4845,3.4897,3.4738,3.4785,6746319.0,0.005012836126589093,0.011436679896774795,-0.006423843770185702,44.43669902378978,43.08267167316949,47.144753725030355
2025-07-21 04:00:00,3.4784,3.5077,3.4716,3.5044,7890330.5,0.0064814682345537555,0.010445637564330588,-0.003964169329776833,57.11080481367409,47.758716053337686,75.81498233434691
2025-07-21 05:00:00,3.5045,3.5115,3.488,3.5114,4868995.3,0.008116647598519933,0.009979839571168457,-0.0018631919726485244,70.76909928933485,55.42884379867007,101.44961027066438
2025-07-21 06:00:00,3.5114,3.5694,3.5101,3.5593,23256302.0,0.013126356244378634,0.010609142905810493,0.0025172133385681413,78.47972158741486,63.112469728251675,109.21422530574121
2025-07-21 07:00:00,3.5593,3.5809,3.55,3.5663,12072334.1,0.017460158103734358,0.011979345945395266,0.005480812158339092,82.84491537256775,69.68995160969037,109.15484289832253
2025-07-21 08:00:00,3.5664,3.5797,3.5502,3.5581,8066390.1,0.0200024796960645,0.013583972695529113,0.006418507000535388,84.17781817297936,74.51924046412003,103.49497359069801
2025-07-21 09:00:00,3.5582,3.576,3.5209,3.5457,9814188.9,0.02077720482172385,0.01502261912076806,0.0057545857009557895,81.90632679913521,76.98160257579177,91.7557752458221
2025-07-21 10:00:00,3.5457,3.5535,3.5271,3.5521,6731749.8,0.021657947244143827,0.016349684745443214,0.005308262498700613,79.68303701197713,77.88208072118688,83.28494959355763
2025-07-21 11:00:00,3.552,3.5586,3.5323,3.5329,7095973.5,0.020569549458357095,0.01719365768802599,0.0033758917703311034,71.81674867587132,75.86030337274836,63.72963928211723
2025-07-21 12:00:00,3.5329,3.5483,3.4996,3.5378,11446264.1,0.019873288521250032,0.0177295838546708,0.0021437046665792325,68.06691448778726,73.26250707776133,57.675729307839134
2025-07-21 13:00:00,3.5378,3.5745,3.5158,3.574,11673098.0,0.02198905800333062,0.018581478684402762,0.003407579318927857,76.2354959161494,74.25350335722402,80.19948103400017
2025-07-21 14:00:00,3.574,3.6495,3.573,3.64,29133459.1,0.028661081865322124,0.020597399320586636,0.008063682544735488,82.04447782001687,76.85049484482164,92.4324437704073
2025-07-21 15:00:00,3.6399,3.6487,3.6003,3.604,15980129.2,0.030690034100611108,0.022615926276591532,0.008074107824019575,77.91179553133433,77.20426174032588,79.32686311335124
2025-07-21 16:00:00,3.604,3.6208,3.5419,3.5912,19440501.2,0.03090884244335168,0.024274509509943563,0.006634332933408118,72.31033199976437,75.57295182680538,65.78509234568236
2025-07-21 17:00:00,3.5911,3.6239,3.5725,3.603,8907706.8,0.031669346501699724,0.025753476908294798,0.005915869593404927,71.19999451529767,74.11529938963615,65.36938476662073
2025-07-21 18:00:00,3.6031,3.62,3.5492,3.5531,12134254.1,0.02792365200038649,0.026187511926713137,0.0017361400736733527,59.36348311248887,69.19802729725372,39.69439474295919
2025-07-21 19:00:00,3.5531,3.5831,3.527,3.5465,11226088.3,0.024144277083399057,0.02577886495805032,-0.0016345878746512645,50.00483041388515,62.800295002797526,24.41390123606041
2025-07-21 20:00:00,3.5465,3.5596,3.5214,3.5223,8070822.1,0.018977595571988193,0.024418611080837895,-0.005441015508849702,38.38436326013511,54.66165108857672,5.829787603251901
2025-07-21 21:00:00,3.5222,3.5563,3.5117,3.5516,6619660.6,0.01705067876878008,0.022945024618426336,-0.005894345849646255,35.24124459238813,48.18818225651385,9.347369264136688
2025-07-21 22:00:00,3.5516,3.575,3.5498,3.5658,4493285.8,0.016479439919899086,0.021651907678720887,-0.005172467758821801,36.5807619972476,44.31904217009176,21.104201651559265
2025-07-21 23:00:00,3.5657,3.5673,3.5427,3.5495,3473647.9,0.014543803329808203,0.02023028680893835,-0.005686483479130148,33.5842549568026,40.74077976566204,19.271205339083735
2025-07-22 00:00:00,3.5494,3.5712,3.525,3.5299,8270533.6,0.011298004823841357,0.018443830411918955,-0.0071458255880775985,27.79651459389936,36.426024708407816,10.537494364882448
2025-07-22 01:00:00,3.5299,3.5608,3.4618,3.5494,23197095.4,0.010181803660205713,0.01679142506157631,-0.006609621401370596,36.54458159848274,36.46554367176612,36.70265745191598
2025-07-22 02:00:00,3.5495,3.5744,3.5067,3.5162,13840434.6,0.006542822080032984,0.014741704465267645,-0.008198882385234661,35.82533842764417,36.25214192372547,34.97173143548157
2025-07-22 03:00:00,3.5162,3.5187,3.4732,3.5007,14523545.4,0.002380738823999362,0.01226951133701399,-0.009888772513014628,34.573308883062595,35.69253091017118,32.334864828845426
2025-07-22 04:00:00,3.5006,3.5034,3.4218,3.4229,22092219.8,-0.007113551348949976,0.008392898799821198,-0.015506450148771174,23.28821114397377,31.557757654772043,6.749118122377219
2025-07-22 05:00:00,3.4229,3.4857,3.4222,3.4601,12753591.4,-0.011503510300987507,0.004413616979659457,-0.015917127280646964,23.858807429315846,28.991440912953312,13.593540462040913
2025-07-22 06:00:00,3.4601,3.4836,3.4495,3.4647,7819444.4,-0.014444891128925885,0.0006419153579423887,-0.015086806486868274,25.240075274896366,27.74098570026766,20.238254424153773
2025-07-22 07:00:00,3.4648,3.4994,3.4636,3.4762,8347510.6,-0.015667398716296965,-0.0026199474569054823,-0.013047451259391482,28.709635154867545,28.063868851800958,30.001167761000723
2025-07-22 08:00:00,3.4761,3.4761,3.4261,3.4681,13071955.4,-0.017092811797954965,-0.005514520325115379,-0.011578291472839586,29.25334348900303,28.46036039753498,30.839309671939127
2025-07-22 09:00:00,3.4681,3.4826,3.4297,3.4727,8897195.0,-0.01764784698389299,-0.007941185656870901,-0.009706661327022088,30.620621303721563,29.180447366263838,33.500969178637014
2025-07-22 10:00:00,3.4726,3.4979,3.468,3.4979,5067054.8,-0.01587133213545222,-0.009527214952587166,-0.0063441171828650545,37.036727002830546,31.79920724511941,47.51176651825282
2025-07-22 11:00:00,3.4979,3.5225,3.4869,3.5198,6913383.3,-0.012551597343819942,-0.010132091430833722,-0.0024195059129862202,57.13074087510785,40.24305178844889,90.90611904842577
2025-07-22 12:00:00,3.5198,3.525,3.4978,3.5123,10440675.4,-0.010405917978936419,-0.010186856740454263,-0.00021906123848215546,67.31842673327611,49.26817677005797,103.4189266597124
2025-07-22 13:00:00,3.5122,3.5371,3.4708,3.4777,14857291.5,-0.011366358157686385,-0.010422757023900688,-0.0009436011337856966,60.979908509738436,53.17208734995146,76.59555082931239
2025-07-22 14:00:00,3.4777,3.522,3.4401,3.5197,17440695.3,-0.008638881281690658,-0.010065981875458683,0.001427100593768025,68.76138044793366,58.368518382612194,89.54710457857658
2025-07-22 15:00:00,3.5196,3.528,3.5023,3.5076,6196744.7,-0.007368762575064913,-0.009526538015379931,0.0021577754403150178,70.31539477309691,62.35081051277376,86.24456329374323
2025-07-22 16:00:00,3.5076,3.5313,3.4916,3.5272,6401153.8,-0.004726148060471225,-0.00856646002439819,0.003840311963926965,77.23729020909163,67.31297041154637,97.08592980418214
2025-07-22 17:00:00,3.5272,3.572,3.5075,3.5547,14489212.7,-0.0004081321523372594,-0.006934794449986004,0.006526662297648745,80.77238883463919,71.79944321924398,98.71828006542961
2025-07-22 18:00:00,3.5547,3.5787,3.5475,3.5595,9282272.4,0.0033624858059142504,-0.004875338398805953,0.008237824204720204,82.56398793882147,75.38762479243648,96.91671423159144
2025-07-22 19:00:00,3.5594,3.5707,3.5177,3.5177,8071690.7,0.0029438818039069226,-0.0033114943582633785,0.0062553761621703015,73.70547728869964,74.82690895785754,71.46261395038385
2025-07-22 20:00:00,3.5177,3.553,3.5176,3.5408,4889723.5,0.004425102237617384,-0.0017641750390872263,0.006189277276704611,73.35535907750729,74.33639233107412,71.39329257037363
2025-07-22 21:00:00,3.5408,3.5449,3.513,3.5267,3161782.6,0.004410387737104671,-0.0005292624838488469,0.004939650220953518,69.73089354565899,72.80122606926908,63.59022849843879
2025-07-22 22:00:00,3.5267,3.545,3.5237,3.5266,3600190.2,0.00434062124539647,0.00044471426200021647,0.0038959069833962535,67.29053316704349,70.96432843519388,59.94294263074272
2025-07-22 23:00:00,3.5266,3.5541,3.5252,3.5504,5039216.2,0.006135070618042526,0.0015827855332086786,0.004552285084833848,67.36322570875987,69.76396085971588,62.56175540684785
2025-07-23 00:00:00,3.5504,3.5519,3.5118,3.5169,8095866.7,0.004798698239140364,0.002225968074395016,0.0025727301647453485,54.59117458272476,64.70636543405217,34.36079288006994
2025-07-23 01:00:00,3.5169,3.5269,3.5,3.5168,6782874.9,0.0036890196147680854,0.00251857838246963,0.0011704412322984556,43.50974535925824,57.64082540912086,15.247585259533011
2025-07-23 02:00:00,3.5168,3.5186,3.4948,3.506,7708693.1,0.0019160347140232403,0.002398069648780352,-0.00048203493475711167,33.45623866223083,49.57929649349085,1.2101229997107907
2025-07-23 03:00:00,3.506,3.508,3.488,3.4915,6101222.2,-0.0006515863303095948,0.0017881384529623626,-0.0024397247832719576,23.714880591426695,40.95782452613613,-10.771007277992169
2025-07-23 04:00:00,3.4915,3.5107,3.482,3.5102,6174955.7,-0.001164091862703387,0.0011976923898292127,-0.0023617842525325995,28.847368383188794,36.92100581182035,12.70009352592568
2025-07-23 05:00:00,3.5101,3.5102,3.4895,3.4923,8386054.1,-0.0029802817600179665,0.00036209755985977684,-0.0033423793198777436,23.993483684030622,32.61183176922378,6.756787513644312
2025-07-23 06:00:00,3.4923,3.4923,3.4687,3.4824,7416317.7,-0.005159002827600734,-0.0007421225176323252,-0.004416880309968408,21.343040644935346,28.85556806112763,6.317985812550781
2025-07-23 07:00:00,3.4825,3.4837,3.4607,3.4678,6096239.7,-0.007971858332657344,-0.0021880696806373294,-0.005783788652020015,16.762598117323027,24.82457807985943,0.6386381922502196
2025-07-23 08:00:00,3.4677,3.474,3.4565,3.474,4483180.7,-0.009590228220292651,-0.003668501388568394,-0.005921726831724258,17.289670582757672,22.312942247492177,7.243127253288662
2025-07-23 09:00:00,3.4739,3.4755,3.4416,3.4491,8714918.7,-0.012735216272197203,-0.005481844365294156,-0.007253371906903047,14.457279411560945,19.694387968848435,3.9830622969859633
2025-07-23 10:00:00,3.4491,3.4543,3.4304,3.4506,11340245.0,-0.01493444946075817,-0.0073723653843869585,-0.007562084076371212,17.272351051395876,18.887042329697582,14.042968494792468
2025-07-23 11:00:00,3.4505,3.4567,3.4367,3.4504,6280226.1,-0.016503256665918897,-0.009198543640693347,-0.00730471302522555,19.81710078395261,19.19706181444926,21.057178722959314
2025-07-23 12:00:00,3.4504,3.4504,3.3069,3.3459,32708772.2,-0.02588049015525007,-0.012534932943604693,-0.013345557211645376,19.590203270426986,19.328108966441835,20.114391878397292
2025-07-23 13:00:00,3.346,3.3696,3.2204,3.2634,62528732.8,-0.03951358773059299,-0.017930663901002356,-0.021582923829590636,18.00607524216638,18.887431058350018,16.243363609799104
2025-07-23 14:00:00,3.2634,3.3449,3.2499,3.3038,26824276.3,-0.04652170021576918,-0.02364887116395572,-0.02287282905181346,22.22839734790983,20.00108648820329,26.68301906732291
2025-07-23 15:00:00,3.3038,3.3311,3.2649,3.3224,17537631.2,-0.04999846412619746,-0.028918789756404068,-0.021079674369793393,27.731958530711882,22.578043835706154,38.03978792072334
2025-07-23 16:00:00,3.3224,3.3224,3.2269,3.2296,19992226.6,-0.059555490390764465,-0.03504612988327615,-0.024509360507488316,19.690115304284845,21.61540099189905,15.839543929056433
2025-07-23 17:00:00,3.2297,3.2473,3.1597,3.2403,43148266.8,-0.0655109327303447,-0.04113909045268986,-0.024371842277654834,21.63423773082786,21.62167990487532,21.65935338273293
2025-07-23 18:00:00,3.2404,3.2635,3.2325,3.2508,9785651.8,-0.06859270740972745,-0.04662981384409738,-0.021962893565630068,24.647292045018787,22.630217284923145,28.681441565210072
2025-07-23 19:00:00,3.2508,3.2533,3.1816,3.1838,14088235.9,-0.07557024931055745,-0.0524179009373894,-0.023152348373168048,19.136354068171922,21.465596212672736,14.477869779170291
2025-07-23 20:00:00,3.1838,3.2161,3.02,3.1467,53499650.6,-0.08313532915524702,-0.058561386580960925,-0.024573942574286092,22.570146826117092,21.833779750487523,24.042880977376228
2025-07-23 21:00:00,3.1468,3.176,3.0487,3.1369,32107499.7,-0.08889674123692393,-0.06462845751215353,-0.024268283724770398,26.19283625173631,23.28679858423712,32.00491158673469
2025-07-23 22:00:00,3.1369,3.1989,3.1,3.1747,25044459.2,-0.08938221518995393,-0.06957920904771361,-0.019803006142240315,33.333441055071575,26.635679407848603,46.72896434951752
2025-07-23 23:00:00,3.1747,3.2037,3.1717,3.1838,19550463.6,-0.0880180456068298,-0.07326697635953686,-0.014751069247292942,39.772920844814685,31.014759886837297,57.28924276076947
2025-07-24 00:00:00,3.1839,3.2302,3.15,3.2231,21851076.5,-0.08281115438806497,-0.07517581196524248,-0.007635342422822489,48.90284670077593,36.97745549148351,72.75362911936077
2025-07-24 01:00:00,3.2231,3.2322,3.1842,3.2311,10139663.4,-0.07714978771366976,-0.07557060711492794,-0.0015791805987418195,61.49991285869661,45.15160794722121,94.19652268164742
2025-07-24 02:00:00,3.2311,3.2373,3.1938,3.1977,8817520.6,-0.07449943162730754,-0.07535637201740386,0.0008569403900963168,65.32574614946648,51.876320681302964,92.22459708579352
2025-07-24 03:00:00,3.1977,3.2303,3.1851,3.192,8407291.4,-0.07202864629893435,-0.07469082687370995,0.002662180574775602,68.12543671001727,57.2926926908744,89.79092474830303
2025-07-24 04:00:00,3.192,3.1965,3.1161,3.1253,22786131.6,-0.07459280427472281,-0.07467122235391252,7.841807918970711e-05,61.56974197602935,58.71837578592605,67.27247435623595
2025-07-24 05:00:00,3.1253,3.1308,3.0318,3.036,32749209.7,-0.08287534622983106,-0.07631204712909623,-0.006563299100734832,41.72775985749888,53.05483714311699,19.073605286262662
2025-07-24 06:00:00,3.0361,3.1028,2.9555,3.0126,33813313.3,-0.09028673555386346,-0.07910698481404968,-0.011179750739813782,34.57270576731297,46.89412668451565,9.929863932907608
2025-07-24 07:00:00,3.0125,3.08,2.9655,3.075,25161815.0,-0.09008669316609552,-0.08130292648445886,-0.008783766681636662,37.18379106985761,43.6573481462963,24.23667691698023
2025-07-24 08:00:00,3.075,3.11,3.055,3.1013,13977056.7,-0.08680533011965519,-0.08240340721149814,-0.004401922908157052,42.03546799973005,43.11672143077422,39.87296113764171
2025-07-24 09:00:00,3.1014,3.1198,3.0875,3.1155,10974689.5,-0.08211246357193502,-0.08234521848358552,0.0002327549116504929,46.94959754512405,44.39434680222416,52.06009903092382
2025-07-24 10:00:00,3.1155,3.1312,3.0652,3.1037,14512450.0,-0.0784412722474026,-0.08156442923634893,0.0031231569889463295,48.82989493308721,45.872862845845184,54.74395910757126
2025-07-24 11:00:00,3.1038,3.1788,3.0959,3.1685,25268345.8,-0.06950183434644552,-0.07915191025836826,0.00965007591192274,58.39023563224735,50.045320441312576,75.0800660141169
2025-07-24 12:00:00,3.1684,3.1802,3.1375,3.1614,10142300.8,-0.06227233930328646,-0.0757759960673519,0.013503656764065439,67.40538530393255,55.832008728852564,90.55213845409251
2025-07-24 13:00:00,3.1615,3.1925,3.1317,3.1348,13853831.8,-0.058020486043793174,-0.07222489406264015,0.014204408018846981,70.15492634889455,60.606314602199895,89.25214984228386
2025-07-24 14:00:00,3.1348,3.2488,3.1185,3.243,22536621.2,-0.0453967208285917,-0.06685925941583047,0.021462538587238775,79.44411841829925,66.88558254089968,104.56119017309842
2025-07-24 15:00:00,3.243,3.2651,3.21,3.2261,20995766.3,-0.036337113086441164,-0.060754830149952616,0.02441771706351145,81.95696012043273,71.90937506741069,102.0521302264768
2025-07-24 16:00:00,3.2261,3.2317,3.1686,3.1958,13930171.2,-0.031242125674939558,-0.054852289254950004,0.023610163580010446,76.97654234904942,73.59843082795693,83.73276539123441
2025-07-24 17:00:00,3.1958,3.243,3.1923,3.2277,7882594.0,-0.024349561455957236,-0.04875174369515146,0.02440218223919422,78.41457667358675,75.20381277650021,84.83610446775984
2025-07-24 18:00:00,3.2276,3.2521,3.2156,3.2377,8417169.2,-0.017874195626772504,-0.04257623408147567,0.024702038454703167,81.04076664015336,77.14946406438459,88.8233717916909
2025-07-24 19:00:00,3.2377,3.2603,3.2087,3.2087,8684225.6,-0.014910599086792597,-0.03704310708253906,0.02213250799574646,76.24939998232446,76.84944270369787,75.04931453957764
2025-07-24 20:00:00,3.2087,3.2426,3.2082,3.2287,7914288.3,-0.010823330013169485,-0.03179915166866514,0.020975821655495656,75.88977734155873,76.5295542496515,74.61022352537319
2025-07-24 21:00:00,3.2288,3.2306,3.183,3.1832,7677099.3,-0.011127340510893369,-0.027664789437110787,0.01653744892621742,65.30441727272624,72.78784192400974,50.33756797015923
2025-07-24 22:00:00,3.1833,3.1966,3.1715,3.1775,6120620.0,-0.011693418929214161,-0.024470515335531465,0.012777096406317304,56.95146690396397,67.50905025066115,35.83630021056962
2025-07-24 23:00:00,3.1775,3.1775,3.126,3.1453,9843212.2,-0.014572330294801983,-0.02249087832738557,0.007918548032583586,42.592614648173516,59.2035717164986,9.370700511523353
2025-07-25 00:00:00,3.1454,3.1566,3.092,3.1065,10715380.5,-0.019756977885563742,-0.021944098239021204,0.002187120353457462,31.266932245147956,49.89135855938172,-5.981920383319576
2025-07-25 01:00:00,3.1065,3.1618,3.0992,3.149,5982131.0,-0.02020355958333342,-0.021595990507883647,0.001392430924550228,32.133985727306,43.972234282023145,8.457488617871704
2025-07-25 02:00:00,3.149,3.1553,3.0676,3.0756,11048927.2,-0.02617847618889879,-0.022512487644086678,-0.003665988544812114,22.80650077720763,36.91698978041797,-5.414477229213048
2025-07-25 03:00:00,3.0756,3.1071,3.0447,3.0689,16162652.6,-0.031095821379140354,-0.024229154391097414,-0.00686666698804294,18.945830450111213,30.926603336982385,-5.0157153236311345
2025-07-25 04:00:00,3.0689,3.1187,3.0467,3.1143,10634664.7,-0.030972421498228986,-0.02557780781252373,-0.005394613685705256,24.353646104352393,28.73561759277239,15.5897031275124
2025-07-25 05:00:00,3.1144,3.118,3.0705,3.0761,9384519.9,-0.03357007205878837,-0.02717626066177666,-0.006393811397011711,21.866031238296912,26.4457554746139,12.706582765662937
2025-07-25 06:00:00,3.0762,3.0897,3.045,3.0733,9728300.6,-0.03544606526653382,-0.028830221582728095,-0.006615843683805727,20.853412969485625,24.58164130623781,13.396956295981255
2025-07-25 07:00:00,3.0732,3.1045,3.0353,3.0745,13989034.1,-0.0364161902553195,-0.030347415317246378,-0.006068774938073125,23.091211084204676,24.084831232226765,21.103970788160503
2025-07-25 08:00:00,3.0745,3.1095,3.0632,3.0804,9374933.2,-0.03629060510117377,-0.03153605327403186,-0.004754551827141906,27.278198693817643,25.149287052757057,31.536021975938816
2025-07-25 09:00:00,3.0805,3.1433,3.0658,3.1351,11129843.8,-0.031415111261302364,-0.03151186487148597,9.675361018360307e-05,44.48322600668214,31.593933370732085,70.26181127858223
2025-07-25 10:00:00,3.1351,3.145,3.1095,3.1286,8593414.4,-0.027755791457855672,-0.03076065018875991,0.003004858730904239,55.57215067112145,39.58667247086188,87.54310707164059
2025-07-25 11:00:00,3.1287,3.1534,3.1262,3.1346,6052798.9,-0.024093865213470345,-0.029427293193702,0.0053334279802316545,65.07519612904001,48.082847023587924,99.05989433994417
2025-07-25 12:00:00,3.1346,3.1523,3.0971,3.1231,8457656.2,-0.021867639634952418,-0.027915362481952085,0.006047722846999667,68.16472290623555,54.77680565113713,94.94055741643238
2025-07-25 13:00:00,3.1231,3.1383,3.0947,3.1196,7552412.3,-0.020153444214347616,-0.026362978828431194,0.006209534614083578,69.23654403176081,59.596718444678366,88.51619520592571
2025-07-25 14:00:00,3.1197,3.122,3.0,3.0057,27581352.1,-0.027666784620262952,-0.026623739986797547,-0.001043044633465405,47.396287937731906,55.529908275696215,31.129047261803294
2025-07-25 15:00:00,3.0057,3.0461,2.9981,3.0375,20238172.7,-0.030701261751731934,-0.027439244339784424,-0.00326201741194751,40.05427566743838,50.37136407294361,19.420098856427927
2025-07-25 16:00:00,3.0375,3.0634,3.0254,3.0587,7825339.8,-0.03103766107978645,-0.02815892768778483,-0.00287873339200162,39.709933509994336,46.81755388529385,25.49469275939532
2025-07-25 17:00:00,3.0586,3.0716,3.0487,3.0603,5394347.7,-0.0308198809398883,-0.028691118338205524,-0.002128762601682776,39.823793406748706,44.486300392445465,30.49877943535519
2025-07-25 18:00:00,3.0602,3.0774,3.0554,3.0709,5006426.9,-0.02945244771415778,-0.028843384213395978,-0.0006090635007618035,42.174866349294156,43.715822378061695,39.092954291759085
2025-07-25 19:00:00,3.071,3.0976,3.0654,3.0707,5112552.4,-0.028061410882441074,-0.028686989547205,0.0006255786647639261,43.69932064410981,43.710321800077736,43.67731833217397
2025-07-25 20:00:00,3.0708,3.133,3.0708,3.1218,7773164.0,-0.02257542577631,-0.027464676793026,0.004889251016716001,55.873044718208966,47.764562772788146,72.0900086090506
2025-07-25 21:00:00,3.1218,3.149,3.1218,3.1398,7631075.4,-0.01658412205183346,-0.025288565844787492,0.008704443792954032,68.54977887332777,54.692968139634694,96.26340034071391
2025-07-25 22:00:00,3.1399,3.1507,3.1345,3.1444,5307835.7,-0.011334136261410777,-0.022497679928112153,0.011163543666701376,77.65703912656103,62.34765846861014,108.27580044246282
2025-07-25 23:00:00,3.1444,3.145,3.1321,3.1423,3603885.8,-0.0072592569525449235,-0.019449995332998706,0.012190738380453783,83.2698303657196,69.32171576764664,111.16605956186552
2025-07-26 00:00:00,3.1422,3.1443,3.1243,3.135,4580182.4,-0.004566297300840461,-0.016473255726567056,0.011906958425726595,84.66991085301758,74.43778079610361,105.13417096684552
2025-07-26 01:00:00,3.135,3.1396,3.1088,3.1119,4608028.3,-0.004247126094509834,-0.014028029800155613,0.009780903705645778,77.10020200658681,75.32525453293134,80.65009695389776
2025-07-26 02:00:00,3.112,3.1635,3.112,3.1517,5808334.3,-0.0007737341112648011,-0.011377170662377452,0.010603436551112651,81.0948617755907,77.24845694715113,88.78767143246986
2025-07-26 03:00:00,3.1516,3.1529,3.1354,3.144,2465050.7,0.001342156862631061,-0.00883330515737575,0.01017546202000681,80.77068257006766,78.42253215478998,85.46698340062304
2025-07-26 04:00:00,3.144,3.1576,3.1389,3.1485,3672115.4,0.0033435853252261616,-0.006397927060855367,0.009741512386081529,81.78671178889078,79.54392536615691,86.27228463435853
2025-07-26 05:00:00,3.1484,3.1766,3.1412,3.1719,5335831.4,0.006740219188225094,-0.0037702978110392754,0.01051051699926437,85.54709006181697,81.54498026471026,93.55130965603041
2025-07-26 06:00:00,3.1719,3.1734,3.1532,3.1576,3715451.6,0.008183847209797701,-0.00137946880687188,0.009563316016669581,81.02352710119159,81.37116254353737,80.32825621650005
2025-07-26 07:00:00,3.1575,3.1662,3.1525,3.1551,1744132.8,0.009022201389550677,0.0007008652324126314,0.008321336157138046,76.77871324936861,79.84034611214777,70.6554475238103
2025-07-26 08:00:00,3.1552,3.1794,3.1541,3.1749,3057552.1,0.011155701656996975,0.0027918325173295,0.008363869139667475,82.39449627389459,80.69172949939671,85.80002982289034
2025-07-26 09:00:00,3.175,3.1981,3.1715,3.1939,6032150.7,0.014215786463036562,0.005076623306470913,0.009139163156565648,86.69524835579536,82.6929024515296,94.69994016432688
2025-07-26 10:00:00,3.1938,3.2111,3.1932,3.1999,8397817.1,0.016929918018047108,0.007447282248786152,0.009482635769260957,87.36292709088002,84.24957733131308,93.58962661001391
2025-07-26 11:00:00,3.2,3.2026,3.1776,3.1855,5950404.7,0.017714722877180122,0.009500770374464947,0.008213952502715175,80.30271757621861,82.93395741294826,75.04023790275932
2025-07-26 12:00:00,3.1856,3.199,3.1779,3.1904,3408568.1,0.018518604486162715,0.011304337196804501,0.007214267289358214,77.31169168054457,81.05986883548036,69.81533737067298
2025-07-26 13:00:00,3.1905,3.1985,3.1782,3.1874,3381266.0,0.018698071792503157,0.012783084115944233,0.0059149876765589235,73.57260132064904,78.56411299720325,63.589577967540635
2025-07-26 14:00:00,3.1874,3.1975,3.1778,3.1811,3422079.0,0.018123032539151485,0.013851073800585685,0.0042719587385658,65.3168877973837,74.14837126393007,47.65392086429097
2025-07-26 15:00:00,3.1811,3.1928,3.1761,3.1921,3627622.8,0.018343465801748948,0.014749552200818338,0.0035939136009306098,66.07018913454701,71.45564388746905,55.29927962870292
2025-07-26 16:00:00,3.1921,3.2181,3.1845,3.192,7437810.7,0.01829915037157015,0.0154594718349687,0.002839678536601449,63.78637608969802,68.89922128821205,53.56068569266995
2025-07-26 17:00:00,3.192,3.1946,3.1651,3.1727,4043364.4,0.016516291839418162,0.015670835835858595,0.0008454560035595672,47.30412494030182,61.70085583890864,18.51066314308818
2025-07-26 18:00:00,3.1727,3.182,3.1584,3.1753,4341174.4,0.015138652911499406,0.015564399250986759,-0.0004257463394873526,40.972152528598784,54.79128806880535,13.33388144818565
2025-07-26 19:00:00,3.1752,3.1962,3.1729,3.1911,2092291.0,0.015147184772400735,0.015480956355269556,-0.000333771582868821,45.572724801310414,51.71843364630704,33.28130711131716
2025-07-26 20:00:00,3.1911,3.192,3.1684,3.1829,1794108.1,0.014327120734389798,0.015250189231093605,-0.0009230684967038074,44.06132518859001,49.16606416040136,33.8518472449673
2025-07-26 21:00:00,3.1828,3.1953,3.1718,3.1925,1672222.0,0.014287160354359951,0.015057583455746875,-0.0007704231013869241,48.41385945012636,48.91532925697636,47.41091983642637
2025-07-26 22:00:00,3.1924,3.2098,3.1802,3.1819,3774787.3,0.01324745167650887,0.014695557099899274,-0.0014481054233904042,45.397067662451725,47.74257539213482,40.70605220308555
2025-07-26 23:00:00,3.1819,3.1821,3.1637,3.1662,2468878.2,0.011029475342847928,0.013962340748489005,-0.002932865405641078,34.619820652689754,43.368323812319794,17.122814333429673
2025-07-27 00:00:00,3.1662,3.1833,3.1564,3.1815,3862887.2,0.01038656539091587,0.01324718567697438,-0.0028606202860585097,36.640118144472844,41.125588589704144,27.66917725401025
2025-07-27 01:00:00,3.1815,3.2025,3.1751,3.187,4044342.8,0.010203242033807847,0.012638396948341074,-0.002435154914533227,43.527869025154054,41.926348734854116,46.730909605753936
2025-07-27 02:00:00,3.187,3.2064,3.1773,3.1981,2260957.4,0.010828806445945194,0.0122764788478619,-0.0014476724019167053,55.04854189691928,46.30041312220917,72.5447994463395
2025-07-27 03:00:00,3.1982,3.2049,3.1825,3.1994,2577937.6,0.011299219515898962,0.012081026981469312,-0.0007818074655703503,63.54047612104219,52.04710078848685,86.52722678615287
2025-07-27 04:00:00,3.1994,3.2195,3.1917,3.2096,4016399.7,0.012352685943743946,0.01213535877392424,0.0002173271698197067,70.46385676954846,58.18601944884072,95.01953141096395
2025-07-27 05:00:00,3.2097,3.2387,3.2057,3.2226,7123975.9,0.014074317065916109,0.012523150432322615,0.0015511666335934933,73.78837919913995,63.386806032273796,94.59152553287225
2025-07-27 06:00:00,3.2226,3.2232,3.1986,3.2016,3348228.6,0.013587568605328837,0.01273603406692386,0.0008515345384049761,67.49925968480528,64.75762391645095,72.98253122151394
2025-07-27 07:00:00,3.2016,3.2048,3.1858,3.1897,3795439.6,0.012102081137856047,0.0126092434811103,-0.0005071623432542534,58.486748254835796,62.6673320292459,50.1255807060156
2025-07-27 08:00:00,3.1897,3.1931,3.1732,3.1848,4629228.3,0.010409439034988921,0.012169282591886025,-0.0017598435568971036,50.493798148019316,58.60948740217037,34.262419639717194
2025-07-27 09:00:00,3.1848,3.1906,3.1674,3.1711,3641252.0,0.007871791358554425,0.011309784345219707,-0.0034379929866652816,35.39231236983421,50.87042905805831,4.436078993386005
2025-07-27 10:00:00,3.1711,3.21,3.1704,3.2026,3700142.3,0.008306719345866131,0.010709171345348992,-0.002402451999482861,40.05116289826241,47.26400700479301,25.625474685201212
2025-07-27 11:00:00,3.2026,3.2148,3.1743,3.1802,5538135.3,0.0067659168362568245,0.00992052044353056,-0.0031546036072737354,32.68487998734088,42.40429799897563,13.246043964071376
2025-07-27 12:00:00,3.1802,3.1977,3.163,3.1947,6544168.7,0.006638326074184242,0.009264081569661296,-0.002625755495477054,35.748528534052944,40.18570817733473,26.874169247489363
2025-07-27 13:00:00,3.1947,3.2077,3.1836,3.1861,5279470.5,0.005776671476273254,0.008566599550983689,-0.0027899280747104346,34.00408287122695,38.12516640863214,25.76191579641656
2025-07-27 14:00:00,3.1861,3.2018,3.1712,3.1803,4972374.7,0.004573076888436667,0.007767895018474285,-0.003194818130037618,32.24856909023108,36.16630063583179,24.413105999029654
2025-07-27 15:00:00,3.1803,3.1878,3.1675,3.1866,5960563.1,0.004080538941972911,0.007030423803174011,-0.0029498848612011,36.685661246769264,36.33942083947761,37.37814206135258
2025-07-27 16:00:00,3.1866,3.2288,3.1841,3.196,12517872.1,0.00439800307004834,0.006503939656548877,-0.0021059365865005375,41.17443272580981,37.95109146825501,47.62111524091941
2025-07-27 17:00:00,3.1961,3.2099,3.1768,3.2055,11067332.5,0.005354443591246927,0.006274040443488487,-0.0009195968522415603,48.979510368371585,41.627231101627196,63.68406890186036
2025-07-27 18:00:00,3.2055,3.2147,3.1958,3.2129,4839789.9,0.006633085668069416,0.006345849488404673,0.0002872361796647429,57.93162899938036,47.06203040087825,79.67082619638457
2025-07-27 19:00:00,3.2129,3.2173,3.199,3.2088,4674419.1,0.007232214524062641,0.0065231224955362675,0.0007090920285263737,61.82270707354845,51.98225595843498,81.50360930377538
2025-07-27 20:00:00,3.2089,3.231,3.1946,3.2024,6112524.0,0.00710865776423919,0.006640229549276852,0.00046842821496233776,60.52886353922841,54.83112515203279,71.92434031361965
2025-07-27 21:00:00,3.2025,3.2188,3.1893,3.2157,3837640.2,0.007991812351110017,0.006910546109643486,0.0010812662414665308,65.6544129631602,58.43888775574192,80.08546337799673
2025-07-27 22:00:00,3.2158,3.2515,3.2134,3.2346,10117291.1,0.010100360106053419,0.007548508908925473,0.002551851197127946,70.39659276909087,62.42478942685824,86.34019945355612
2025-07-27 23:00:00,3.2345,3.2439,3.2072,3.2389,5986835.5,0.011980272334501052,0.00843486159404059,0.0035454107404604626,75.26439517939394,66.70465801103681,92.3838695161082
2025-07-28 00:00:00,3.239,3.2864,3.2237,3.262,13045055.8,0.015159345763233745,0.009779758427879221,0.005379587335354524,76.08867221205338,69.832662744709,88.60069114674215
2025-07-28 01:00:00,3.2621,3.2695,3.2224,3.2446,7637582.2,0.016089282543428673,0.011041663250989112,0.005047619292439562,71.34621943090667,70.33718164010823,73.36429501250356
2025-07-28 02:00:00,3.2447,3.2928,3.237,3.269,10236656.6,0.018580950590095124,0.012549520718810315,0.0060314298712848095,73.23242325989592,71.30226218003746,77.09274541961284
2025-07-28 03:00:00,3.2689,3.2798,3.2494,3.2693,6289268.5,0.020345295064376767,0.014108675587923607,0.0062366194764531604,74.58651083670993,72.39701173226162,78.96550904560658
2025-07-28 04:00:00,3.2693,3.2755,3.25,3.2724,5143776.8,0.021743054466570655,0.01563555136365302,0.0061075031029176365,76.48762558196124,73.76054968216148,81.94177738156074
2025-07-28 05:00:00,3.2725,3.3308,3.2645,3.3192,13886105.9,0.02632371434616365,0.017773183960155148,0.008550530386008504,81.59245710175507,76.37118548869267,92.03500032787986
2025-07-28 06:00:00,3.3192,3.3255,3.2846,3.2898,9536428.1,0.027267265940190022,0.019672000356162123,0.007595265584027899,76.67113105597052,76.47116734445196,77.07105847900763
2025-07-28 07:00:00,3.2898,3.2942,3.2596,3.2737,10720229.0,0.026411447206846628,0.021019889726299024,0.005391557480547603,69.04828370290157,73.9968727972685,59.15110551416771
2025-07-28 08:00:00,3.2736,3.2777,3.25,3.2637,8496420.3,0.02464222800315241,0.0217443573816697,0.0028978706214827094,58.73206613403773,68.9086039095249,38.3789905830634
2025-07-28 09:00:00,3.2638,3.2642,3.2388,3.2533,8567288.4,0.0221456348606206,0.021824612877459883,0.00032102198316071723,48.656555774475315,62.15792119784171,21.65382492774252
2025-07-28 10:00:00,3.2533,3.2577,3.2319,3.2389,5526378.8,0.018788524736293777,0.02121739524922666,-0.0024288705129328833,34.79698932319255,53.03761057295865,-1.6842531763396522
2025-07-28 11:00:00,3.2389,3.2497,3.2241,3.2448,6410921.0,0.01641485128006881,0.02025688645539509,-0.003842035175326282,29.664722029269935,45.24664772506241,-1.499129362315017
2025-07-28 12:00:00,3.2449,3.2495,3.2253,3.23,8028804.8,0.013187444996359154,0.018842998163587907,-0.005655553167228752,21.61965536096909,37.37098360369797,-9.883001124488672
2025-07-28 13:00:00,3.23,3.2309,3.1728,3.1914,17593582.0,0.007429363776969566,0.01656027128626424,-0.009130907509294673,18.33715420689073,31.026373804762226,-7.0412849888522615
2025-07-28 14:00:00,3.1914,3.2011,3.1405,3.1556,15903610.9,-2.2458987816609266e-05,0.01324372523144807,-0.01326618421926468,14.945490191981266,25.666079267168573,-6.495687958393347
2025-07-28 15:00:00,3.1556,3.1807,3.146,3.1601,10328843.5,-0.005501551364925028,0.00949466991217345,-0.014996221277098478,14.214364964248636,21.84884116619526,-1.0545874396446138
2025-07-28 16:00:00,3.1601,3.1856,3.1466,3.1704,9140723.0,-0.00890993939411322,0.005813748050916117,-0.014723687445029337,16.740577614649734,20.146086649013416,9.929559545922366
2025-07-28 17:00:00,3.1705,3.1818,3.1543,3.1577,5594100.1,-0.012491896517902834,0.0021526191371523265,-0.01464451565505516,15.795254383897523,18.695809227308118,9.994144697076337
2025-07-28 18:00:00,3.1577,3.1608,3.1141,3.1427,15349840.8,-0.016352496583346365,-0.001548404006947412,-0.014804092576398954,17.168981102728342,18.186866519114858,15.133210269955313
2025-07-28 19:00:00,3.1426,3.1632,3.1314,3.1607,7475110.7,-0.01775493257099159,-0.004789709719756247,-0.012965222851235341,22.901247972123674,19.75832700345113,29.187089909468767
2025-07-28 20:00:00,3.1607,3.164,3.1111,3.1416,9214137.5,-0.020175018514918985,-0.007866771478788795,-0.01230824703613019,22.613356066194203,20.71000335769882,26.420061483184973
2025-07-28 21:00:00,3.1416,3.1624,3.1307,3.1437,7002180.9,-0.021673661137484146,-0.010628149410527865,-0.01104551172695628,24.146244055259114,21.85541692355225,28.727898318672835
2025-07-28 22:00:00,3.1436,3.1583,3.1076,3.1329,6461602.0,-0.023462356512571336,-0.01319499083093656,-0.010267365681634777,25.117103879976572,22.942645909027025,29.46601982187567
2025-07-28 23:00:00,3.133,3.1459,3.1073,3.1235,4234964.7,-0.025346236290630042,-0.015625239922875258,-0.009720996367754784,23.641287644122304,23.17552648739212,24.572809957582677
2025-07-29 00:00:00,3.1235,3.1482,3.0788,3.1253,9188372.8,-0.02638977473451476,-0.01777814688520316,-0.0086116278493116,30.273967043647104,25.541673339477114,39.738554451987085
2025-07-29 01:00:00,3.1253,3.142,3.1143,3.1162,3415465.4,-0.027632549586737554,-0.01974902742551004,-0.007883522161227514,32.286204566314886,27.789850415089706,41.27891286876524
2025-07-29 02:00:00,3.1162,3.1346,3.0948,3.1098,7624872.4,-0.02880187404831691,-0.021559596750071415,-0.007242277298245496,33.65246188615034,29.744054238776584,41.46927718089785
2025-07-29 03:00:00,3.1098,3.1437,3.1094,3.1406,4905471.2,-0.026932804905129615,-0.022634238381083055,-0.00429856652404656,46.61337834663541,35.36716227472953,69.10581049044715
2025-07-29 04:00:00,3.1407,3.1469,3.1222,3.1253,3968840.2,-0.026382020762687475,-0.02338379485740394,-0.002998225905283536,49.26807382733441,40.00079945893116,67.80262256414092
2025-07-29 05:00:00,3.1252,3.1483,3.1234,3.1464,3007970.3,-0.023966654032709478,-0.023500366692465045,-0.0004662873402444326,59.799130557935825,46.60024315859939,86.1969053566087
2025-07-29 06:00:00,3.1463,3.1636,3.1375,3.1539,7215584.4,-0.021202857830787014,-0.023040864920129443,0.0018380070893424284,69.38652729019618,54.195671202464986,99.7682394656586
2025-07-29 07:00:00,3.154,3.1823,3.1528,3.1753,6805771.6,-0.017088739919528084,-0.021850439920009172,0.004761700000481088,77.33658985207921,61.90931075233639,108.19114805156487
2025-07-29 08:00:00,3.1754,3.1856,3.1658,3.1748,4681005.6,-0.013710570730712579,-0.020222466082149854,0.006511895351437275,81.52027338453216,68.44629829640165,107.66822356079317
2025-07-29 09:00:00,3.1748,3.176,3.1492,3.1605,7529354.6,-0.01204835189923914,-0.018587643245567713,0.006539291346328573,78.46579165429891,71.78612941570073,91.82511613149526
2025-07-29 10:00:00,3.1605,3.1627,3.1133,3.1182,6983125.5,-0.013983099516754915,-0.017666734499805156,0.00368363498305024,60.90083613957655,68.15769832365933,46.387111771410986
2025-07-29 11:00:00,3.1181,3.1415,3.1134,3.1376,3870576.8,-0.013791997513192378,-0.0168917871024826,0.003099789589290223,52.9365154316337,63.08397069298412,32.64160490893288
2025-07-29 12:00:00,3.1376,3.1703,3.1356,3.1625,7282439.4,-0.011498775174068498,-0.01581318471679978,0.004314409542731282,57.97427446479593,61.380738616921384,51.16134616054502
2025-07-29 13:00:00,3.1626,3.1749,3.1329,3.14,5669616.1,-0.011365922627187608,-0.014923732298877345,0.003557809671689737,50.95933650350158,57.906937912448115,37.06413368560851
2025-07-29 14:00:00,3.1401,3.1414,3.0867,3.1038,13769901.8,-0.01402005897789671,-0.01474299763468122,0.0007229386567845098,39.73628837341633,51.85005473277085,15.508755654707286
2025-07-29 15:00:00,3.1037,3.1169,3.0768,3.0987,14336115.6,-0.016346575389673212,-0.01506371318567962,-0.001282862203993592,33.200417739140306,45.63350906822734,8.334235080966238
2025-07-29 16:00:00,3.0987,3.1079,3.0533,3.1072,14440743.9,-0.017304996220670166,-0.015511969792677731,-0.0017930264279924345,35.71385873967381,42.3269589587095,22.487658301602437
2025-07-29 17:00:00,3.1072,3.1523,3.1056,3.147,8661954.5,-0.014683759023066845,-0.015346327638755554,0.0006625686156887089,49.264278551252154,44.63939882289038,58.514038007975714
2025-07-29 18:00:00,3.1471,3.1624,3.1341,3.1406,4995285.8,-0.012973288181376663,-0.014871719747279777,0.0018984315659031133,56.77377342013301,48.68419035530459,72.95293954978986
2025-07-29 19:00:00,3.1406,3.1488,3.1152,3.12,3908821.2,-0.013128636801917448,-0.014523103158207313,0.0013944663562898644,56.133173508158855,51.167184739589345,66.06515104529788
2025-07-29 20:00:00,3.1201,3.1307,3.094,3.1173,6319897.7,-0.013316119204883847,-0.014281706367542621,0.000965587162658774,54.96597532122873,52.43344826680248,60.03102943008123
2025-07-29 21:00:00,3.1174,3.1336,3.0972,3.1249,3071496.3,-0.012704988674958173,-0.013966362829025733,0.00126137415406756,56.271176529941876,53.71269102118228,61.388147547461074
2025-07-29 22:00:00,3.125,3.128,3.1063,3.1252,2633318.7,-0.012057464884561053,-0.013584583240132798,0.0015271183555717448,59.4817314965882,55.635704512984255,67.17378546379611
2025-07-29 23:00:00,3.1253,3.1374,3.1211,3.128,3144968.1,-0.011189376844967125,-0.013105541961099663,0.0019161651161325385,62.47758573955259,57.916331588507035,71.6000940416437
2025-07-30 00:00:00,3.1281,3.1321,3.103,3.1219,2869478.0,-0.01086834630859057,-0.012658102830597845,0.0017897565220072742,62.61108832377143,59.48125050026184,68.87076397079062
2025-07-30 01:00:00,3.1218,3.145,3.0932,3.132,4101748.7,-0.009687272853496243,-0.012063936835177525,0.0023766639816812825,60.430513603130954,59.79767153455154,61.69619774028979
2025-07-30 02:00:00,3.1319,3.1462,3.1221,3.1403,3260613.0,-0.007989425868981215,-0.011249034641938264,0.0032596087729570497,62.974870340430265,60.856737803177786,67.21113541493521
2025-07-30 03:00:00,3.1403,3.15,3.1301,3.1382,2294169.0,-0.006735677651837246,-0.01034636324391806,0.003610685592080814,68.3916975978455,63.368391068067034,78.43831065740245
2025-07-30 04:00:00,3.1381,3.147,3.1129,3.1195,2882252.2,-0.007168374317586768,-0.009710765458651802,0.0025423911410650344,61.02873736569983,62.588506500611295,57.9091990958769
2025-07-30 05:00:00,3.1195,3.1339,3.1042,3.1338,2709672.9,-0.006284950060637229,-0.009025602379048888,0.0027406523184116596,64.51211599027876,63.22970966383378,67.07692864316873
2025-07-30 06:00:00,3.1338,3.1432,3.1295,3.1389,4401114.6,-0.005114347579430412,-0.008243351419125194,0.0031290038396947824,69.82732615314364,65.42891516027039,78.62414813889015
2025-07-30 07:00:00,3.1388,3.1453,3.11,3.1202,5235775.3,-0.005630663611767783,-0.007720813857653712,0.0020901502458859286,62.39662119129773,64.41815050394617,58.353562566000875
2025-07-30 08:00:00,3.1201,3.1408,3.109,3.1261,6838068.5,-0.005500362342381937,-0.0072767235545993575,0.0017763612122174205,60.90525919795446,63.24718673528226,56.22140412329885
2025-07-30 09:00:00,3.1262,3.1289,3.0913,3.0982,6959785.8,-0.00756123328696745,-0.007333625501072976,-0.00022760778589447396,44.5217344113563,57.00536929397361,19.554464646121673
2025-07-30 10:00:00,3.0982,3.1196,3.085,3.0899,3649516.9,-0.009751816126320367,-0.007817263626122456,-0.0019345525001979117,32.19397678705811,48.734905125001774,-0.8878798888292181
2025-07-30 11:00:00,3.0899,3.1024,3.0436,3.0518,12049470.9,-0.014396269164260289,-0.009133064733750022,-0.005263204430510267,24.03157349713649,40.50046124904668,-8.906202006683898
2025-07-30 12:00:00,3.0517,3.084,3.0403,3.0777,11106426.7,-0.015804928733424095,-0.010467437533684837,-0.005337491199739258,27.70489779534195,36.2352734311451,10.644146523735643
2025-07-30 13:00:00,3.0776,3.0996,3.0702,3.0873,10459503.7,-0.015962654279254362,-0.011566480882798744,-0.004396173396455618,33.39056678419621,35.28703788216214,29.597624588264352
2025-07-30 14:00:00,3.0873,3.1496,3.0773,3.1488,8480504.7,-0.010998334928787656,-0.011452851691996526,0.00045451676320886966,55.34973436726227,41.974603377195514,82.09999634739579
2025-07-30 15:00:00,3.1488,3.1537,3.1252,3.1435,9497196.7,-0.00740636580886278,-0.010643554515369778,0.0032371887065069972,67.23491991327181,50.394708889220944,100.91534196137353
2025-07-30 16:00:00,3.1436,3.1621,3.1293,3.1371,7801994.1,-0.005018283269790036,-0.00951850026625383,0.004500216996463795,71.31479608886981,57.3680712891039,99.20824568840165
2025-07-30 17:00:00,3.1371,3.1503,3.1225,3.1314,4033176.7,-0.003544790872854975,-0.00832375838757406,0.004778967514719085,72.47477922071347,62.403640599640426,92.61705646285958
2025-07-30 18:00:00,3.1315,3.1478,3.0491,3.0504,15532824.6,-0.0088114872470757,-0.00842130415947439,-0.00039018308760131043,51.08061362388013,58.629298274387,35.9832443228664
2025-07-30 19:00:00,3.0504,3.1176,3.001,3.0978,32449579.6,-0.009056203924917572,-0.008548284112563026,-0.0005079198123545455,54.08270993092109,57.11376882656503,48.02059213963322
2025-07-30 20:00:00,3.0979,3.1168,3.09,3.0923,5982792.8,-0.009583475351432558,-0.008755322360336933,-0.0008281529910956244,54.946097951050604,56.391211868060225,52.05587011703136
2025-07-30 21:00:00,3.0923,3.0997,3.0625,3.0788,4390229.1,-0.010964289428030849,-0.009197115773875717,-0.0017671736541551315,52.72839387508488,55.17027253706845,47.844636551117745
2025-07-30 22:00:00,3.0788,3.0892,3.0662,3.083,2733841.5,-0.011586131916213827,-0.00967491900234334,-0.001911212913870487,52.118949941138766,54.153165005091886,48.050519813232526
2025-07-30 23:00:00,3.0829,3.1038,3.0812,3.0966,3923599.4,-0.010856394470588171,-0.009911214095992306,-0.0009451803745958651,54.526641156703725,54.27765705562916,55.02460935885284
2025-07-31 00:00:00,3.0967,3.1273,3.0872,3.127,4371781.9,-0.0077358720334674835,-0.009476145683487341,0.001740273650019858,62.42185760540019,56.992390572219506,73.28079167176156
2025-07-31 01:00:00,3.127,3.1365,3.1158,3.1282,3181375.1,-0.005107133690612997,-0.008602343284912474,0.003495209594299477,70.01376798609623,61.332849710178415,87.37560453793184
2025-07-31 02:00:00,3.1281,3.1376,3.1217,3.1362,3211957.5,-0.002351203265976043,-0.007352115281125188,0.005000912015149145,77.37520953841472,66.68030298625719,98.7650226427298
2025-07-31 03:00:00,3.1363,3.1466,3.1309,3.1398,4848880.8,0.00012197530906377096,-0.005857297163087396,0.005979272472151167,83.36002980216666,72.24021192489369,105.59966555671264
2025-07-31 04:00:00,3.1399,3.1438,3.1306,3.1402,2518236.5,0.0020901696307156215,-0.004267803804326793,0.006357973435042415,86.37002383164668,76.95014922714468,105.20977304065067
2025-07-31 05:00:00,3.1402,3.1497,3.1363,3.1422,3053996.3,0.0037679267815176054,-0.0026606576871579138,0.00642858446867552,88.04637674403347,80.64889173277427,102.84134676655185
2025-07-31 06:00:00,3.1422,3.148,3.1333,3.1474,4327148.5,0.005454284357996997,-0.0010376692781269316,0.006491953636123929,91.11275415670097,84.13684587408318,105.06457072193655
2025-07-31 07:00:00,3.1475,3.155,3.1412,3.1549,4980342.7,0.007311638193038927,0.0006321922161062403,0.006679445976932687,94.0300023194629,87.43456468920975,107.2208775799692
2025-07-31 08:00:00,3.1549,3.172,3.1543,3.16,4278012.7,0.009090344038807263,0.002323822580646445,0.006766521458160818,91.30302041423312,88.72404993088419,96.46096138093097
2025-07-31 09:00:00,3.1601,3.1784,3.1565,3.1695,4182717.9,0.011138158088467964,0.004086689682210749,0.007051468406257215,89.46292947743352,88.9703431130673,90.44810220616594
2025-07-31 10:00:00,3.1696,3.1772,3.1602,3.1713,3926028.9,0.012759229972520991,0.005821197740272798,0.006938032232248193,88.80127103316266,88.91398575309908,88.57584159328982
2025-07-31 11:00:00,3.1712,3.1754,3.148,3.1515,5072307.8,0.012304409027292351,0.007117839997676709,0.005186569029615642,73.7754638129035,83.86781177303389,53.5907678926427
2025-07-31 12:00:00,3.1516,3.1525,3.1212,3.1346,7083585.0,0.010459698497243597,0.007786211697590088,0.0026734867996535093,56.9925003507934,74.90937463228705,21.158751787806096
2025-07-31 13:00:00,3.1345,3.1351,3.084,3.1129,8837664.4,0.007164159495100186,0.007661801257092107,-0.000497641761991921,48.19980249374919,66.0061839194411,12.587039642365369
2025-07-31 14:00:00,3.1129,3.1249,3.0809,3.0811,7171557.8,0.0019637895134199113,0.0065221989083576685,-0.004558409394937757,32.20157773087552,54.73798185658591,-12.871230520545268
2025-07-31 15:00:00,3.081,3.1029,3.0763,3.1011,5252945.2,-0.0005375122045738756,0.00511025668577136,-0.005647768890345236,29.564355770959242,46.34677316137702,-4.000479009876315
2025-07-31 16:00:00,3.1011,3.1366,3.0963,3.1218,5873483.3,-0.0008398139812975103,0.003920242552357587,-0.004760056533655097,34.56428811109985,42.41927814461797,18.854308044063615
2025-07-31 17:00:00,3.1218,3.1225,3.08,3.086,4531087.1,-0.00392293002880173,0.0023516080361257233,-0.006274538064927454,26.209688646054826,37.016081645096925,4.596902647970623
2025-07-31 18:00:00,3.086,3.1001,3.0688,3.0845,6332134.4,-0.006413429154010775,0.0005986005980984238,-0.007012029752109198,22.300924042019275,32.11102911073771,2.6807139045824044
2025-07-31 19:00:00,3.0846,3.0901,3.0525,3.0579,6453384.6,-0.01041352471759005,-0.0016038244650392712,-0.008809700252550779,16.33188806489917,26.851315428791533,-4.706966662885556
2025-07-31 20:00:00,3.0578,3.0673,3.0444,3.0514,8374369.0,-0.013947348595408027,-0.004072529291113023,-0.009874819304295004,13.046420597074354,22.24968381821914,-5.360105845215216
2025-07-31 21:00:00,3.0514,3.0675,3.029,3.0493,10098997.5,-0.016724591250731002,-0.00660294168303662,-0.010121649567694383,14.986337399288784,19.828568345242356,5.301875507381638
2025-07-31 22:00:00,3.0493,3.0495,3.0161,3.027,11115598.0,-0.020488817362442457,-0.009380116818917789,-0.011108700543524669,13.006105984034937,17.554414224839885,3.909489502425039
2025-07-31 23:00:00,3.027,3.0433,3.0108,3.0224,6434707.4,-0.023571458135294154,-0.012218385082193063,-0.011353073053101091,11.744399219881283,15.61774255652035,3.9977125466031502
2025-08-01 00:00:00,3.0223,3.026,2.9292,2.9868,32521577.9,-0.028557897964334167,-0.015486287658621284,-0.013071610305712883,17.08707296111665,16.10751935805245,19.046180167245055
2025-08-01 01:00:00,2.9869,2.9988,2.9368,2.986,16172779.8,-0.03220302434931632,-0.018829634996760294,-0.013373389352556029,21.186174179630505,17.800404298578467,27.957713941734582
2025-08-01 02:00:00,2.9859,3.024,2.9774,3.0191,8951315.6,-0.032051450726731545,-0.021473998142754545,-0.010577452583977,31.658736755603105,22.419848450920014,50.13651336496929
2025-08-01 03:00:00,3.0191,3.0243,2.994,2.9983,4692952.2,-0.03322669702554171,-0.02382453791931198,-0.009402159106229727,35.42113421991524,26.753610373918423,52.75618191190886
2025-08-01 04:00:00,2.9982,2.9982,2.9734,2.9859,5357386.9,-0.03475799601149765,-0.026011229537749116,-0.008746766473748533,37.280033080811215,30.26241794288269,51.31526335666826
2025-08-01 05:00:00,2.986,2.997,2.9518,2.959,7591910.0,-0.037707498111475335,-0.02835048325249436,-0.009357014858980973,32.035808990485435,30.853548292083605,34.400330387289095
2025-08-01 06:00:00,2.959,2.9672,2.9351,2.9626,7425322.4,-0.03930146701474557,-0.030540680004944608,-0.008760787009800965,30.6118471684977,30.772981250888304,30.28957900371649
2025-08-01 07:00:00,2.9625,2.9719,2.9388,2.9558,8646568.1,-0.0406448732265412,-0.032561518649263925,-0.008083354577277276,28.178859257526124,29.908273919767577,24.720029933043214
2025-08-01 08:00:00,2.9558,2.9558,2.892,2.9157,22134804.2,-0.04443307042123523,-0.034935829003658186,-0.009497241417577046,24.681428559743853,28.165992133093003,17.71230141304556
2025-08-01 09:00:00,2.9157,2.9418,2.9128,2.9223,6828356.9,-0.04636817568293283,-0.03722229833951311,-0.00914587734341972,24.088450483517803,26.806811583234605,18.6517282840842
2025-08-01 10:00:00,2.9223,2.9591,2.9197,2.9527,6171269.1,-0.04493080031038321,-0.03876399873368713,-0.006166801576696079,31.352491806346222,28.322038324271812,37.41339877049504
2025-08-01 11:00:00,2.9527,2.9721,2.94,2.9707,6111252.1,-0.04185672216595959,-0.03938254342014162,-0.0024741787458179704,40.730333413855355,32.45813668746633,57.2747268666334
2025-08-01 12:00:00,2.9706,3.0081,2.9668,2.9938,13191022.6,-0.03712852165775349,-0.03893173906766399,0.0018032174099105042,56.38123289892959,40.43250209128741,88.27869451421394
2025-08-01 13:00:00,2.9938,3.018,2.93,2.9575,15678218.6,-0.03589670049995375,-0.03832473135412195,0.002428030854168199,54.91553092732877,45.26017836996786,74.22623604205057
2025-08-01 14:00:00,2.9575,3.0585,2.9357,3.0531,18293257.0,-0.026896308419057213,-0.036039046767109,0.009142738348051786,68.86260620380479,53.12765431458016,100.33250998225405
2025-08-01 15:00:00,3.0532,3.059,3.0092,3.0436,9515891.1,-0.02029604330246837,-0.032890446074180874,0.012594402771712504,76.167885173794,60.80773126765144,106.88819298607915
2025-08-01 16:00:00,3.0435,3.0526,3.0053,3.0119,7189411.4,-0.017422376407106643,-0.02979683214076603,0.012374455733659386,74.71072584440553,65.44206279323613,93.24805194674431
2025-08-01 17:00:00,3.0118,3.0323,2.9852,3.002,7232776.6,-0.015762125974477126,-0.02698989090750825,0.011227764933031126,70.14458786343856,67.00957114997027,76.41462129037512
2025-08-01 18:00:00,3.0019,3.0307,2.9742,3.01,9441748.5,-0.013643557960600017,-0.024320624318126607,0.01067706635752659,68.37109877663063,67.46341369219039,70.18646894551114
2025-08-01 19:00:00,3.01,3.0321,2.9968,3.0141,8722311.4,-0.011501163557014138,-0.021756732165904114,0.010255568608889976,67.31199866762451,67.41294201733508,67.11011196820337
2025-08-01 20:00:00,3.0142,3.0222,2.9557,3.008,10136562.0,-0.01017819171879708,-0.019441024076482707,0.009262832357685626,65.02970453810623,66.6185295242588,61.8520545658011
2025-08-01 21:00:00,3.0079,3.029,2.9914,2.9956,5021467.8,-0.010014858321689246,-0.017555790925524013,0.007540932603834767,60.30404075150232,64.51369993333998,51.884722387827
2025-08-01 22:00:00,2.9955,2.9992,2.8959,2.925,18394602.6,-0.01540466995276768,-0.01712556673097275,0.0017208967782050694,46.14996544684248,58.392455104507484,21.664986131512464
2025-08-01 23:00:00,2.9249,2.971,2.9177,2.9613,5561931.6,-0.016556178553154055,-0.01701168909540901,0.00045551054225495546,44.13267673975068,53.639195649588544,25.119638920074948
2025-08-02 00:00:00,2.9614,2.986,2.9478,2.9787,6306186.1,-0.015881649068520076,-0.016785681090031226,0.0009040320215111496,47.03505826470505,51.437816521294046,38.229541751527066
2025-08-02 01:00:00,2.9787,2.9835,2.9608,2.9772,1881247.6,-0.015291842217954876,-0.016486913315615956,0.0011950710976610796,51.22474070041912,51.36679124766906,50.94063960591923
2025-08-02 02:00:00,2.9772,2.9808,2.9701,2.9765,1384506.3,-0.014711317281267622,-0.01613179410874629,0.0014204768274786693,53.875720427788025,52.20310097437539,57.2209593346133
2025-08-02 03:00:00,2.9765,2.9838,2.9734,2.9834,1447461.2,-0.01353841236185449,-0.015613117759367932,0.002074705397513442,57.33173334441867,53.91264509772315,64.16990983780973
2025-08-02 04:00:00,2.9834,3.0206,2.9794,3.0191,4212358.3,-0.009617322611751522,-0.014413958729844651,0.004796636118093129,69.0751500533039,58.96681341625007,89.29182332741156
2025-08-02 05:00:00,3.019,3.0203,3.0042,3.0108,6713878.1,-0.00709775289173642,-0.012950717562223005,0.005852964670486585,74.8254569100664,64.25302791418885,95.97031490182152
2025-08-02 06:00:00,3.0107,3.012,2.9456,2.9692,5962223.1,-0.008361363477003891,-0.012032846745179182,0.0036714832681752907,69.47732946637409,65.99446176491726,76.44306486928772
2025-08-02 07:00:00,2.9692,2.9945,2.9467,2.9924,3952960.5,-0.007405373326122344,-0.011107352061367814,0.0037019787352454703,70.51647037311237,67.50179796764895,76.54581518403918
2025-08-02 08:00:00,2.9924,3.0023,2.9737,2.9776,3497695.9,-0.0077526132554757154,-0.010436404300189396,0.0026837910447136803,61.23320247096367,65.41226613542052,52.87507514204995
2025-08-02 09:00:00,2.9776,2.9849,2.9545,2.9668,3204460.0,-0.008797856923710157,-0.010108694824893549,0.0013108379011833923,50.24435720286465,60.356296491235234,30.020478626123477
2025-08-02 10:00:00,2.9669,2.9704,2.933,2.9437,4307793.0,-0.011359254590574963,-0.010358806778029831,-0.0010004478125451317,37.56777542595861,52.76012280280969,7.1830806722564375
2025-08-02 11:00:00,2.9436,2.962,2.93,2.9404,4492114.3,-0.013499845302898716,-0.01098701448300361,-0.0025128308198951073,28.871526516496232,44.79725737403854,-2.979935198588379
2025-08-02 12:00:00,2.9404,2.9454,2.9235,2.9387,4119985.8,-0.01515871443303407,-0.011821354473009702,-0.003337359960024369,24.465672672514717,38.020062473530594,-2.6431069295170317
2025-08-02 13:00:00,2.9387,2.9466,2.9184,2.9392,3716520.0,-0.016245763302136673,-0.012706236238835097,-0.0035395270633015764,23.114504712654533,33.05154321990524,3.2404276981531126
2025-08-02 14:00:00,2.9393,2.9411,2.8714,2.8789,13625990.0,-0.02172255927306166,-0.01450950084568041,-0.00721305842738125,17.187763691793357,27.76361671053461,-3.963942345689148
2025-08-02 15:00:00,2.8788,2.8942,2.822,2.83,15944722.8,-0.029666800455148135,-0.017540960767573957,-0.012125839687574178,12.937525581920292,22.821586334329837,-6.8305959228987945
2025-08-02 16:00:00,2.83,2.8527,2.8117,2.8443,13055172.5,-0.03441209710259274,-0.020915188034577713,-0.013496909068015029,14.326311213410307,19.989827960689993,2.9992777188509336
2025-08-02 17:00:00,2.8442,2.8658,2.8082,2.8239,10746170.9,-0.03936511188788261,-0.024605172805238693,-0.014759939082643916,12.512579480888938,17.497411800756307,2.5429148411542
2025-08-02 18:00:00,2.824,2.8332,2.7418,2.7605,28725178.7,-0.04785462362122539,-0.029255062968436035,-0.018599560652789355,11.068462144447965,15.35442858198686,2.4965292693701784
2025-08-02 19:00:00,2.7605,2.8182,2.7547,2.7794,13491994.2,-0.05245290633400135,-0.0338946316415491,-0.018558274692452248,13.070770100537189,14.593209088170303,10.02589212527096
2025-08-02 20:00:00,2.7793,2.8013,2.7762,2.7979,6000792.2,-0.05398201209091713,-0.03791210773142271,-0.016069904359494423,17.844706108691426,15.677041428344012,22.180035469386254
2025-08-02 21:00:00,2.7979,2.8176,2.7791,2.7997,6446617.0,-0.05442126005327674,-0.04121393819579351,-0.013207321857483231,21.320298864127622,17.558127240271883,28.8446421118391
2025-08-02 22:00:00,2.7998,2.8179,2.7829,2.798,5090522.9,-0.05428082743058571,-0.04382731604275195,-0.010453511387833757,23.613097720758105,19.57645073376729,31.686391694739733
2025-08-02 23:00:00,2.798,2.7991,2.7387,2.7695,12407105.3,-0.055825721217018565,-0.04622699707760528,-0.009598724139413282,22.344423132166654,20.499108199900412,26.035052996699136
2025-08-03 00:00:00,2.7695,2.7944,2.728,2.7854,14925417.5,-0.05513154146317456,-0.04800790595471914,-0.00712363550845542,28.78113936919478,23.259785256331867,39.82384759492061
2025-08-03 01:00:00,2.7853,2.8061,2.775,2.7989,6156965.9,-0.05288246568494159,-0.04898281790076363,-0.0038996477841779648,36.33788584941964,27.619152120694462,53.775353306869995
2025-08-03 02:00:00,2.7989,2.8292,2.7986,2.8271,6700628.7,-0.04826814744632735,-0.048839883809876375,0.0005717363635490275,55.625764203795605,36.954689481728174,92.96791364793047
2025-08-03 03:00:00,2.8271,2.8411,2.8165,2.8358,6521008.7,-0.04340885939674166,-0.04775367892724944,0.004344819530507776,68.85513664278973,47.588171868748695,111.38906619087182
2025-08-03 04:00:00,2.8357,2.8361,2.8142,2.8247,3508289.8,-0.03999250711405544,-0.046201444564610644,0.006208937450555202,74.40327706631017,56.52654026793585,110.15675066305879
2025-08-03 05:00:00,2.8247,2.8449,2.8239,2.8345,3422548.0,-0.036078356384155796,-0.04417682692851968,0.008098470544363884,79.9700204679307,64.34103366793413,111.22799406792385
2025-08-03 06:00:00,2.8345,2.8442,2.8255,2.8389,3072016.4,-0.03224956756290487,-0.04179137505539672,0.009541807492491852,84.93581632564077,71.20596122050301,112.3955265359163
2025-08-03 07:00:00,2.8389,2.8698,2.8389,2.8652,7524018.3,-0.026784282103943013,-0.03878995646510598,0.012005674361162968,88.87587566984422,77.09593270361675,112.43576160229915
2025-08-03 08:00:00,2.8652,2.8775,2.8496,2.8672,7804070.3,-0.022037585153429795,-0.035439482202770746,0.013401897049340951,90.287373077555,81.4930794949295,107.875960242806
2025-08-03 09:00:00,2.8672,2.8714,2.8509,2.8658,3794028.7,-0.018179203381335274,-0.03198742643848365,0.013808223057148378,89.72003733625623,84.23539877537173,100.68931445802522
2025-08-03 10:00:00,2.8658,2.8755,2.864,2.8686,3353033.2,-0.01472572246722903,-0.028535085644232728,0.013809363177003698,89.38665775944749,85.952485103397,96.25500307154849
2025-08-03 11:00:00,2.8686,2.894,2.868,2.8694,7241084.4,-0.011788371637461825,-0.02518574284287855,0.013397371205416723,82.64874928324072,84.85123983001158,78.24376818969901
2025-08-03 12:00:00,2.8694,2.8823,2.8585,2.8766,5390729.8,-0.008778329002887553,-0.02190426007488035,0.013125931071992798,81.16432909609519,83.62226958537279,76.24844811754
2025-08-03 13:00:00,2.8766,2.8837,2.866,2.8754,3822881.4,-0.006415722049840866,-0.018806552469872454,0.012390830420031588,78.59837821812901,81.94763912962486,71.8998563951373
2025-08-03 14:00:00,2.8754,2.8955,2.8598,2.8855,6500830.5,-0.0036858650689652883,-0.01578241498969102,0.012096549920725733,80.9703473835145,81.62187521425473,79.66729172203404
2025-08-03 15:00:00,2.8856,2.9032,2.8769,2.8951,6211521.0,-0.0007392721059549245,-0.012773786412943803,0.012034514306988878,83.11449804831487,82.11941615894143,85.10466182706173
2025-08-03 16:00:00,2.8951,2.9205,2.8856,2.9187,7656549.3,0.0034603579602889845,-0.009526957538297246,0.01298731549858623,87.89673635755065,84.04518955847784,95.59982995569626
2025-08-03 17:00:00,2.9186,2.93,2.9026,2.9159,6536519.5,0.006487870314636268,-0.006323991967710544,0.012811862282346813,85.98931180684582,84.69323030793383,88.5814748046698
2025-08-03 18:00:00,2.9159,2.917,2.8949,2.9167,5736148.9,0.008849734748217486,-0.003289246624524938,0.012138981372742424,84.45907500409767,84.61517853998845,84.14686793231613
2025-08-03 19:00:00,2.9167,2.9237,2.9052,2.9163,5811718.8,0.010567437825829806,-0.0005179097344539894,0.011085347560283796,83.25243694911875,84.16093134303189,81.43544816129244
2025-08-03 20:00:00,2.9163,2.9237,2.9015,2.9173,4181475.6,0.011872562028223399,0.001960184618081488,0.00991237741014191,82.9142120453332,83.74535824379899,81.25191964840161
2025-08-03 21:00:00,2.9173,2.9352,2.9109,2.929,5378533.6,0.013693128716386838,0.004306773437742558,0.00938635527864428,85.86853747319287,84.45308465359695,88.69944311238473
2025-08-03 22:00:00,2.9289,2.9432,2.914,2.9424,8790438.2,0.016032397446811952,0.006651898239556437,0.009380499207255515,90.25928077749234,86.38848336156207,98.00087560935287
2025-08-03 23:00:00,2.9424,2.9625,2.9393,2.948,9376921.3,0.018129176110856626,0.008947353813816476,0.00918182229704015,87.85976973951203,86.87891215421206,89.82148491011196
2025-08-04 00:00:00,2.9481,3.0189,2.9312,3.0166,11371883.2,0.025037715792249227,0.012165426209503026,0.0128722895827462,91.33136937372821,88.36306456071743,97.26797899974977
2025-08-04 01:00:00,3.0167,3.0312,2.9948,2.998,13478550.3,0.028681298553542955,0.015468600678311012,0.013212697875231943,86.1015683327912,87.60923248474201,83.08624002888959
2025-08-04 02:00:00,2.998,3.016,2.9832,3.0145,7797092.3,0.03252534432317722,0.018879949407284255,0.013645394915892964,86.65025073983583,87.28957190310662,85.37160841329424
2025-08-04 03:00:00,3.0144,3.0164,2.9933,2.9983,3757027.5,0.033874094207384076,0.02187877836730422,0.011995315840079856,82.64475723956156,85.74130034859161,76.45167102150145
2025-08-04 04:00:00,2.9984,3.009,2.9856,2.9881,4298819.8,0.033731102302334115,0.0242492431543102,0.009481859148023915,77.35299416073575,82.94519828597299,66.16858591026124
2025-08-04 05:00:00,2.9881,2.9892,2.9661,2.9842,6887845.3,0.03292356047014611,0.02598410661747738,0.0069394538526687255,71.87899804675261,79.25646487289953,57.1240643944588
2025-08-04 06:00:00,2.9843,2.9906,2.9669,2.9826,5307060.9,0.031788038402532415,0.02714489297448839,0.004643145428044025,67.43013976723212,75.31435650434372,51.66170629300893
2025-08-04 07:00:00,2.9826,3.019,2.9809,3.0119,6145675.5,0.032873449450384395,0.02829060426966759,0.004582845180716805,71.85342651148798,74.16071317339181,67.23885318768032
2025-08-04 08:00:00,3.0119,3.0241,3.0041,3.0083,6754545.9,0.03306203702975141,0.029244890821684355,0.003817146208067057,73.60228434099203,73.97457022925856,72.85771256445898
2025-08-04 09:00:00,3.0083,3.0122,2.9894,2.991,6196091.9,0.0314529585004264,0.029686504357432766,0.0017664541429936315,61.817805536083824,69.92231533153365,45.60878594518417
2025-08-04 10:00:00,2.991,3.0032,2.9848,2.9856,3291090.3,0.029403076934711336,0.029629818872888482,-0.00022674193817714614,52.41876690911331,64.08779919072687,29.08070234588618
2025-08-04 11:00:00,2.9856,2.9987,2.9767,2.9925,5539636.4,0.02801239391958177,0.02930633388222714,-0.0012939399626453706,50.11825839917915,59.431285593544295,31.492204010448845
2025-08-04 12:00:00,2.9925,3.0058,2.9796,3.0036,4460445.7,0.027489067979868942,0.0289428807017555,-0.0014538127218865597,54.96389640405058,57.942155863713054,49.00737748472562
2025-08-04 13:00:00,3.0036,3.0549,2.9948,3.0516,13721883.0,0.030594848876335234,0.02927327433667145,0.0013215745396637849,68.73719219729503,61.54050130824038,83.13057397540433
2025-08-04 14:00:00,3.0515,3.0813,3.0264,3.0356,19756005.5,0.03140314047469106,0.029699247564275374,0.0017038929104156858,65.84227731567921,62.974426644053324,71.57797865893099
2025-08-04 15:00:00,3.0356,3.0471,3.0179,3.0313,6433970.5,0.031335526878249365,0.030026503427070174,0.0013090234511791907,61.29446913460824,62.41444080757163,59.05452578868146
2025-08-04 16:00:00,3.0312,3.0743,3.0312,3.0719,8779642.2,0.03416419968014539,0.03085404267768522,0.003310157002460172,71.2007741968133,65.34321860398552,82.91588538246884
2025-08-04 17:00:00,3.072,3.0899,3.0559,3.0584,9279491.9,0.03491413763399409,0.031666061668947,0.003248075965047094,71.52489775665047,67.40377832154051,79.76713662687038
2025-08-04 18:00:00,3.0584,3.0652,3.0396,3.0447,4977104.8,0.03401093645670761,0.03213503662649912,0.0018758998302084856,67.70682229713096,67.50479298007066,68.11088093125156
2025-08-04 19:00:00,3.0446,3.0518,3.0372,3.0492,2232084.0,0.03327468554622115,0.032362966410443526,0.0009117191357776236,66.48652699667382,67.16537098560504,65.12883901881136
2025-08-04 20:00:00,3.0492,3.0628,3.0405,3.0491,2977824.7,0.03231067488363282,0.03235250810508138,-4.183322144856588e-05,65.3276755982661,66.55280585649206,62.87741508181418
2025-08-04 21:00:00,3.0491,3.078,3.0482,3.0703,3958703.9,0.03287835114646365,0.032457676713357836,0.000420674433105811,70.01515562141678,67.7069224448003,74.63162197464973
2025-08-04 22:00:00,3.0703,3.0867,3.0662,3.0866,4196462.8,0.03424871458718348,0.032815884288122966,0.0014328302990605155,78.48232596983327,71.2987236198113,92.84953066987723
2025-08-04 23:00:00,3.0867,3.0867,3.0677,3.0716,3052686.1,0.03373548121923253,0.03299980367434488,0.0007356775448876529,77.18266175766665,73.26003633242975,85.02791260814044
2025-08-05 00:00:00,3.0715,3.0919,3.0567,3.0903,5530288.7,0.03444066326748452,0.03328797559297281,0.0011526876745117098,83.9098030608498,76.80995857523642,98.10949203207653
2025-08-05 01:00:00,3.0903,3.1072,3.0545,3.0558,6917327.9,0.031848533382012434,0.03300008715078073,-0.0011515537687682986,64.79701156437609,72.80564290494965,48.77974888322899
2025-08-05 02:00:00,3.0559,3.0635,3.0465,3.0621,3314552.1,0.02995728024231825,0.032391525769088235,-0.0024342455267699833,55.055150566726944,66.88881212554209,31.387827449096648
2025-08-05 03:00:00,3.0621,3.0624,3.034,3.038,5607861.3,0.026211628577403,0.03115554633075119,-0.0049439177533481884,38.5249273359236,57.43418386233592,0.7064142830989653
2025-08-05 04:00:00,3.038,3.0458,3.0256,3.0341,4081448.9,0.02266718207551932,0.02945787347970482,-0.006790691404185499,29.155507112838013,48.00795827916995,-8.549395219825854
2025-08-05 05:00:00,3.0341,3.0416,3.0289,3.0414,3650328.6,0.020214214792555474,0.027609141742274954,-0.00739492694971948,25.89125310790507,40.63572322208166,-3.5976871204481142
2025-08-05 06:00:00,3.0414,3.0548,3.0165,3.0223,5524074.6,0.016538366182911268,0.025394986630402218,-0.00885662044749095,19.392404681271444,33.55461704181159,-8.932020039808847
2025-08-05 07:00:00,3.0223,3.0344,2.9958,3.0042,7297464.4,0.012026081760164953,0.022721205656354767,-0.010695123896189814,15.44173477853762,27.516989620720267,-8.708774905827674
2025-08-05 08:00:00,3.0041,3.0387,2.9992,3.0332,6148633.4,0.010667157135390681,0.02031039595216195,-0.009643238816771267,21.48539350286704,25.506457581435857,13.443265345729408
2025-08-05 09:00:00,3.0331,3.0646,3.0331,3.0606,4881026.8,0.011666664541788219,0.018581649670087203,-0.0069149851282989845,33.7131827421866,28.242032635019438,44.655482956520935
2025-08-05 10:00:00,3.0607,3.0799,3.0509,3.074,4471891.9,0.01338574681697935,0.01754246909946563,-0.0041567222824862825,53.47030256534199,36.651455945126955,87.10799580577205
2025-08-05 11:00:00,3.0741,3.08,3.0593,3.0627,4563537.3,0.013678637524698889,0.016769702784512286,-0.003091065259813397,62.13142894696588,45.14478027907327,96.10472628275112
2025-08-05 12:00:00,3.0628,3.0654,3.0122,3.0264,8508675.8,0.010856501896562953,0.01558706260692242,-0.004730560710359467,53.534966883092125,47.94150914707956,64.72188235511726
2025-08-05 13:00:00,3.0265,3.044,3.0222,3.0376,6121972.5,0.009415153448347535,0.014352680775207443,-0.004937527326859908,52.237879743122306,49.37363267909381,57.9663738711793
2025-08-05 14:00:00,3.0376,3.0389,2.9592,2.9768,21032575.3,0.0033284541974851756,0.01214783545966299,-0.008819381262177814,39.68176530336185,46.14301022051649,26.759275469052568
2025-08-05 15:00:00,2.9768,2.9945,2.9568,2.9713,9633045.2,-0.00191700480757806,0.009334867406214779,-0.011251872213792839,30.37767037540139,40.88789693881146,9.35721724858125
2025-08-05 16:00:00,2.9713,2.9912,2.9617,2.9689,6230255.2,-0.006196301694080031,0.006228633586155817,-0.012424935280235848,23.525589774077172,35.10046121723337,0.37584688776478004
2025-08-05 17:00:00,2.9689,2.9935,2.9682,2.9894,3259534.1,-0.007843086414910605,0.0034142895859425332,-0.011257376000853138,24.504072836397743,31.568331756954823,10.375554995283586
2025-08-05 18:00:00,2.9893,2.9902,2.9526,2.9775,4605216.3,-0.009993210211402648,0.0007327896264734974,-0.010725999837876145,22.850962215369325,28.662541909759657,11.227802826588665
2025-08-05 19:00:00,2.9775,2.9846,2.9453,2.9464,3672432.3,-0.01404480908088912,-0.002222730114999026,-0.011822078965890093,15.506184659293508,24.277089492937606,-2.035625007994689
2025-08-05 20:00:00,2.9464,2.9684,2.9354,2.9385,4979530.0,-0.017689283305348358,-0.005316040753068893,-0.012373242552279465,11.132328234400772,19.895502406758663,-6.394020110315012
2025-08-05 21:00:00,2.9385,2.9543,2.9331,2.9358,3760609.5,-0.020558437944963703,-0.008364520191447854,-0.012193917753515849,8.233094085933525,16.008032966483615,-7.316783675166654
2025-08-05 22:00:00,2.9357,2.9624,2.9164,2.9606,6543060.4,-0.020593719352696827,-0.01081036002369765,-0.009783359328999177,17.515940274976092,16.51066873598111,19.52648335296606
2025-08-05 23:00:00,2.9605,2.9759,2.9563,2.9623,3917955.2,-0.02025106268522059,-0.012698500556002239,-0.00755256212921835,31.267562402694267,21.429633291552165,50.94342062497847
2025-08-06 00:00:00,2.9622,2.9647,2.9264,2.9316,3122878.3,-0.022200820992066994,-0.014598964643215192,-0.007601856348851802,27.41659369864013,23.425286760581486,35.399207574757426
2025-08-06 01:00:00,2.9316,2.9431,2.9198,2.9402,3663986.6,-0.022789368714045466,-0.016237045457381246,-0.00655232325666422,28.567396231432372,25.139323250865115,35.42354219256689
2025-08-06 02:00:00,2.9403,2.9413,2.9181,2.9326,2991484.7,-0.023597041502329663,-0.01770904466637093,-0.005887996835958732,26.36200399168659,25.546883497805606,27.99224497944855
2025-08-06 03:00:00,2.9326,2.9343,2.9088,2.9142,4208404.6,-0.025428727686856334,-0.01925298127046801,-0.0061757464163883224,19.949339512487757,23.681035502699658,12.48594753206396
2025-08-06 04:00:00,2.9143,2.9187,2.9014,2.9112,4415279.1,-0.026813339624171206,-0.020765052941208652,-0.0060482866829625545,17.684347147027548,21.68213938414229,9.688762672798063
2025-08-06 05:00:00,2.9113,2.9683,2.9061,2.9513,9729762.9,-0.024393724023786145,-0.021490787157724154,-0.0029029368660619913,34.116186688622214,25.826821818968927,50.694916427928796
2025-08-06 06:00:00,2.9513,2.9563,2.93,2.9488,4613891.5,-0.022419452838028597,-0.021676520293785043,-0.0007429325442435547,43.952178150356495,31.868607262764783,68.11931992553991
2025-08-06 07:00:00,2.9488,2.9605,2.9437,2.9557,5321905.4,-0.02006673948351212,-0.02135456413173046,0.00128782464821834,53.59675411366049,39.11132287973002,82.56761658152142
2025-08-06 08:00:00,2.9558,2.9599,2.9185,2.93,9591109.5,-0.020044907203095708,-0.02109263274600351,0.0010477255429078014,49.98129397313289,42.734646577530974,64.47458876433673
2025-08-06 09:00:00,2.93,2.9529,2.9221,2.9439,4217176.6,-0.01869053824034106,-0.020612213844871018,0.0019216756045299585,54.49674705333922,46.65534673613373,70.1795476877502
2025-08-06 10:00:00,2.9439,2.9477,2.9271,2.9362,4176418.8,-0.01803067038359174,-0.02009590515261516,0.0020652347690234205,53.670477108803,48.993723527023484,63.02398427236203
2025-08-06 11:00:00,2.9362,2.9563,2.9348,2.9464,3453197.4,-0.016494526958690248,-0.019375629513830178,0.0028811025551399305,58.20184273621245,52.063096596753134,70.47933501513107
2025-08-06 12:00:00,2.9465,2.9542,2.9233,2.9397,4862877.3,-0.01563749690261451,-0.018628002991587046,0.0029905060889725346,57.88443726011573,54.00354348454067,65.64622481126585
2025-08-06 13:00:00,2.9398,2.9597,2.9312,2.949,7154468.3,-0.014045949173179917,-0.017711592227905623,0.0036656430547257063,61.57997853782623,56.52902183563586,71.68189194220696
2025-08-06 14:00:00,2.949,2.9856,2.939,2.9855,7542414.4,-0.009727261360396255,-0.01611472605440375,0.006387464694007496,74.33697525969352,62.46500631032175,98.08091315843704
2025-08-06 15:00:00,2.9855,3.0083,2.9672,3.0042,8582263.0,-0.004741084169635368,-0.013839997677450075,0.009098913507814707,81.36941632012226,68.76647631358858,106.57529633318961
2025-08-06 16:00:00,3.0042,3.015,2.9761,2.9811,6979162.4,-0.0026232406820634324,-0.011596646278372747,0.008973405596309315,75.86976632049603,71.1342396492244,85.3408196630393
2025-08-06 17:00:00,2.9811,3.0039,2.9699,3.0036,4120626.5,0.0008608046792204505,-0.009105156086854107,0.009965960766074557,79.82275774075406,74.03041234640095,91.40744852946025
2025-08-06 18:00:00,3.0036,3.0187,2.9961,3.0019,4205378.0,0.003445047572770754,-0.006595115354929135,0.01004016292769989,80.67848419614215,76.24643629631468,89.54257999579707
2025-08-06 19:00:00,3.0019,3.0142,2.9985,3.0116,2528445.8,0.006204268670876534,-0.004035238549768002,0.010239507220644536,84.6382067946329,79.04369312908743,95.82723412572383
2025-08-06 20:00:00,3.0116,3.0116,2.9915,2.9941,2316357.0,0.006899336270009826,-0.0018483235858124366,0.008747659855822262,81.16341668908443,79.75026764908642,83.98971476908042
2025-08-06 21:00:00,2.994,3.0057,2.9753,2.9936,3141065.6,0.007325393947164915,-1.3580079216966119e-05,0.007338974026381882,77.88037303081813,79.126969442997,75.38718020646041
2025-08-06 22:00:00,2.9937,2.9998,2.9892,2.999,1570554.6,0.008006488777447363,0.0015904336921158998,0.006416055085331463,77.01435157303398,78.42276348634266,74.1975277464166
2025-08-06 23:00:00,2.999,3.0015,2.99,2.9908,1890467.3,0.007794736991742823,0.002831294352041285,0.0049634426397015385,66.61798195483827,74.48783630917454,50.87827324616572
2025-08-07 00:00:00,2.9908,2.9939,2.979,2.987,1747402.2,0.007236871780814891,0.003712409837796006,0.0035244619430188848,56.09231583874473,68.3559961523646,31.56495521150501
2025-08-07 01:00:00,2.9871,3.011,2.9826,2.9858,3999277.0,0.006621599928597455,0.0042942478559562965,0.0023273520726411583,48.25553296353462,61.65584175608794,21.454915378427984
2025-08-07 02:00:00,2.9857,2.99,2.9729,2.9757,2125609.5,0.005258391498186299,0.004487076584402297,0.000771314913784002,34.20820101499084,52.506628175722234,-2.3886533064719373
2025-08-07 03:00:00,2.9756,2.9807,2.9676,2.9683,3062952.0,0.0035401126253780113,0.00429768379259744,-0.0007575711672194287,23.30618265090959,42.77314633411802,-15.627744715507262
2025-08-07 04:00:00,2.9682,2.9828,2.9641,2.9761,3093054.0,0.0027757617976744697,0.003993299393612846,-0.0012175375959383762,23.95850773218537,36.5016001334738,-1.127677070391485
2025-08-07 05:00:00,2.9761,2.9956,2.971,2.9951,3444630.5,0.003660948336679848,0.003926829182226247,-0.000265880845546399,38.00503216260811,37.00274414318523,40.00960820145387
2025-08-07 06:00:00,2.9951,3.0139,2.9925,3.0008,6656267.2,0.004767451199584993,0.004094953585697996,0.000672497613886997,49.90161448056059,41.30236758897701,67.10010826372773
2025-08-07 07:00:00,3.0007,3.0107,2.9987,2.9999,3866721.3,0.005508244597022927,0.004377611787962983,0.0011306328090599435,57.23025972064128,46.61166496619844,78.46744922952696
2025-08-07 08:00:00,2.9998,3.0103,2.9935,2.9969,3993298.0,0.005786550026957826,0.004659399435761952,0.0011271505911958739,60.10799108551456,51.110440339303814,78.10309257793607
2025-08-07 09:00:00,2.9968,3.0077,2.9881,3.007,3056070.1,0.006744350007369171,0.005076389550083396,0.0016679604572857748,68.78685349476076,57.002578057789464,92.35540436870338
2025-08-07 10:00:00,3.007,3.0764,3.0057,3.07,14762817.7,0.01244354543353321,0.006549820726773359,0.005893724706759851,77.2915621695555,63.765572761711475,104.34354098524356
2025-08-07 11:00:00,3.0701,3.0882,3.0668,3.0793,8962899.6,0.01750880059154225,0.008741616699727138,0.008767183891815113,82.47049618717072,70.00054723686456,107.41039408778303
2025-08-07 12:00:00,3.0792,3.086,3.0611,3.0773,8295416.4,0.02111823069435248,0.011216939498652207,0.009901291195700273,85.38591768373833,75.12900405248915,105.89974494623667
2025-08-07 13:00:00,3.0772,3.0847,3.0666,3.071,6699535.7,0.02320290407183201,0.013614132413288169,0.00958877165854384,85.36535581646267,78.54112130714698,99.01382483509403
2025-08-07 14:00:00,3.071,3.0723,3.0439,3.0486,8778519.0,0.022784880033425825,0.0154482819373157,0.007336598096110125,77.05675735749521,78.04633332392973,75.0776054246262
2025-08-07 15:00:00,3.0486,3.0665,3.041,3.0625,5434701.6,0.023306543478738728,0.017019934245600308,0.00628660923313842,76.14639634688821,77.41302099824922,73.6131470441662
2025-08-07 16:00:00,3.0625,3.0665,3.0087,3.0381,6818962.4,0.021503213773741425,0.017916590151228533,0.0035866236225128925,67.41428088127542,74.08010762592461,54.08262739197701
2025-08-07 17:00:00,3.038,3.0536,3.0292,3.0498,4525088.4,0.02077863108437006,0.01848899833785684,0.002289632746513219,65.48897446697073,71.21639657293998,54.03413025503224
2025-08-07 18:00:00,3.0498,3.0569,3.0401,3.0539,2459384.9,0.020301210104556766,0.018851440691196826,0.00144976941335994,63.1340637860613,68.52228564398042,52.35762007022305
2025-08-07 19:00:00,3.0539,3.1024,3.0518,3.1018,8661934.7,0.023516892127727562,0.019784530978502975,0.0037323611492245876,75.20926201888257,70.75127776894782,84.12523051875209
2025-08-07 20:00:00,3.1018,3.121,3.0994,3.111,12766495.3,0.026502205483457608,0.021128065879493903,0.0053741396039637054,80.5046015121432,74.00238568334628,93.50903316973702
2025-08-07 21:00:00,3.111,3.3,3.1036,3.25,39661630.6,0.03962742585636869,0.02482793787486886,0.014799487981499833,81.28158924473583,76.42878687047613,90.98719399325523
2025-08-07 22:00:00,3.25,3.3316,3.2437,3.3256,31713940.7,0.05548989280544303,0.030960328860983696,0.024529563944459334,86.90167268942957,79.91974881012727,100.86552044803418
2025-08-07 23:00:00,3.3256,3.3338,3.2788,3.3197,17609024.3,0.06681473280479855,0.03813120964974667,0.028683523155051877,89.82207278034154,83.22052346686536,103.0251714072939
2025-08-08 00:00:00,3.3196,3.337,3.2876,3.2984,32498840.4,0.07322690394042075,0.045150348507881494,0.028076555432539257,89.29553557475099,85.24552750282724,97.39555171859845
2025-08-08 01:00:00,3.2984,3.322,3.2704,3.3196,19730571.3,0.07910735820405179,0.051941750447115555,0.027165607756936237,90.97934990233558,87.1568016359967,98.62444643501337
2025-08-08 02:00:00,3.3196,3.3498,3.305,3.3413,11726606.4,0.08454409749089553,0.05846221985587156,0.026081877635023974,93.07136942149032,89.12832423116124,100.95745980214846
2025-08-08 03:00:00,3.3413,3.3762,3.3312,3.3762,12809364.4,0.09062423114878326,0.0648946221144539,0.02572960903432936,95.3809129476602,91.21252046999423,103.71769790299217
2025-08-08 04:00:00,3.3762,3.3825,3.342,3.3506,11118762.2,0.0923129486169425,0.07037828741495163,0.021934661201990877,93.16457425051834,91.86320506350228,95.76731262455047
2025-08-08 05:00:00,3.3507,3.3519,3.309,3.316,13085837.8,0.08982390448382649,0.07426741082872661,0.015556493655099882,87.4951589780556,90.40718970168672,81.67109753079336
2025-08-08 06:00:00,3.3159,3.3505,3.3064,3.3491,8148096.4,0.08949062028285137,0.07731205271955156,0.01217856756329981,83.64230579324746,88.15222839887365,74.62246058199509
2025-08-08 07:00:00,3.3492,3.36,3.3256,3.3558,6594049.2,0.08874413698826533,0.07959846957329432,0.009145667414971012,81.15553065372013,85.81999581715581,71.82660032684879
2025-08-08 08:00:00,3.3558,3.3606,3.3226,3.336,7787196.4,0.08556846902825344,0.08079246946428614,0.0047759995639672925,73.61008020387764,81.7500239460631,57.33019271950673
2025-08-08 09:00:00,3.3361,3.3444,3.3114,3.3278,8663094.4,0.0814511397829083,0.08092420352801058,0.0005269362548977197,66.14148076630795,76.54717621947805,45.33008985996776
2025-08-08 10:00:00,3.3278,3.3328,3.3019,3.3093,7376902.6,0.07582131043361562,0.0799036249091316,-0.004082314475515977,47.15470099060732,66.74968447652114,7.964734018779666
2025-08-08 11:00:00,3.3094,3.3378,3.3094,3.3364,4790234.6,0.07270823831740536,0.07846454759078636,-0.0057563092733809995,45.70445740151322,59.73460878485184,17.64415463483597
2025-08-08 12:00:00,3.3364,3.3378,3.3079,3.3208,7396368.6,0.06819619334524729,0.07641087674167854,-0.00821468339643125,38.2860154388915,52.58507766953173,9.687890977611062
2025-08-08 13:00:00,3.3209,3.3563,3.3137,3.3507,10953640.9,0.0662691359642662,0.07438252858619608,-0.00811339262192988,53.23553783376411,52.801897724275854,54.10281805274063
2025-08-08 14:00:00,3.3507,3.3726,3.2674,3.2805,26524262.7,0.058404129344246325,0.07118684873780613,-0.012782719393559808,39.64118238347269,48.4149926106748,22.09356192906847
2025-08-08 15:00:00,3.2805,3.2816,3.2051,3.2216,24020275.9,0.04687793749842717,0.06632506648993035,-0.01944712899150318,29.7110370118674,42.18034074440567,4.77242954679086
2025-08-08 16:00:00,3.2216,3.2482,3.22,3.2467,9759708.2,0.03931550300385789,0.06092315379271586,-0.02160765078885797,28.085964973085794,37.482215487299044,9.293463944659294
2025-08-08 17:00:00,3.2468,3.295,3.2459,3.2938,11816747.3,0.03669974375023388,0.05607847178421947,-0.01937872803398559,36.37571794225625,37.113382972284775,34.90038788219921
2025-08-08 18:00:00,3.2938,3.297,3.263,3.277,9718425.0,0.03289195808143708,0.051441169043663,-0.01854921096222592,38.55893633961369,37.59523409472774,40.48634082938557
2025-08-08 19:00:00,3.2771,3.3404,3.271,3.3389,9974160.6,0.034471704830027594,0.04804727620093592,-0.013575571370908326,52.33282323138432,42.5077638069466,71.98294208025976
2025-08-08 20:00:00,3.3389,3.3389,3.297,3.312,8934203.2,0.033170689264620634,0.04507195881367287,-0.011901269549052233,56.1621806617189,47.0592360918707,74.36806980141529
2025-08-08 21:00:00,3.3119,3.315,3.3019,3.3037,2775350.4,0.03111125326021824,0.04227981770298194,-0.0111685644427637,57.063344321742996,50.393938835161464,70.40215529490607
2025-08-08 22:00:00,3.3038,3.304,3.2867,3.2883,4531659.3,0.02791470079796321,0.0394067943219782,-0.011492093524014993,54.59944347817696,51.79577371616663,60.20678300219761
2025-08-08 23:00:00,3.2883,3.3005,3.2791,3.2859,3191797.8,0.02490071011331363,0.03650557748024529,-0.011604867366931663,56.30600986744194,53.299185766591734,62.31965806914235
2025-08-09 00:00:00,3.2858,3.2992,3.2801,3.2976,2749634.4,0.023188885957381444,0.03384223917567253,-0.010653353218291084,59.021282325802964,55.20655128632881,66.65074440475128
2025-08-09 01:00:00,3.2976,3.3141,3.2872,3.3053,3151834.8,0.022197697391254323,0.03151333081878889,-0.009315633427534567,60.2999025029163,56.9043350251913,67.09103745836629
2025-08-09 02:00:00,3.3053,3.3065,3.2936,3.3043,2179682.0,0.021088387860627833,0.02942834222715668,-0.008339954366528846,57.98632604414926,57.26499869817729,59.42898073609321
2025-08-09 03:00:00,3.3042,3.3078,3.2896,3.2911,2807392.7,0.018925955745628276,0.027327864930851,-0.008401909185222725,48.31172937045122,54.28057558893526,36.37403693348314
2025-08-09 04:00:00,3.2911,3.3082,3.288,3.2995,3011684.5,0.01768614761284404,0.02539952146724961,-0.00771337385440557,43.57905703849476,50.713402738788425,29.310365637907424
2025-08-09 05:00:00,3.2995,3.3348,3.2961,3.3131,19321946.4,0.01759813670980348,0.023839244515760385,-0.006241107805956905,49.399802238709185,50.27553590542868,47.64833490527019
2025-08-09 06:00:00,3.3132,3.3157,3.297,3.3044,4481590.1,0.01663461663807908,0.022398318940224125,-0.005763702302145044,48.07383584316083,49.54163588467273,45.138235760137036
2025-08-09 07:00:00,3.3043,3.3244,3.3007,3.3202,3497232.5,0.016950552574613198,0.02130876566710194,-0.004358213092488742,56.64527416474025,51.9095153113619,66.11679187149696
2025-08-09 08:00:00,3.3201,3.3286,3.3116,3.3213,2970426.8,0.017092661327457126,0.02046554479917298,-0.003372883471715854,62.8701584011126,55.563063007945466,77.48434918744685
2025-08-09 09:00:00,3.3212,3.3475,3.3199,3.3352,7337103.0,0.018118043839486564,0.019996044607235697,-0.0018780007677491328,68.4474356173254,59.85785387773878,85.62659909649862
2025-08-09 10:00:00,3.3351,3.3465,3.3264,3.333,5065110.9,0.018539434196894522,0.019704722525167463,-0.0011652883282729405,70.84170777849711,63.51913851132489,85.48684631284156
2025-08-09 11:00:00,3.3331,3.3339,3.3044,3.309,4316248.6,0.01674377781940084,0.019112533584014137,-0.0023687557646132965,58.99251106801781,62.01026269688919,52.957007810275044
2025-08-09 12:00:00,3.309,3.3272,3.303,3.3249,3036747.3,0.01641448831772463,0.018572924530756235,-0.002158436213031606,60.000609619574874,61.34037833778442,57.32107218315578
2025-08-09 13:00:00,3.3248,3.3266,3.2761,3.2769,10798210.7,0.012140378442419664,0.017286415313088922,-0.005146036870669259,40.373889139473775,54.35154860501421,12.418570208392907
2025-08-09 14:00:00,3.2769,3.2957,3.2461,3.2954,9392700.6,0.010129148443905223,0.015854961939252184,-0.005725813495346961,43.12236922250247,50.60848881084363,28.15013004582015
2025-08-09 15:00:00,3.2954,3.296,3.2639,3.273,5046428.8,0.006651071967076039,0.014014183944816955,-0.007363111977740916,37.59111268350919,46.269363435065486,20.2346111803966
2025-08-09 16:00:00,3.2731,3.287,3.2664,3.2726,4057475.8,0.0038183787505623457,0.011975022905966033,-0.008156644155403688,33.7721158849956,42.103614251708855,17.10911915156909
2025-08-09 17:00:00,3.2725,3.298,3.267,3.2845,3855413.3,0.002504805674939714,0.01008097945976077,-0.007576173784821056,35.13801808506603,39.78174886282792,25.85055652954226
2025-08-09 18:00:00,3.2844,3.2895,3.277,3.2847,2859615.6,0.001463062602301779,0.008357396088268973,-0.006894333485967194,36.24075043652473,38.60141605406019,31.5194192014538
2025-08-09 19:00:00,3.2846,3.2942,3.259,3.265,4050941.3,-0.0009413009173120379,0.006497656687152771,-0.007438957604464809,31.33589892427388,36.179577010798084,21.648542751225477
2025-08-09 20:00:00,3.2649,3.2758,3.2515,3.2592,6111150.8,-0.003277012496299747,0.004542722850462268,-0.007819735346762016,26.274898501920244,32.878017507838805,13.068660490083118
2025-08-09 21:00:00,3.2591,3.2663,3.2324,3.2483,6567020.0,-0.005939156753383745,0.0024463469296930654,-0.008385503683076811,23.14292596518668,29.63298699362143,10.162803908317187
2025-08-09 22:00:00,3.2483,3.2629,3.2083,3.2258,10249026.3,-0.00975207140775547,6.663262203358269e-06,-0.009758734669958828,21.931775987196193,27.06591665814635,11.663494645295884
2025-08-09 23:00:00,3.2259,3.234,3.2133,3.2259,3731173.5,-0.012620285779041396,-0.0025187265460455926,-0.010101559232995803,21.16150357526207,25.097778963851592,13.288952798083024
2025-08-10 00:00:00,3.2259,3.245,3.2258,3.2339,4795774.7,-0.014085464722025431,-0.00483207418124156,-0.009253390540783871,23.620861172062586,24.605473033255254,21.651637449677246
2025-08-10 01:00:00,3.234,3.24,3.2189,3.2367,3892665.9,-0.014849517002459844,-0.006835562745485217,-0.008013954256974628,26.30093829159429,25.170628119368263,28.561558636046335
2025-08-10 02:00:00,3.2368,3.2486,3.227,3.2422,3633496.0,-0.01484016175775782,-0.008436482547939737,-0.006403679209818082,30.68879006013155,27.010015432956024,38.046339314482594
2025-08-10 03:00:00,3.2421,3.2679,3.2389,3.259,6598341.8,-0.013323542557404533,-0.009413894549832698,-0.0039096480075718355,40.13323295432903,31.384421273413693,57.63085631615971
2025-08-10 04:00:00,3.259,3.2795,3.25,3.274,4335729.0,-0.010786891701772827,-0.009688493980220723,-0.0010983977215521037,57.51391560251147,40.094252716446285,92.35324137464183
2025-08-10 05:00:00,3.274,3.2746,3.2469,3.2561,3693976.2,-0.010104479872411698,-0.009771691158658918,-0.00033278871375277963,60.720887555232345,46.96979766270831,88.22306734028042
2025-08-10 06:00:00,3.2562,3.2636,3.2358,3.2486,3468909.9,-0.010052966560263332,-0.009827946238979802,-0.00022502032128353042,59.347632901990174,51.09574274246893,75.85141322103266
2025-08-10 07:00:00,3.2486,3.2542,3.1618,3.1875,17407845.8,-0.014772117480258196,-0.010816780487235483,-0.003955336993022713,46.84347999186772,49.67832182560186,41.17379632439942
2025-08-10 08:00:00,3.1874,3.212,3.1521,3.2088,11520058.8,-0.016601969426348173,-0.011973818275058022,-0.004628151151290151,46.06415149641001,48.473598382537915,41.245257724154214
2025-08-10 09:00:00,3.2089,3.22,3.2058,3.2142,3355260.8,-0.017415648649907745,-0.013062184350027968,-0.004353464299879777,46.95747200754911,47.96822292420831,44.93597017423069
2025-08-10 10:00:00,3.2142,3.2164,3.181,3.1897,4977590.8,-0.01980909364101624,-0.014411566208225623,-0.005397527432790617,41.14276260471883,45.69306948437849,32.042148845399524
2025-08-10 11:00:00,3.1897,3.204,3.1776,3.1914,3524367.1,-0.021322942638141384,-0.015793841494208778,-0.005529101143932607,37.7110829714347,43.03240731339722,27.068434287509646
2025-08-10 12:00:00,3.1914,3.1971,3.1802,3.1886,2657987.3,-0.02248937199328882,-0.017132947594024787,-0.0053564243992640335,34.69069581664463,40.251836814479695,23.5684138209745
2025-08-10 13:00:00,3.1885,3.1965,3.1627,3.1634,4134845.9,-0.0251572084169136,-0.01873779975860255,-0.0064194086583110495,26.201960476402622,35.56854470178734,7.468792025633192
2025-08-10 14:00:00,3.1634,3.2044,3.1568,3.201,5738282.9,-0.02396127161585726,-0.019782494130053493,-0.004178777485803767,32.08680773165263,34.407965711742435,27.44449177147301
2025-08-10 15:00:00,3.2009,3.203,3.1799,3.185,4311915.3,-0.024027574445617983,-0.020631510193166395,-0.003396064252451588,32.13230864774234,33.64941335707574,29.098099229075544
2025-08-10 16:00:00,3.185,3.2016,3.1821,3.1977,2493497.8,-0.022792597181805707,-0.021063727590894258,-0.0017288695909114492,43.807400659614245,37.035409124588575,57.351383729665585
2025-08-10 17:00:00,3.1976,3.2004,3.182,3.1978,2163407.4,-0.02155730049725957,-0.021162442172167322,-0.0003948583250922462,50.82940634691573,41.63340819869763,69.22140264335194
2025-08-10 18:00:00,3.1977,3.2087,3.1936,3.2076,2029139.6,-0.01956204183560928,-0.020842362104855714,0.0012803202692464356,62.29790400756332,48.521573468319524,89.8505650860509
2025-08-10 19:00:00,3.2076,3.2146,3.202,3.207,2050877.8,-0.017823738988611115,-0.020238637481606793,0.0024148984929956777,70.48233969593029,55.84182887752311,99.76336133274464
2025-08-10 20:00:00,3.207,3.2085,3.1776,3.1857,6721239.9,-0.017957846570153535,-0.019782479299316143,0.0018246327291626084,63.65489313062033,58.446183628555524,74.07231213474994
2025-08-10 21:00:00,3.1858,3.1864,3.1581,3.1827,8615193.8,-0.0180975850278271,-0.01944550044501834,0.001347915417191238,57.373158280851904,58.08850851265432,55.942457817247075
2025-08-10 22:00:00,3.1828,3.1933,3.1694,3.181,7439728.2,-0.018136438975829172,-0.019183688151180506,0.0010472491753513342,52.204942890810194,56.12731997203961,44.36018872835136
2025-08-10 23:00:00,3.1811,3.1928,3.1648,3.187,3584588.4,-0.01748156455929717,-0.01884326343280384,0.0013616988735066712,51.85344275316539,54.70269423241487,46.15493979466643
2025-08-11 00:00:00,3.1869,3.2071,3.172,3.1943,5169442.9,-0.01618693002145255,-0.018311996750533584,0.0021250667290810335,55.925893988836016,55.11042748455525,57.55682699739755
2025-08-11 01:00:00,3.1942,3.2326,3.1923,3.2251,5685144.7,-0.012531168716629182,-0.017155831143752704,0.004624662427123522,67.2615579612373,59.160804310115935,83.46306526348002
2025-08-11 02:00:00,3.2251,3.274,3.2233,3.2638,13022224.1,-0.006436983435452515,-0.015012061602092668,0.008575078166640153,75.24080855741957,64.52080572588382,96.68081422049107
2025-08-11 03:00:00,3.2639,3.2748,3.2492,3.2653,8529825.9,-0.0014693227913915585,-0.012303513839952446,0.010834191048560888,80.78036194602034,69.94065779926267,102.45977023953569
2025-08-11 04:00:00,3.2654,3.2779,3.2553,3.2622,5845618.4,0.0021921699957374585,-0.009404377072814465,0.011596547068551923,82.8185161999624,74.23327726616257,99.98899406756206
2025-08-11 05:00:00,3.2621,3.2826,3.2615,3.2713,7025743.8,0.005761804857496777,-0.006371140686752217,0.012132945544248994,85.52024239301379,77.99559897511297,100.56952922881541
2025-08-11 06:00:00,3.2713,3.2825,3.2608,3.2789,5510720.2,0.009099133539986148,-0.003277085841404544,0.012376219381390692,89.29985599262609,81.76368464761735,104.37219868264359
2025-08-11 07:00:00,3.2789,3.2887,3.2339,3.2451,8911667.2,0.008913859618404185,-0.0008388967494427984,0.009752756367846983,81.13668096575931,81.55468342033134,80.30067605661526
2025-08-11 08:00:00,3.2451,3.3342,3.2282,3.2993,22703198.4,0.012990766265387865,0.0019270358535233346,0.011063730411864531,80.25223860520413,81.12053514862227,78.51564551836785
2025-08-11 09:00:00,3.2993,3.3214,3.2708,3.2804,9404442.0,0.014529188666695614,0.004447466416157791,0.010081722250537823,74.1968177499576,78.81262934906738,64.96519455173805
2025-08-11 10:00:00,3.2805,3.2838,3.2508,3.2559,7111025.0,0.013614514608840445,0.006280876054694322,0.007333638554146122,59.26316253964711,72.29614041259396,33.19720679375342
2025-08-11 11:00:00,3.2559,3.265,3.2036,3.215,14558675.4,0.00948006040842575,0.006920712925440608,0.0025593474829851423,42.418422805910744,62.33690121036622,2.581465996999782
2025-08-11 12:00:00,3.215,3.2362,3.1958,3.2072,12170797.5,0.005510558565839485,0.006638682053520384,-0.0011281234876808991,31.02461327715814,51.89947189929686,-10.72510396711931
2025-08-11 13:00:00,3.2072,3.2254,3.1834,3.2177,11099255.3,0.003175358449102994,0.005946017332636907,-0.002770658883533913,28.264861548167303,44.021268448920345,-3.247952253338781
2025-08-11 14:00:00,3.2177,3.2338,3.1901,3.1952,9847234.5,-0.00048527250787389065,0.004659759364534748,-0.005145031872408639,21.451552261112422,36.498029719651036,-8.64140265596481
2025-08-11 15:00:00,3.1952,3.2105,3.1774,3.209,10041462.1,-0.002246903343022133,0.003278426823023372,-0.005525330166045506,21.01872191557156,31.338260451624546,0.37964484346559146
2025-08-11 16:00:00,3.209,3.2247,3.1841,3.1877,7626985.6,-0.005300638004828606,0.0015626138574529767,-0.006863251862281583,16.202107127387837,26.29287601021231,-3.979430638261107
2025-08-11 17:00:00,3.1877,3.229,3.177,3.1925,11610906.6,-0.0072498530474987,-0.00019987952353735868,-0.0070499735239613415,14.379428758978742,22.32172692646779,-1.5051675759993515
2025-08-11 18:00:00,3.1925,3.2102,3.1629,3.2069,9851114.3,-0.007545678473551032,-0.0016690393135400934,-0.005876639160010938,21.717523777008747,22.12032587664811,20.911919577730018
2025-08-11 19:00:00,3.2069,3.2069,3.1474,3.1491,9471998.3,-0.0123022861039499,-0.003795688671622055,-0.008506597432327845,14.96020859510322,19.733620116133146,5.413385553043369
2025-08-11 20:00:00,3.1491,3.1684,3.1359,3.1628,8595035.2,-0.014795898508348504,-0.0059957306389673455,-0.008800167869381158,18.913319522026224,19.460186584764173,17.819585396550323
2025-08-11 21:00:00,3.1627,3.1707,3.1182,3.1385,9350624.9,-0.01851943075101614,-0.008500470661377105,-0.010018960089639036,18.4623975590902,19.12759024287285,17.1320121915249
2025-08-11 22:00:00,3.1385,3.142,3.1176,3.138,6183122.7,-0.021265566488137377,-0.01105348982672916,-0.010212076661408217,18.160244385348705,18.805141623698134,16.870449908649846
2025-08-11 23:00:00,3.138,3.1464,3.1294,3.1295,4263511.8,-0.023852817376330382,-0.013613355336649405,-0.010239462039680977,15.667571660848935,17.759284969415067,11.484145043716673
2025-08-12 00:00:00,3.1295,3.1517,3.1274,3.148,4943430.7,-0.024132255338574993,-0.015717135337034525,-0.008415120001540467,19.5413972652219,18.353322401350677,21.91754699296434
2025-08-12 01:00:00,3.1479,3.1651,3.1433,3.1629,2784828.6,-0.022887572769523246,-0.01715122282353227,-0.005736349945990975,26.582355806976196,21.096333536559182,37.55440034781022
2025-08-12 02:00:00,3.163,3.1765,3.158,3.1612,2888331.4,-0.02178717961406118,-0.018078414181638053,-0.003708765432423128,33.416314958430526,25.202994010516296,49.84295685425899
2025-08-12 03:00:00,3.1612,3.1625,3.1434,3.1484,3807034.7,-0.021697843898367708,-0.018802300124983986,-0.002895543773383722,33.774370479939165,28.060119500323918,45.20287243916966
2025-08-12 04:00:00,3.1483,3.1661,3.1452,3.163,2605825.5,-0.020215910287515904,-0.01908502215749037,-0.001130888130025532,48.20951240824462,34.776583802964154,75.07536961880555
2025-08-12 05:00:00,3.163,3.163,3.1233,3.1418,4952089.3,-0.020515638537844882,-0.019371145433561273,-0.0011444931042836094,45.83520408427401,38.46279056340077,60.58003112602049
2025-08-12 06:00:00,3.1419,3.1509,3.1152,3.1439,3668983.5,-0.020349150545506234,-0.019566746455950267,-0.0007824040895559672,46.16311049881447,41.02956387520533,56.430203746032745
2025-08-12 07:00:00,3.144,3.1604,3.1439,3.1557,4639396.4,-0.01904550154244289,-0.019462497473248793,0.00041699593080590444,52.798245498393975,44.95245774960154,68.48982099597883
2025-08-12 08:00:00,3.1558,3.1641,3.1394,3.1507,3849912.1,-0.01820594176463075,-0.019211186331525187,0.0010052445668944365,54.50279988093043,48.13590512671117,67.23658938936894
2025-08-12 09:00:00,3.1507,3.1536,3.1248,3.1281,3814915.4,-0.019143540892959,-0.01919765724381195,5.4116350852950745e-05,43.34988181295294,46.540564022125096,36.968517394608625
2025-08-12 10:00:00,3.1281,3.1314,3.1041,3.1285,6483821.1,-0.019628058262526782,-0.01928373744755492,-0.00034432081497186295,40.13380702815646,44.404978357468885,31.591464369531607
2025-08-12 11:00:00,3.1286,3.1614,3.1182,3.1501,3712943.0,-0.01806090738953836,-0.01903917143595161,0.0009782640464132478,51.48705414780326,46.76567028758035,60.92982186824909
2025-08-12 12:00:00,3.1501,3.2025,3.1422,3.1852,14960816.5,-0.013827260325065538,-0.017996789213774393,0.004169528888708855,61.79760249419945,51.77631435645338,81.84017876969159
2025-08-12 13:00:00,3.1853,3.1986,3.1604,3.1747,10331231.7,-0.01119033159563454,-0.016635497690146425,0.005445166094511886,65.11439082269125,56.222339845199336,82.89849277767509
2025-08-12 14:00:00,3.1747,3.2112,3.1692,3.2051,6747012.1,-0.006571765421913511,-0.014622751236499844,0.008050985814586333,74.84439002247267,62.42968990429045,99.67379025883709
2025-08-12 15:00:00,3.2051,3.2194,3.2025,3.2127,8330001.0,-0.0022720709505148484,-0.012152615179302845,0.009880544228787997,81.29261734368951,68.71733238409014,106.44318726288824
2025-08-12 16:00:00,3.2128,3.2342,3.2052,3.2311,7891987.1,0.0025903343584214866,-0.00920402527175798,0.011794359630179467,86.7341507374533,74.72293850187786,110.75657520860418
2025-08-12 17:00:00,3.2311,3.2511,3.2269,3.2301,6943889.1,0.006290619607777437,-0.0061050962958508976,0.012395715903628333,86.39419572973081,78.61335757782884,101.95587203353475
2025-08-12 18:00:00,3.2302,3.258,3.2274,3.2461,6223055.7,0.010394368796215137,-0.0028052032774376905,0.013199572073652827,88.35203258741859,81.85958258102542,101.33693260020493
2025-08-12 19:00:00,3.2461,3.2905,3.2459,3.2888,7723008.5,0.016897370367826348,0.0011353114516151172,0.01576205891621123,91.90580466168397,85.20832327457828,105.30076743589535
2025-08-12 20:00:00,3.2888,3.3067,3.2725,3.2908,17311749.1,0.021959296153358565,0.005300108391963807,0.01665918776139476,91.3819852759757,87.26621060837742,99.61353461117224
2025-08-12 21:00:00,3.2907,3.2936,3.2677,3.2738,8892846.7,0.02431881867873731,0.009103850449318508,0.0152149682294188,86.75864409147978,87.09702176941154,86.08188873561627
2025-08-12 22:00:00,3.2739,3.2792,3.2573,3.2751,6451194.0,0.025994013606840394,0.012481883080822886,0.013512130526017508,83.51182333371379,85.90195562417897,78.73155875278346
2025-08-12 23:00:00,3.2751,3.2786,3.2633,3.2676,4573875.7,0.026411969592028406,0.015267900383063991,0.011144069208964415,76.49988478165682,82.76793201000491,63.96379032496063
2025-08-13 00:00:00,3.2675,3.2675,3.242,3.2463,9284523.2,0.02473929157937471,0.017162178622326135,0.007577112957048576,64.49746013358404,76.67777471786462,40.13683096502288
2025-08-13 01:00:00,3.2463,3.2466,3.2155,3.2227,6683669.9,0.021264238531519375,0.017982590604164784,0.003281647927354591,45.62988570309114,66.32847837960679,4.232700350059844
2025-08-13 02:00:00,3.2227,3.2409,3.2054,3.2398,7421962.5,0.01966339368170056,0.018318751219671938,0.0013446424620286203,41.73943679975727,58.13213118632362,8.954048026624577
2025-08-13 03:00:00,3.2398,3.2513,3.2226,3.2419,7448532.4,0.018352607617806882,0.01832552249929893,2.708511850795306e-05,39.83682097937082,52.03369445067269,15.443074036767072
2025-08-13 04:00:00,3.2418,3.2578,3.2393,3.2517,4221572.7,0.017898258335635298,0.018240069666566203,-0.0003418113309309051,41.79315541434854,48.620181438564636,28.13910336591634
