timestamp,open,high,low,close,volume,MACD_DIF,MACD_DEA,MACD_Hist,K,D,J
2025-08-28 18:00:00,2.9801,2.983,2.9688,2.9827,1257528.0,0.0,0.0,0.0,,,
2025-08-28 18:30:00,2.9826,2.987,2.9772,2.9787,1038708.7,-0.0003190883190877791,-6.381766381755583e-05,-0.0002552706552702233,,,
2025-08-28 19:00:00,2.9788,2.9854,2.9714,2.9787,827316.0,-0.0005654499557623538,-0.00016414412220651543,-0.00040130583355583836,,,
2025-08-28 19:30:00,2.9788,2.9809,2.9432,2.9436,4186372.9,-0.0035520244579352322,-0.0008417201893522588,-0.0027103042685829733,,,
2025-08-28 20:00:00,2.9436,2.963,2.9435,2.9578,2165985.3,-0.004718690811968962,-0.0016171143138755993,-0.0031015764980933625,,,
2025-08-28 20:30:00,2.9578,2.9602,2.9492,2.9497,1310280.0,-0.006225125239636586,-0.002538716499027797,-0.0036864087406087895,,,
2025-08-28 21:00:00,2.9497,2.9543,2.9476,2.95,1514067.9,-0.007310506911003767,-0.003493074581422991,-0.003817432329580776,,,
2025-08-28 21:30:00,2.9501,2.9657,2.9484,2.9616,863107.2,-0.007152210420924288,-0.004224901749323251,-0.002927308671601037,,,
2025-08-28 22:00:00,2.9616,2.9738,2.961,2.9734,1667010.6,-0.006005371741564236,-0.004580995747771448,-0.001424375993792788,68.94977168949711,68.94977168949711,68.94977168949711
2025-08-28 22:30:00,2.9734,2.9797,2.9664,2.9699,1275716.5,-0.00531761640313011,-0.0047283198788431804,-0.0005892965242869294,64.15525114155214,66.07305936073013,60.319634703196186
2025-08-28 23:00:00,2.9699,2.9749,2.9636,2.9662,1151584.3,-0.005013333828537636,-0.004785322668782072,-0.000228011159755564,59.582833601565504,62.998741895862665,52.751017012971175
2025-08-28 23:30:00,2.9662,2.9737,2.9621,2.9665,1336044.4,-0.004693872166637636,-0.004767032568353185,7.316040171554891e-05,60.50535295556103,61.96302648989122,57.590005886900656
2025-08-29 00:00:00,2.9665,2.9768,2.9602,2.9746,1553680.0,-0.003743936423933114,-0.004562413339469171,0.000818476915536057,70.25846285890302,65.14753049884835,80.48032757901234
2025-08-29 00:30:00,2.9745,2.9755,2.9541,2.9583,1429556.5,-0.004257303731798334,-0.004501391417935004,0.00024408768613666965,56.76552079166478,62.084630711110606,46.12730095277311
2025-08-29 01:00:00,2.9583,2.9618,2.9385,2.9393,2842613.3,-0.006126667819364329,-0.004826446698220869,-0.0013002211211434597,37.354869661727314,53.328926094791804,5.4067567955983264
2025-08-29 01:30:00,2.9393,2.9505,2.9393,2.9421,1716267.5,-0.0072980879128206055,-0.005320774941140817,-0.001977312971679789,27.428558605052732,44.34492868003219,-6.40418154490618
2025-08-29 02:00:00,2.9421,2.959,2.9375,2.9508,1708535.3,-0.007438681001280312,-0.005744356153168716,-0.0016943248481115954,28.827627967412855,39.03435489799185,8.414174106254876
2025-08-29 02:30:00,2.9509,2.9546,2.9458,2.9473,1208403.0,-0.007743263267152134,-0.0061441375759654,-0.0015991256911867336,26.92636409229551,34.927132441662316,10.924827393561898
2025-08-29 03:00:00,2.9473,2.9503,2.9376,2.9399,1897155.8,-0.008483967170417994,-0.0066121034948559195,-0.0018718636755620747,19.905362869368723,29.861309841451217,-0.006531074796264136
2025-08-29 03:30:00,2.94,2.946,2.9376,2.9381,1868438.8,-0.009111197098384594,-0.007111922215561655,-0.0019992748828229386,13.731564158646925,24.442966899976984,-7.691241324013191
2025-08-29 04:00:00,2.9381,2.9404,2.9277,2.9311,1799502.9,-0.010057189810058098,-0.007700975734460944,-0.002356214075597154,11.450871910128843,20.089901514141964,-5.827187297897396
2025-08-29 04:30:00,2.9312,2.9312,2.915,2.9176,2659486.4,-0.011760663418234785,-0.008512913271215712,-0.003247750147019073,9.058225513743581,16.40003659492136,-5.625396648611975
2025-08-29 05:00:00,2.9177,2.918,2.9016,2.9016,3089300.3,-0.014237622360045332,-0.009657855088981636,-0.004579767271063696,6.031905929444727,12.93608255249944,-7.776447316664701
2025-08-29 05:30:00,2.9016,2.9153,2.8998,2.9102,2581840.0,-0.015329967714910797,-0.01079227761416747,-0.004537690100743327,9.882989514713403,11.916833128326065,5.81530228748808
2025-08-29 06:00:00,2.9102,2.9123,2.8922,2.8931,2707619.4,-0.017375195924963283,-0.012108861276326634,-0.005266334648636649,7.034870748461739,10.287858992708633,0.5288942599679523
2025-08-29 06:30:00,2.8931,2.9022,2.892,2.9007,11063450.8,-0.01817330696218411,-0.01332175041349813,-0.00485155654868598,9.324050641235612,9.96637201143231,8.039407900842214
2025-08-29 07:00:00,2.9007,2.9007,2.8601,2.8681,7820824.5,-0.021192074219697155,-0.014895815174737936,-0.006296259044959219,9.17235853387316,9.701581407060548,8.113912787498386
2025-08-29 07:30:00,2.8681,2.8773,2.8653,2.8699,4400762.3,-0.023172110399005685,-0.016551074219591486,-0.006621036179414199,9.918001481526002,9.773743132981494,10.206518178615017
2025-08-29 08:00:00,2.8698,2.8785,2.8579,2.8619,4632563.6,-0.025097527799899932,-0.018260364935653174,-0.006837162864246758,8.227823747255695,9.258333338741775,6.1668045642835345
2025-08-29 08:30:00,2.8619,2.8659,2.8495,2.8523,4997019.6,-0.027085845959575305,-0.0200254611404376,-0.007060384819137705,6.627392783284105,8.381235923220194,3.1197065034119262
2025-08-29 09:00:00,2.8524,2.8629,2.8436,2.8624,4015829.9,-0.027529276472602504,-0.021526224206870583,-0.006003052265731921,12.841754653020683,9.86820799615182,18.788847966758404
2025-08-29 09:30:00,2.8624,2.8762,2.8584,2.8757,4096336.5,-0.026502000931839298,-0.022521379551864326,-0.003980621379974972,23.485093509312016,14.407439478711463,41.64040157051313
2025-08-29 10:00:00,2.8756,2.8869,2.8738,2.885,3304271.3,-0.024653257976177567,-0.022947755236726975,-0.0017055027394505921,35.74455075134481,21.52009157908178,64.19346909587088
2025-08-29 10:30:00,2.885,2.885,2.87,2.8765,3392326.2,-0.023601926509762894,-0.023078589491334157,-0.0005233370184287364,42.54432826130218,28.52835550126538,70.57627378137576
2025-08-29 11:00:00,2.8765,2.8822,2.8719,2.875,2570164.1,-0.02262892406160555,-0.022988656405388438,0.00035973234378288907,46.69337301217138,34.583467913939415,70.9131832086353
2025-08-29 11:30:00,2.8749,2.8776,2.8717,2.8763,1716997.6,-0.021505017026022255,-0.022691928529515203,0.0011869115034929476,56.30223825318811,41.82314297710789,85.26042880534854
2025-08-29 12:00:00,2.8762,2.8843,2.8757,2.8798,2122698.6,-0.020100189382462386,-0.02217358070010464,0.0020733913176422536,65.40248714431544,49.682985850918584,96.84148973110916
2025-08-29 12:30:00,2.8798,2.9227,2.8772,2.887,8740562.9,-0.01819611998215276,-0.021378088556514265,0.0031819685743615066,61.8907253277614,53.75225356481744,78.16766885364933
2025-08-29 13:00:00,2.8869,2.8881,2.8659,2.8694,3069257.8,-0.01790095313026141,-0.020682661471263696,0.0027817083410022862,52.132763153221674,53.21242155076867,49.97344635812769
2025-08-29 13:30:00,2.8694,2.8713,2.8353,2.8491,8986445.7,-0.019085070803221527,-0.020363143337655265,0.0012780725344337385,40.01830525108482,48.81437259032145,22.426170572611554
2025-08-29 14:00:00,2.8491,2.8615,2.82,2.8339,12288684.4,-0.02100784025293967,-0.020492082720712144,-0.0005157575322275246,31.19037875940126,42.93969890239052,7.691738473422745
2025-08-29 14:30:00,2.8339,2.8402,2.8165,2.823,5497483.0,-0.02314439363658849,-0.021022544903887413,-0.002121848732701076,22.833753000077042,36.237710030950915,-3.9741610616706993
2025-08-29 15:00:00,2.823,2.8461,2.8218,2.8391,3006606.6,-0.023270247214813633,-0.021472085366072657,-0.0017981618487409763,22.31603585668151,31.597148785902366,3.753809998239795
2025-08-29 15:30:00,2.8392,2.8455,2.8284,2.8345,2867762.3,-0.023470614010120627,-0.021871791094882253,-0.0015988229152383744,20.52707393285181,27.907122145440056,5.766977507675321
2025-08-29 16:00:00,2.8344,2.8396,2.8184,2.8301,3959261.4,-0.02371112230832262,-0.02223965733757033,-0.0014714649707522898,17.95339062479215,24.589210625840153,4.681750622696143
2025-08-29 16:30:00,2.83,2.846,2.8297,2.8415,1699706.6,-0.022719940806249284,-0.02233571403130612,-0.0003842267749431631,19.815757342886418,22.998059207746977,13.451153613165303
2025-08-29 17:00:00,2.8414,2.8422,2.814,2.8218,2969362.6,-0.023255967369510522,-0.022519764698947002,-0.0007362026705635197,16.719276405024136,20.9051313229199,8.347566569232612
2025-08-29 17:30:00,2.8219,2.8313,2.8176,2.8185,1496933.9,-0.023674153795205655,-0.022750642518198732,-0.0009235112770069227,13.763985049866513,18.52474901662574,4.2424571163480564
2025-08-29 18:00:00,2.8185,2.8266,2.8014,2.8043,3531372.3,-0.024864765339038808,-0.02317346708236675,-0.0016912982566720594,10.784420247389045,15.94463927132067,0.4639821995257982
2025-08-29 18:30:00,2.8043,2.8117,2.8015,2.8101,2186069.2,-0.02505154343931748,-0.023549082353756898,-0.001502461085560583,13.677309363978262,15.188862605161768,10.654202881611251
2025-08-29 19:00:00,2.81,2.83,2.803,2.8287,2173575.7,-0.023428631199486905,-0.0235249921229029,9.636092341599664e-05,29.47614850045554,19.951291364542133,48.52586277228236
2025-08-29 19:30:00,2.8288,2.8382,2.8062,2.8138,2772412.0,-0.023078729801334408,-0.023435739658589205,0.0003570098572547968,28.918329184658536,22.940304024644046,40.87437950468752
2025-08-29 20:00:00,2.8138,2.82,2.7996,2.8058,3845224.1,-0.023179761699632984,-0.02338454406679796,0.00020478236716497608,23.732909049855827,23.204505702861148,24.78971574384518
2025-08-29 20:30:00,2.8059,2.8059,2.7841,2.7859,4272034.4,-0.02458222530428733,-0.023624080314295835,-0.0009581449899914961,16.79124464263529,21.066751999146152,8.24022992961357
2025-08-29 21:00:00,2.786,2.805,2.7734,2.8043,5431797.5,-0.023933075988226804,-0.02368587944908203,-0.0002471965391447756,26.16509337726511,22.766199134181168,32.96288186343299
2025-08-29 21:30:00,2.8044,2.82,2.8044,2.8071,2663546.3,-0.022928379789168396,-0.023534379517099302,0.000605999727930906,34.77878656174098,26.77039495749753,50.79556977022787
2025-08-29 22:00:00,2.8071,2.8089,2.79,2.8003,1886506.8,-0.022422382712536493,-0.02331198015618674,0.0008895974436502474,37.023306272778285,30.188032070631085,50.693854677072686
2025-08-29 22:30:00,2.8002,2.8121,2.7964,2.812,1148827.8,-0.020837087194234716,-0.022817001563796336,0.00197991436956162,44.538171271827146,34.97141181186502,63.67169019175141
2025-08-29 23:00:00,2.812,2.822,2.8068,2.8185,2299459.6,-0.01883906834434912,-0.022021414919906897,0.0031823465755577776,52.89170266731826,40.944842103261635,76.78542379543151
2025-08-29 23:30:00,2.8185,2.8265,2.8179,2.8195,1442929.8,-0.016979206643220834,-0.021012973264569686,0.004033766621348852,58.97512688533322,46.95493703480807,83.01550658638351
2025-08-30 00:00:00,2.8195,2.8248,2.8152,2.8226,1173670.3,-0.015081261360077924,-0.019826630883671335,0.004745369523593411,70.20187367265203,54.70391591769026,101.19778918257556
2025-08-30 00:30:00,2.8227,2.8229,2.8124,2.8172,1620231.6,-0.013853170196817644,-0.0186319387463006,0.004778768549482955,74.2965410184416,61.23479095329726,100.4200411487303
2025-08-30 01:00:00,2.8173,2.8192,2.7963,2.7984,1899732.8,-0.01423283472478376,-0.01775211794199723,0.003519283217213471,65.22468710521055,62.56475633754303,70.5445486405456
2025-08-30 01:30:00,2.7985,2.8028,2.7604,2.7649,5092849.8,-0.017040459813932873,-0.01760978631638436,0.0005693265024514851,45.75241369025293,56.96064212100806,23.33595682874268
2025-08-30 02:00:00,2.7649,2.7969,2.7612,2.794,3249761.5,-0.016724605284760052,-0.017432750110059497,0.0007081448252994442,47.445633332739604,53.78897252462744,34.75895494896395
2025-08-30 02:30:00,2.7941,2.8031,2.793,2.793,1001654.0,-0.016366319197405055,-0.017219463927528607,0.000853144730123552,48.070159992918654,51.882701680607866,40.445076617540224
2025-08-30 03:00:00,2.7931,2.8204,2.7917,2.8122,2148928.0,-0.014367476032698168,-0.01664906634856252,0.002281590315864352,58.16881064622055,53.978071335897575,66.5502892668665
2025-08-30 03:30:00,2.8122,2.82,2.8117,2.8127,1059217.6,-0.012597812857697122,-0.015838815650389443,0.0032410027926923213,65.153387632214,57.70317676810436,80.0538093604333
2025-08-30 04:00:00,2.8128,2.8225,2.8114,2.8215,1171803.5,-0.010365765494289914,-0.014744205619169538,0.004378440124879625,75.06085055416065,63.48906803022804,98.20441560202588
2025-08-30 04:30:00,2.8215,2.8221,2.8116,2.8118,867858.8,-0.009272671229576535,-0.013649898741250938,0.004377227511674403,77.45390036946918,68.14401214336469,96.07367682167816
2025-08-30 05:00:00,2.8119,2.8267,2.8098,2.8253,1608255.8,-0.007233663800191081,-0.012366651753038967,0.005132987952847886,84.2653956209276,73.51780663592896,105.76057359092488
2025-08-30 05:30:00,2.8252,2.8349,2.8214,2.8268,1773055.4,-0.005434057822180094,-0.010980132966867194,0.0055460751446871,85.88610267346817,77.64057198179752,102.3771640568095
2025-08-30 06:00:00,2.8269,2.8325,2.8215,2.825,860200.4,-0.00410577327733197,-0.009605261028960149,0.005499487751628179,86.11312317534777,80.46475571299105,97.4098581000612
2025-08-30 06:30:00,2.8251,2.8336,2.8247,2.8275,1019551.3,-0.002818874864390253,-0.00824798379604617,0.0054291089316559175,85.03220557368601,81.98723899989301,91.12213872127202
2025-08-30 07:00:00,2.8275,2.8315,2.8248,2.8284,676195.7,-0.0017067023201837728,-0.006939727500873691,0.005233025180689918,85.00603828369158,82.99350542782746,89.03110399541984
2025-08-30 07:30:00,2.8285,2.8344,2.8223,2.832,981143.9,-0.0005287129784812272,-0.0056575245963951986,0.005128811617913971,86.15276390227591,84.04659158597806,90.36510853487158
2025-08-30 08:00:00,2.832,2.8324,2.8214,2.8241,4145355.6,-0.00022996106713657483,-0.004572011890543474,0.004342050823406899,76.42587978610523,81.50635431935198,66.26493071961173
2025-08-30 08:30:00,2.8241,2.8249,2.8095,2.8106,1392674.0,-0.001070198617312279,-0.0038716492358972353,0.0028014506185849563,52.394156077864714,71.80228823885166,13.577891755890818
2025-08-30 09:00:00,2.8107,2.8117,2.8027,2.8045,1943896.4,-0.0022029180812119797,-0.0035379030049601844,0.0013349849237482047,36.79279142250511,60.13245596673247,-9.886537665949604
2025-08-30 09:30:00,2.8044,2.8088,2.7958,2.8041,2692343.3,-0.0030971807030004683,-0.0034497585445682414,0.0003525778415677731,31.60440144279441,50.62310445875112,-6.433004589119022
2025-08-30 10:00:00,2.8041,2.8142,2.8029,2.8103,1159237.7,-0.00326793141006565,-0.0034133931176677235,0.00014546170760207366,33.59118990832253,44.945799608607466,10.881970507752655
2025-08-30 10:30:00,2.8104,2.811,2.7996,2.8039,863551.5,-0.003875010381012789,-0.003505716570336737,-0.00036929381067605203,29.388945258397857,39.76018149187045,8.64647279145268
2025-08-30 11:00:00,2.8039,2.8064,2.8008,2.8039,668339.8,-0.004306482390945554,-0.0036658697344585005,-0.0006406126564870536,26.587448825114958,35.36927060295168,9.02380526944151
2025-08-30 11:30:00,2.8038,2.8128,2.801,2.8102,847182.7,-0.004092889437007585,-0.0037512736749683176,-0.0003416157620392676,30.160199044031984,33.632913416645046,23.21477029880586
2025-08-30 12:00:00,2.8102,2.8108,2.7937,2.7973,1647898.9,-0.004907961744469169,-0.003982611288868489,-0.0009253504556006806,23.207574556486293,30.157800463258702,9.307122742941473
2025-08-30 12:30:00,2.7974,2.7981,2.7776,2.7931,3084183.1,-0.005825662706218981,-0.004351221572338588,-0.0014744411338803937,26.394901712780833,28.903500879766057,21.37770337881038
2025-08-30 13:00:00,2.7931,2.7944,2.7746,2.7879,2643095.4,-0.006893084682447537,-0.004859594194360378,-0.002033490488087159,28.791887337140167,28.866296365557428,28.643069280305646
2025-08-30 13:30:00,2.7879,2.7932,2.7797,2.7921,1388318.4,-0.007315787544935226,-0.005350832864475347,-0.001964954680459879,33.92523128873325,30.55260800661605,40.67047785296766
2025-08-30 14:00:00,2.7922,2.7934,2.783,2.7901,1614197.5,-0.0077231383626110706,-0.005825293964102492,-0.0018978443985085787,35.6639589062934,32.25639163984185,42.479093439196504
2025-08-30 14:30:00,2.79,2.8,2.7894,2.7973,1515729.0,-0.007379915916486901,-0.006136218354579373,-0.0012436975619075277,43.58400052740663,36.03226126903012,58.687479044159645
2025-08-30 15:00:00,2.7973,2.8055,2.792,2.8038,1196625.8,-0.006508389317199104,-0.00621065254710332,-0.00029773677009578385,54.535930543576285,42.20015102721219,79.20748957630447
2025-08-30 15:30:00,2.8037,2.8103,2.8004,2.8068,1543327.8,-0.00551208341385756,-0.006070938720454168,0.0005588553065966079,64.4550182681432,49.618440107522545,94.12817458938454
2025-08-30 16:00:00,2.8069,2.8079,2.7989,2.8051,882426.3,-0.004804298635868065,-0.005817610703536948,0.0010133120676688832,71.05472672756505,56.76386898087006,99.63644222095505
2025-08-30 16:30:00,2.8051,2.8159,2.804,2.8102,1115503.2,-0.0037881789535578747,-0.005411724353541134,0.0016235453999832589,76.10266689020882,63.21013495064966,101.88773076932716
2025-08-30 17:00:00,2.8102,2.8184,2.8087,2.8128,1167356.8,-0.002741496251422504,-0.004877678733117408,0.002136182481694904,79.80664855085473,68.74230615071802,101.93533335112815
2025-08-30 17:30:00,2.8128,2.8158,2.8042,2.8068,953231.0,-0.0023688360574261047,-0.004375910197979147,0.0020070741405530425,76.54637896499698,71.34366375547766,86.95180938403561
2025-08-30 18:00:00,2.8068,2.8115,2.8016,2.8046,787989.1,-0.0022253691127569475,-0.003945801980934707,0.0017204328681777598,71.36990236084564,71.352409957267,71.40488716800294
2025-08-30 18:30:00,2.8047,2.8077,2.8001,2.8051,591523.4,-0.002047719864224362,-0.0035661855575926382,0.001518465693368276,65.62591191872453,69.44357727775285,57.99058120066789
2025-08-30 19:00:00,2.8051,2.8154,2.8037,2.8122,1362464.2,-0.0013188183747563365,-0.0031167121210253783,0.0017978937462690418,69.25565845086665,69.38093766879079,69.00510001501837
2025-08-30 19:30:00,2.8122,2.8134,2.8067,2.8104,425052.6,-0.0008763021835802576,-0.0026686301335363542,0.0017923279499560967,65.82855862536398,68.19681132098185,61.09205323412823
2025-08-30 20:00:00,2.8104,2.8122,2.8034,2.8076,774436.6,-0.0007429769376896544,-0.0022834994943670144,0.00154052255667736,58.757500622037135,65.05037442133361,46.17175302344418
2025-08-30 20:30:00,2.8077,2.8077,2.8011,2.8053,1022893.6,-0.0008135286460353441,-0.0019895053247006803,0.0011759766786653362,48.64343393017389,59.58139425761371,26.76751327529425
2025-08-30 21:00:00,2.8054,2.8083,2.8002,2.8028,1242992.4,-0.001058963418715475,-0.0018033969435036394,0.0007444335247881644,37.346988740334375,52.16992575185393,7.701114717295255
2025-08-30 21:30:00,2.8028,2.8091,2.8017,2.8067,591554.8,-0.0009280765492349907,-0.0016283328646499097,0.000700256315414919,38.91073134705993,47.75019428358926,21.231805474001263
2025-08-30 22:00:00,2.8067,2.808,2.7992,2.8072,697867.2,-0.000775067445804023,-0.0014576797808807324,0.0006826123350767094,42.40139291450088,45.96726049389313,35.26965775571638
2025-08-30 22:30:00,2.8072,2.8103,2.8049,2.8082,474203.5,-0.00056658376139751,-0.001279460576984088,0.000712876815586578,46.786113794852234,46.24021159421283,47.877918196131034
2025-08-30 23:00:00,2.8083,2.8162,2.8079,2.816,819795.6,0.00022543717380818507,-0.0009784810268256335,0.0012039182006338186,64.13191900048976,52.204114062971804,87.98752887552568
2025-08-30 23:30:00,2.816,2.8183,2.8134,2.8181,754112.0,0.001010918679467565,-0.0005806010855669938,0.001591519765034559,75.73890586071049,60.04904466221803,107.11862825769542
2025-08-31 00:00:00,2.818,2.8256,2.818,2.8244,1035103.3,0.0021173680792920813,-4.100725259517879e-05,0.00215837533188726,82.31078572532176,67.46962501658594,111.99310714279343
2025-08-31 00:30:00,2.8245,2.8469,2.8234,2.8449,2902746.8,0.00459544247426269,0.000886282692776395,0.003709159781486295,86.80956644441422,73.91627215919537,112.59615501485192
2025-08-31 01:00:00,2.845,2.8464,2.8367,2.8424,1455448.0,0.006285153838136992,0.0019660569218485145,0.004319096916288477,88.06172354155906,78.63142261998327,106.92232538471066
2025-08-31 01:30:00,2.8424,2.8693,2.8414,2.8627,2673250.7,0.009156749307404066,0.003404195398959625,0.005752553908444442,88.9027752759228,82.05520683862979,102.59791215050885
2025-08-31 02:00:00,2.8627,2.8646,2.8525,2.8539,1214376.0,0.010600230096062369,0.004843402338380174,0.005756827757682195,85.27897809645445,83.12979725790467,89.577339773554
2025-08-31 02:30:00,2.854,2.8541,2.8451,2.8475,969030.2,0.011099820684372208,0.00609468600757858,0.005005134676793628,78.90234150529686,81.72064534036873,73.2657338351531
2025-08-31 03:00:00,2.8475,2.8527,2.8426,2.8447,846047.2,0.011141382305590586,0.007104025267180982,0.004037357038409604,72.57984547692972,78.67371205255573,60.39211232567769
2025-08-31 03:30:00,2.8446,2.8521,2.8409,2.852,777005.6,0.011629313691951637,0.008009082952135113,0.0036202307398165243,71.40385643602104,76.25042684704417,61.7107156139748
2025-08-31 04:00:00,2.852,2.8565,2.8453,2.8455,1090200.2,0.011360549807283071,0.008679376323164706,0.0026811734841183654,65.47131689626868,72.65739019678567,51.0991702952347
2025-08-31 04:30:00,2.8455,2.8489,2.8427,2.8475,894715.5,0.01118005901664798,0.00917951286186136,0.00200054615478662,61.14936013854382,68.82138017737172,45.80532006088802
2025-08-31 05:00:00,2.8474,2.8474,2.8328,2.8349,1255125.1,0.009906112567955372,0.009324832803080163,0.0005812797648752088,42.684048311540636,60.10893622209469,7.834272490432525
2025-08-31 05:30:00,2.8348,2.8392,2.8334,2.8367,638890.7,0.008938705947834524,0.009247607432031036,-0.0003089014841965113,32.017676043310026,50.745182829166474,-5.437337528402864
2025-08-31 06:00:00,2.8367,2.8383,2.8273,2.8284,877638.6,0.007416792431240715,0.008881444431872972,-0.0014646520006322567,22.328137916272514,41.272834524868486,-15.561255300919427
2025-08-31 06:30:00,2.8283,2.8302,2.8227,2.8237,902248.3,0.005764959420447635,0.008258147429587904,-0.0024931880091402688,15.871618571400509,32.805762540379156,-17.996669366556787
2025-08-31 07:00:00,2.8237,2.835,2.8234,2.8319,763415.2,0.005059221769023736,0.007618362297475071,-0.0025591405284513345,19.6540573513478,28.42186081070204,2.118450432639314
2025-08-31 07:30:00,2.8319,2.8339,2.827,2.8289,624754.7,0.004209322221394807,0.006936554282259018,-0.0027272320608642117,19.217103322989058,25.35360831479771,6.944093339371747
2025-08-31 08:00:00,2.8289,2.8366,2.8288,2.8344,1081934.5,0.003934223462182196,0.006336088118243654,-0.002401864656061458,24.349863753787456,25.01902679446096,23.011537672440447
2025-08-31 08:30:00,2.8344,2.8447,2.8316,2.8443,1565558.0,0.004463599380609029,0.005961590370716729,-0.0014979909901077,43.714158533059354,31.250737373993758,68.64100085119054
2025-08-31 09:00:00,2.8443,2.8444,2.8372,2.8392,863868.9,0.004420647756805618,0.005653401847934507,-0.0012327540911288891,51.40997883310559,37.97048452703103,78.28896744525471
2025-08-31 09:30:00,2.8392,2.8428,2.83,2.8309,1083474.7,0.003674510185371904,0.005257623515421987,-0.0015831133300500825,46.69756164631291,40.879510233458326,58.33366447202208
2025-08-31 10:00:00,2.831,2.8331,2.8208,2.8226,1304227.9,0.0023859464449569323,0.004683288101328976,-0.002297341656372044,33.64216801525438,38.46706282739034,23.992378390982438
2025-08-31 10:30:00,2.8227,2.8251,2.812,2.8199,1622552.7,0.0011338130706146643,0.003973393095186115,-0.0028395800245714503,30.481119145745726,35.80508160017547,19.833194236886243
2025-08-31 11:00:00,2.8198,2.8246,2.813,2.824,1688455.5,0.00046694147452797097,0.003272102771054486,-0.002805161296526515,32.553161999304436,34.721108399885125,28.217269198143057
2025-08-31 11:30:00,2.824,2.827,2.818,2.8238,1027017.0,-7.681195801323426e-05,0.0026023198252409425,-0.0026791317832541768,33.730650303307925,34.39095570102606,32.41003950787166
2025-08-31 12:00:00,2.8238,2.8242,2.8125,2.8142,1311903.9,-0.001267766220454103,0.0018283026161019333,-0.0030960688365560362,24.7297097842646,31.170540395438906,11.848048561915988
2025-08-31 12:30:00,2.8141,2.8191,2.8132,2.8174,1159456.5,-0.0019311319107369052,0.0010764157107341658,-0.003007547621471071,21.991060345473304,28.110713712117036,9.751753612185844
2025-08-31 13:00:00,2.8174,2.8229,2.8125,2.819,1243145.3,-0.002301220335765297,0.0004008885014342733,-0.0027021088371995705,21.86235298751731,26.027926803917126,13.53120535471767
2025-08-31 13:30:00,2.8191,2.8202,2.8052,2.8111,1003190.2,-0.0031951503515479374,-0.00031831926916216886,-0.0028768310823857686,19.80539844557895,23.953750684471064,11.50869396779472
2025-08-31 14:00:00,2.8112,2.8143,2.8014,2.8079,1167790.5,-0.004114381556488134,-0.0010775317266273619,-0.0030368498298607716,20.03850958411886,22.648670317686996,14.81818811698259
2025-08-31 14:30:00,2.8078,2.8166,2.8073,2.809,1006012.3,-0.004699940118119805,-0.0018020134049258505,-0.0028979267131939547,23.25483972274603,22.85072678604001,24.063065596158076
2025-08-31 15:00:00,2.809,2.8251,2.8081,2.8153,997900.4,-0.004602586397254527,-0.002362128003391586,-0.002240458393862941,33.60218481516416,26.434546129081394,47.93746218732969
2025-08-31 15:30:00,2.8154,2.8243,2.8137,2.8222,865500.7,-0.003923433637063489,-0.0026743891301259665,-0.0012490445069375227,49.484789876776176,34.117960711646326,80.21844820703588
2025-08-31 16:00:00,2.8222,2.8223,2.8057,2.809,1014325.7,-0.004399613854724649,-0.0030194340750457033,-0.0013801797796789456,43.679030100691996,37.304983841328216,56.42712261941956
2025-08-31 16:30:00,2.8089,2.8162,2.8058,2.8144,648777.9,-0.004291782243436959,-0.0032739037087239544,-0.0010178785347130046,47.403460292163146,40.67114265827319,60.86809555994306
2025-08-31 17:00:00,2.8145,2.815,2.8074,2.813,540867.4,-0.004270070499625245,-0.0034731370669042125,-0.0007969334327210323,47.917356087883924,43.086547134810104,57.57897399403157
2025-08-31 17:30:00,2.8129,2.8141,2.8065,2.8091,607299.8,-0.004515509213167235,-0.003681611496156817,-0.0008338977170104177,42.77472121752019,42.98260516238013,42.35895332780031
2025-08-31 18:00:00,2.809,2.8174,2.807,2.8138,859330.8,-0.004281416932173876,-0.0038015725833602286,-0.00047984434881364734,45.95670584684194,43.97397205720074,49.922173426124345
2025-08-31 18:30:00,2.8139,2.8213,2.8134,2.82,849908.2,-0.003554633328179957,-0.0037521847323241744,0.00019755140414421746,55.20825063328967,47.71873158256372,70.18728873474157
2025-08-31 19:00:00,2.8199,2.8199,2.8037,2.8037,1160895.2,-0.004244992232992129,-0.0038507462324577657,-0.0003942460005343629,36.80550042219311,44.08098786244019,22.254525541698953
2025-08-31 19:30:00,2.8038,2.8086,2.7983,2.8002,1291500.8,-0.0050166980161581165,-0.004083936589197836,-0.0009327614269602803,26.972897717359505,38.37829114741329,4.162110857251932
2025-08-31 20:00:00,2.8001,2.8096,2.7947,2.8051,836619.3,-0.005173257270591591,-0.004301800725476587,-0.000871456545115004,30.542318285002818,35.76630019327647,20.094354468455506
2025-08-31 20:30:00,2.8051,2.8098,2.8012,2.8083,567412.5,-0.004981692501038193,-0.004437779080588908,-0.0005439134204492848,37.4041520396259,36.31225080872628,39.58795450142513
2025-08-31 21:00:00,2.8082,2.8134,2.8036,2.8117,785882.3,-0.0045036096473873855,-0.004450945193948604,-5.2664453438781324e-05,46.2393595051141,39.621287040855556,59.4755044336312
2025-08-31 21:30:00,2.8117,2.8173,2.8097,2.8113,765575.9,-0.004109628954101385,-0.004382681945979161,0.0002730529918777754,51.62824468260754,43.62360625477288,67.63752153827684
2025-08-31 22:00:00,2.8114,2.8172,2.8045,2.8145,821798.8,-0.0034988505880897414,-0.004205915674401277,0.0007070650863115358,59.23085986359274,48.8260241243795,80.04053134201922
2025-08-31 22:30:00,2.8145,2.8149,2.799,2.8011,1047103.1,-0.004049393457019601,-0.004174611230924942,0.00012521777390534124,47.50729003437487,48.38644609437796,45.74897791436868
2025-08-31 23:00:00,2.801,2.801,2.7834,2.7868,2303905.9,-0.005575324269349036,-0.004454753838609761,-0.0011205704307392745,34.77654952063352,43.849813903129814,16.630020755640942
2025-08-31 23:30:00,2.7869,2.7872,2.7707,2.7757,4426842.6,-0.007592787734628903,-0.0050823606178135895,-0.0025104271168153135,26.76090425839082,38.15351068821682,3.9756913987388174
2025-09-01 00:00:00,2.7757,2.7774,2.7377,2.7513,11564493.8,-0.011033332754609937,-0.006272555045172859,-0.0047607777094370776,23.535745217486788,33.280922197973474,4.045391256513412
2025-09-01 00:30:00,2.7512,2.7688,2.7369,2.7624,5123952.0,-0.012717710388446157,-0.007561586113827519,-0.005156124274618638,26.262636115140477,30.94149350369581,16.90492133802981
2025-09-01 01:00:00,2.7625,2.7714,2.7546,2.7678,2863419.9,-0.01346167907149809,-0.008741604705361634,-0.004720074366136456,30.319369350392122,30.734118785927915,29.489870479320537
2025-09-01 01:30:00,2.7679,2.7793,2.7587,2.765,3206758.5,-0.014114512893587339,-0.009816186343006775,-0.004298326550580564,31.862995819001146,31.11041113028566,33.36816519643212
2025-09-01 02:00:00,2.765,2.7673,2.7368,2.7481,4293640.3,-0.015813291382191785,-0.011015607350843778,-0.0047976840313480075,25.926906002053773,29.382576087541697,19.01556583107793
2025-09-01 02:30:00,2.7482,2.7485,2.7284,2.7334,5350926.5,-0.018136684313352358,-0.012439822743345494,-0.005696861570006864,19.211386274972224,25.992179483351872,5.649799858212923
2025-09-01 03:00:00,2.7334,2.7407,2.7256,2.7344,4034555.9,-0.019670548469522764,-0.013885967888580947,-0.0057845805809418165,16.69795336103361,22.894104109245784,4.305651864609253
2025-09-01 03:30:00,2.7344,2.7459,2.7312,2.742,2960865.8,-0.020041860290231472,-0.015117146368911054,-0.004924713921320418,20.00642778181461,21.931545333435395,16.15619267857305
2025-09-01 04:00:00,2.7421,2.7471,2.733,2.7367,2959594.6,-0.02052716886440198,-0.01619915086800924,-0.004328017996392739,20.227748875027164,21.36361318063265,17.956020263816193
2025-09-01 04:30:00,2.7367,2.7369,2.7115,2.7189,5976721.5,-0.022093411549414466,-0.017378003004290286,-0.004715408545124179,17.123317342446853,19.950181234570717,11.469589558199125
2025-09-01 05:00:00,2.719,2.7245,2.7014,2.722,5587992.4,-0.0228214545470804,-0.01846669331284831,-0.004354761234232091,20.230264621109168,20.043542363416865,20.60370913649377
2025-09-01 05:30:00,2.722,2.7381,2.72,2.7333,3522195.5,-0.02223036054756422,-0.01921942675979149,-0.0030109337877727294,27.13682168578856,22.407968804207428,36.59452744895083
2025-09-01 06:00:00,2.7333,2.7372,2.7193,2.7304,3407922.4,-0.02174525430238683,-0.01972459226831056,-0.002020662034076269,32.759904391436116,25.858613999950325,46.56248517440769
2025-09-01 06:30:00,2.7305,2.7404,2.7291,2.7366,1906951.5,-0.020622789246451667,-0.019904231663938784,-0.0007185575825128833,46.75147200051875,32.8229000001398,74.60861600127664
2025-09-01 07:00:00,2.7366,2.751,2.7265,2.7472,3613856.5,-0.018662763470474353,-0.0196559380252459,0.0009931745547715476,61.947217892818934,42.53100596436618,100.77964174972443
2025-09-01 07:30:00,2.7471,2.7946,2.7451,2.7943,8726258.2,-0.013157184717552006,-0.018356187363707123,0.005199002646155117,74.5241824578735,53.19539812886862,117.18175111588323
2025-09-01 08:00:00,2.7943,2.819,2.7943,2.7952,9312989.9,-0.008621962791843352,-0.01640934244933437,0.007787379657491017,76.27008989255057,60.88696205009594,107.03634557745984
2025-09-01 08:30:00,2.7953,2.827,2.7952,2.8256,5947256.3,-0.0025453990290591477,-0.013636553765279325,0.011091154736220177,83.8085100345242,68.52747804490537,114.37057401376188
2025-09-01 09:00:00,2.8256,2.839,2.8221,2.8236,6019117.8,0.0020849047626274597,-0.01049226205969797,0.012577166822325429,85.47505320131069,74.17666976370714,108.07182007651778
2025-09-01 09:30:00,2.8236,2.8264,2.8083,2.8083,4968840.6,0.004468363234602535,-0.0075001370008378684,0.011968500235440403,81.76755147979333,76.7069636690692,91.88872710124159
2025-09-01 10:00:00,2.8084,2.816,2.8012,2.8025,2484873.2,0.005822145647293997,-0.004835680471211495,0.010657826118505492,77.68073468187843,77.03155400667227,78.97909603229076
2025-09-01 10:30:00,2.8026,2.8028,2.7773,2.7923,4813756.1,0.006002776931911757,-0.002667988990586845,0.008670765922498602,71.2834527508819,75.11552025474215,63.61931774316142
2025-09-01 11:00:00,2.7923,2.7995,2.7804,2.7839,2318582.1,0.005405803984738888,-0.0010532303955216981,0.006459034380260587,64.52970924132867,71.58691658360432,50.41529455677738
2025-09-01 11:30:00,2.7839,2.7839,2.7672,2.7697,2602966.2,0.003743722000661087,-9.383991628514104e-05,0.0038375619169462283,51.752500516583304,64.97544456126398,25.30661242722195
2025-09-01 12:00:00,2.7697,2.7783,2.7614,2.7716,1610370.7,0.0025504244689682487,0.00043501296076553687,0.002115411508202712,38.88311031002451,56.27799981085082,4.093331308371901
2025-09-01 12:30:00,2.7717,2.7804,2.7673,2.7713,1529534.4,0.0015625084601609274,0.000660512060644615,0.0009019963995163124,30.174650859603986,47.57688349376855,-4.629814408725139
2025-09-01 13:00:00,2.7713,2.7777,2.7575,2.7759,2799469.7,0.0011376453938853892,0.0007559387272927699,0.0003817066665926193,27.641996278590863,40.93192108870932,1.0621466583539387
2025-09-01 13:30:00,2.7759,2.7769,2.7544,2.7593,2685596.3,-0.0005324056739248739,0.0004982698470492412,-0.001030675520974115,20.69651603757915,34.18678607166593,-6.284024030594402
2025-09-01 14:00:00,2.7594,2.7736,2.7582,2.7669,1895317.3,-0.0012285151353270685,0.00015291285057397925,-0.0013814279859010476,20.561746622455473,29.645106255262444,2.3950273568415312
2025-09-01 14:30:00,2.767,2.7736,2.7518,2.77,3167218.6,-0.0015126064212078738,-0.00018019100378239135,-0.0013324154174254824,25.603255918238393,28.29782280958776,20.21412213553966
2025-09-01 15:00:00,2.77,2.7787,2.7543,2.7599,1943290.9,-0.002523645389676421,-0.0006488818809611972,-0.0018747635087152238,22.72921463731628,26.441620085497267,15.304403740954307
2025-09-01 15:30:00,2.76,2.77,2.7521,2.7625,2071089.8,-0.0030796030385942252,-0.0011350261124878028,-0.0019445769261064224,26.263920869322266,26.382387013438933,26.026988581088936
2025-09-01 16:00:00,2.7625,2.7684,2.753,2.7599,1382708.1,-0.003687494609243558,-0.001645519811838954,-0.002041974797404604,26.94984002010774,26.57153801566187,27.706444028999478
2025-09-01 16:30:00,2.76,2.7605,2.744,2.747,2374324.9,-0.005150800032295955,-0.0023465758559303544,-0.0028042241763656,20.713812760657607,24.618962930660448,12.903512420651928
2025-09-01 17:00:00,2.7469,2.7482,2.7228,2.7298,4065696.8,-0.0076106455913000914,-0.003399389803004302,-0.0042112557882957894,17.983328960295342,22.40708494053875,9.135816999808533
2025-09-01 17:30:00,2.7298,2.7311,2.7203,2.7268,2147266.5,-0.009690460253296784,-0.004657603893062799,-0.0050328563602339855,15.698931635630641,20.171033838902712,6.754727229086498
2025-09-01 18:00:00,2.7268,2.7469,2.7242,2.7443,1822958.8,-0.009813500683598875,-0.005688783251170015,-0.00412471743242886,24.16458456074002,21.50221741284848,29.4893188565231
2025-09-01 18:30:00,2.7442,2.758,2.7412,2.7563,1584541.0,-0.00884080015823896,-0.006319186632583804,-0.0025216135256551555,36.65766824597274,26.55403435722323,56.864936023471756
2025-09-01 19:00:00,2.7562,2.7669,2.7528,2.759,2391581.4,-0.0077625783773074275,-0.006607864981528529,-0.0011547133957788983,46.52748659320546,33.211851769217304,73.15875624118178
2025-09-01 19:30:00,2.759,2.7746,2.7585,2.7735,1586605.5,-0.005672660134385943,-0.006420824012100012,0.0007481638777140694,63.6763968325482,43.366700123660934,104.29579025032274
2025-09-01 20:00:00,2.7735,2.7758,2.7655,2.7726,2101081.0,-0.004042408973869982,-0.005945141004454007,0.0019027320305840248,73.86234263311042,53.53191429347743,114.52319931237639
2025-09-01 20:30:00,2.7725,2.7746,2.7355,2.7619,11129774.9,-0.003572640583450859,-0.0054706409202533775,0.0018980003368025185,74.2265467403919,60.43012510911558,101.81939000294454
2025-09-01 21:00:00,2.762,2.7642,2.7283,2.7312,4572131.4,-0.0056128774219148525,-0.005499088220585672,-0.00011378920132918031,56.0309110401411,58.96372041945742,50.16529228150847
2025-09-01 21:30:00,2.7313,2.7318,2.6975,2.7277,4261798.3,-0.007426591441544339,-0.0058845888647774056,-0.0015420025767669335,50.21047538904264,56.04597207598582,38.53948201515628
2025-09-01 22:00:00,2.7277,2.7369,2.7173,2.7206,2845362.1,-0.009329340699754773,-0.00657353923177288,-0.0027558014679818933,43.30762216229932,51.799855438090326,26.323155610717308
2025-09-01 22:30:00,2.7206,2.7472,2.719,2.7438,2444881.6,-0.008863069141945346,-0.007031445213807374,-0.001831623928137972,48.5822632210135,50.72732469906472,44.292140264911055
2025-09-01 23:00:00,2.7437,2.7529,2.7405,2.7457,1728784.6,-0.008245186079366196,-0.007274193386919138,-0.0009709926924470575,52.90754542533296,51.45406494115414,55.81450639369062
2025-09-01 23:30:00,2.7456,2.7613,2.7354,2.7589,2095527.5,-0.006614135975301583,-0.007142181904595628,0.0005280459292940449,61.41047941084364,54.77286976438398,74.68569870376298
2025-09-02 00:00:00,2.7589,2.7675,2.7563,2.7563,1848644.3,-0.005468280355588995,-0.006807401594794302,0.001339121239205307,65.9722480874335,58.50599587206715,80.90475251816618
2025-09-02 00:30:00,2.7562,2.7664,2.7535,2.7602,1493489.5,-0.004197102529825081,-0.0062853417818004576,0.0020882392519753767,71.08915112443698,62.70038095619043,87.8666914609301
2025-09-02 01:00:00,2.7602,2.7665,2.7495,2.7532,2069111.6,-0.003711739816991688,-0.005770621388838704,0.002058881571847016,73.91657694010088,66.43911295082724,88.87150491864818
2025-09-02 01:30:00,2.7531,2.7767,2.7484,2.7654,2422649.8,-0.0023159514828114958,-0.005079687407633263,0.0027637359248217676,77.85515903750839,70.24446164638762,93.07655381974993
2025-09-02 02:00:00,2.7654,2.7743,2.7579,2.7724,2004806.2,-0.0006375879562288134,-0.004191267517352374,0.0035536795611235605,82.82375361198666,74.43755896825397,99.59614289945205
2025-09-02 02:30:00,2.7724,2.7892,2.7696,2.7885,2183313.4,0.0019689656666637134,-0.0029592208805491564,0.00492818654721287,88.21678540894071,79.03063444848289,106.58908732985634
2025-09-02 03:00:00,2.7884,2.8014,2.7833,2.7941,3007158.5,0.004435422600078898,-0.001480292184423546,0.005915714784502444,88.45765491909164,82.17297460535247,101.02701554657
2025-09-02 03:30:00,2.7942,2.8,2.7906,2.798,1669551.4,0.006628396863010533,0.00014144562506326983,0.006486951237947263,90.58793156222266,84.97796025764252,101.80787417138296
2025-09-02 04:00:00,2.798,2.8023,2.7911,2.8,1815296.2,0.00843054596515902,0.0017992656930824198,0.0066312802720766,92.3029005714756,87.41960702892021,102.06948765658638
2025-09-02 04:30:00,2.8001,2.8054,2.7971,2.8028,1720196.6,0.009969773370373414,0.003433367228540619,0.006536406141832795,93.34813254472634,89.39578220085559,101.25283323246782
2025-09-02 05:00:00,2.8028,2.8068,2.7975,2.8024,2036117.0,0.011030196284767424,0.00495273303978598,0.006077463244981444,93.05400617137009,90.61519019102708,97.93163813205612
2025-09-02 05:30:00,2.8024,2.8159,2.8011,2.8105,3345955.3,0.01238146556203068,0.00643847954423492,0.0059429860177957605,92.70267078091346,91.31101705432253,95.48597823409531
2025-09-02 06:00:00,2.8104,2.8145,2.8009,2.804,3357809.5,0.012780534476558358,0.007706890530699608,0.005073643945858751,88.29603339417208,90.30602250093905,84.27605518063817
2025-09-02 06:30:00,2.8041,2.8088,2.8005,2.802,2108025.6,0.012788004030942268,0.00872311323074814,0.004064890800194128,82.19015617206863,87.60073372464892,71.36900106690806
2025-09-02 07:00:00,2.802,2.806,2.7956,2.7999,4117775.3,0.01248060263872608,0.009474611112343729,0.0030059915263823504,71.76685258097005,82.32277334342263,50.65501105606489
2025-09-02 07:30:00,2.7999,2.8025,2.7856,2.794,3331466.5,0.011626876731562152,0.009905064236187415,0.0017218124953747374,57.085492479722575,73.91034638885594,23.43578466145584
2025-09-02 08:00:00,2.7939,2.8329,2.7935,2.8158,5249041.8,0.012564534476871447,0.010436958284324222,0.0021275761925472255,59.33958836209823,69.05342704660337,39.91191099308796
2025-09-02 08:30:00,2.8157,2.8165,2.8058,2.8059,2312412.2,0.012366237445682327,0.010822814116595842,0.0015434233290864841,53.86557476430213,63.990809619169625,33.61510505456715
2025-09-02 09:00:00,2.8059,2.8221,2.8035,2.8128,1754952.5,0.01262037809138139,0.011182326911552952,0.0014380511798284378,55.07881164695559,61.02014362843161,43.19614768400356
2025-09-02 09:30:00,2.8127,2.8127,2.8056,2.8099,1219815.8,0.012444330128993375,0.011434727555041038,0.0010096025739523371,53.843943494023826,58.62807691696235,44.275676648146785
2025-09-02 10:00:00,2.8099,2.8124,2.8042,2.8061,899935.5,0.011861451182631821,0.011520072280559197,0.00034137890207262475,50.34275584591003,55.86630322661157,39.29566108450693
2025-09-02 10:30:00,2.8061,2.8119,2.8038,2.8119,1159000.3,0.011732284473287447,0.011562514719104846,0.00016976975418260022,52.096016229902,54.609540894375044,47.0689669009559
2025-09-02 11:00:00,2.8119,2.8127,2.7991,2.8007,1586632.0,0.010603936943478942,0.011370799163979666,-0.0007668622205007237,45.371974174409594,51.53035198771989,33.05521854778901
2025-09-02 11:30:00,2.8007,2.808,2.7951,2.7987,1982431.1,0.00943951723273484,0.010984542777730701,-0.0015450255449958612,39.47983620083976,47.51351339209318,23.41248181833292
2025-09-02 12:00:00,2.7986,2.8022,2.789,2.798,2382963.6,0.00836380928576741,0.010460396079338043,-0.002096586793570634,33.15360378461446,42.72687685626695,14.007057641309487
2025-09-02 12:30:00,2.7981,2.8012,2.762,2.769,6868700.6,0.005112313779901179,0.00939077961945067,-0.004278465839549491,25.984820714978767,37.146191475837554,3.6620791932611922
2025-09-02 13:00:00,2.769,2.7853,2.7673,2.7811,3932697.9,0.003471827970120689,0.008206989289584674,-0.004735161319463985,27.916669162176614,34.06968403795057,15.610639410628693
2025-09-02 13:30:00,2.7811,2.8327,2.7705,2.8283,12414116.9,0.005912224239151609,0.007748036279498061,-0.001835812040346452,49.86995294451569,39.33644034013894,70.93697815326918
2025-09-02 14:00:00,2.8282,2.8396,2.8102,2.8359,7031094.3,0.008363107649484558,0.00787105055349536,0.0004920570959891981,64.9906215506394,47.88783407697243,99.19619649797336
2025-09-02 14:30:00,2.8358,2.8455,2.8273,2.8379,5996836.5,0.0103475535390678,0.008366351150609849,0.001981202388457951,73.62648223136436,56.46738346176974,107.94467977055359
2025-09-02 15:00:00,2.8378,2.84,2.8215,2.8281,3101826.9,0.011002631617355707,0.008893607243959021,0.002109024373396686,75.4715470364785,62.802104653339335,100.81043180275681
2025-09-02 15:30:00,2.828,2.8281,2.7863,2.7905,3552635.4,0.0083910531132525,0.008793096417817718,-0.00040204330456521803,61.69161019996779,62.431939835548825,60.21095092880573
2025-09-02 16:00:00,2.7904,2.8054,2.7818,2.7826,2377330.8,0.005619120631539243,0.008158301260562023,-0.0025391806290227803,49.35129302752343,58.07172423287369,31.910430616822907
2025-09-02 16:30:00,2.7827,2.7995,2.7827,2.7954,1701827.5,0.0044044257170172685,0.007407526151853073,-0.0030031004348358044,46.23419535168225,54.12588127247654,30.450823510093684
2025-09-02 17:00:00,2.7955,2.8036,2.788,2.8016,1780781.9,0.003897135676100838,0.006705448056702626,-0.0028083123806017882,45.443427762161605,51.23173010237156,33.8668230817417
2025-09-02 17:30:00,2.8015,2.8071,2.793,2.8058,1334680.4,0.0037903171463105068,0.006122421874624202,-0.0023321047283136956,45.984507396996634,49.482655867246585,38.98821045649673
2025-09-02 18:00:00,2.8057,2.8068,2.7952,2.8005,1271870.9,0.003240640894806912,0.005546065678660745,-0.002305424783853833,40.44179090725991,46.469034213917695,28.38730429394434
2025-09-02 18:30:00,2.8006,2.821,2.793,2.8138,2233633.4,0.0038340211434038096,0.005203656771609358,-0.0013696356282055485,43.70635354047578,45.548140656103726,40.022779309219885
2025-09-02 19:00:00,2.8138,2.8229,2.8034,2.807,2235727.9,0.0037127775074790037,0.0049054809187832876,-0.0011927034113042839,43.57055871770549,44.88894667663765,40.933782799841154
2025-09-02 19:30:00,2.807,2.8287,2.8001,2.8282,2947626.7,0.005266643291213846,0.0049777133932694,0.0002889298979444465,62.02500645146239,50.60096660157924,84.87308615122869
2025-09-02 20:00:00,2.8282,2.8506,2.817,2.8497,4612899.2,0.008139140491675967,0.005609998812950713,0.0025291416787252535,74.2472911226803,58.48307477527959,105.77572381748172
2025-09-02 20:30:00,2.8497,2.8549,2.8361,2.8433,3337667.2,0.00978637743800137,0.006445274537960845,0.003341102900040525,77.4760334169669,64.81406098917536,102.79997827254996
2025-09-02 21:00:00,2.8433,2.8493,2.8333,2.8368,2297481.7,0.01044690350776678,0.007245600331922033,0.0032013031758447476,75.9655868021434,68.5312362601647,90.83428788610081
2025-09-02 21:30:00,2.8369,2.8461,2.8356,2.8449,950400.2,0.011491510502508628,0.008094782366039352,0.0033967281364692768,78.59202825043259,71.884833590254,92.00641757078978
2025-09-02 22:00:00,2.845,2.8455,2.8345,2.8438,1640236.0,0.012091228113744634,0.008894071515580408,0.003197156598164226,79.75063595801574,74.50676771284124,90.23837244836474
2025-09-02 22:30:00,2.8437,2.8604,2.8406,2.8604,1570642.8,0.01374751708991262,0.009864760630446851,0.0038827564594657686,86.50042397201048,78.50465313256431,102.49196565090281
2025-09-02 23:00:00,2.8604,2.8626,2.8523,2.8543,2162037.8,0.014401902845144754,0.010772189073386432,0.003629713771758322,86.57361598134021,81.19430741548962,97.33223311304141
2025-09-02 23:30:00,2.8544,2.8641,2.8507,2.862,2257736.1,0.015364719002718186,0.011690695059252784,0.0036740239434654015,89.95532732089349,84.11464738395757,101.6366871947653
2025-09-03 00:00:00,2.862,2.8637,2.8488,2.861,2382636.9,0.015864193553492445,0.012525394758100716,0.0033387987953917286,91.10963788838059,86.44631088543191,100.43629189427796
2025-09-03 00:30:00,2.8609,2.8631,2.8377,2.8412,2001168.4,0.014495244058475354,0.012919364618175645,0.0015758794402997087,69.28954214203749,80.72738797096711,46.413850484178255
2025-09-03 01:00:00,2.8413,2.8417,2.8257,2.8283,2979175.5,0.0122284574847904,0.012781183191498598,-0.0005527257067081976,48.44997253913623,69.96824949369015,5.413418630028389
2025-09-03 01:30:00,2.8284,2.849,2.8281,2.8479,2273908.7,0.011876662220680512,0.012600278997334981,-0.0007236167766544697,51.570815026090905,63.835771337823736,27.040902402625235
2025-09-03 02:00:00,2.8479,2.8654,2.8467,2.8591,2338885.0,0.012359139865942392,0.012552051171056464,-0.00019291130511407163,62.424204139980056,63.365248938542514,60.542114542855145
2025-09-03 02:30:00,2.859,2.8611,2.8503,2.8506,1248277.8,0.01191824184025414,0.012425289304896,-0.0005070474646418598,62.522937100876675,63.08447832598724,61.39985465065554
2025-09-03 03:00:00,2.8506,2.8509,2.8381,2.8404,1627933.5,0.010623313280637703,0.01206489410004434,-0.0014415808194066376,54.02452733677239,60.06449466291562,41.94459268448591
2025-09-03 03:30:00,2.8403,2.8426,2.8353,2.8412,1449744.1,0.009551522377455157,0.011562219755526505,-0.0020106973780713473,49.03062527741181,56.38653820108102,34.31879943007338
2025-09-03 04:00:00,2.8412,2.8444,2.8307,2.8335,1648735.0,0.007988705887754133,0.01084751698197203,-0.0028588110942178967,39.23620190618384,50.66975943611529,16.369086846320926
2025-09-03 04:30:00,2.8335,2.8387,2.833,2.8363,934077.4,0.006896599454082164,0.010057333476394058,-0.0031607340223118938,35.057551900512216,45.46569025758094,14.241275186374779
2025-09-03 05:00:00,2.8363,2.8372,2.8301,2.8316,1040680.5,0.005587438009420964,0.009163354382999438,-0.003575916373578474,28.325521586067737,39.75230070040987,5.471963357383473
2025-09-03 05:30:00,2.8317,2.8331,2.824,2.8268,1671288.4,0.0041151612307333,0.008153715752546212,-0.004038554521812912,21.138109398763444,33.54757026652773,-3.680812336765129
2025-09-03 06:00:00,2.8268,2.8274,2.8154,2.8241,2872551.0,0.002699386988390895,0.007062849999715149,-0.004363463011324254,19.892072932509034,28.99573782185483,1.6847431538174362
2025-09-03 06:30:00,2.8241,2.8263,2.8145,2.818,2046430.7,0.0010727902231550956,0.005864838044403139,-0.004792047821248043,15.764958492917515,24.58547804554239,-1.8760806123322382
2025-09-03 07:00:00,2.818,2.8212,2.811,2.8143,2086302.2,-0.0005089911766527067,0.0045900722001919695,-0.005099063376844676,13.266864559187981,20.812606883424255,-1.824620089284565
2025-09-03 07:30:00,2.8144,2.8232,2.8135,2.8211,1757803.2,-0.001200027986454355,0.0034320521628627048,-0.00463208014931706,18.9244166921533,20.183210153000605,16.406829770458693
2025-09-03 08:00:00,2.821,2.8387,2.8202,2.8318,2629699.8,-0.0008742018062535273,0.0025708013690394584,-0.0034450031752929857,33.37476082870101,24.580393711567407,50.963495062968214
2025-09-03 08:30:00,2.8319,2.8375,2.8286,2.8374,2259685.4,-0.00016223882397348177,0.0020241933304368702,-0.002186432154410352,54.01879362105982,34.39319368139821,93.26999350038305
2025-09-03 09:00:00,2.8374,2.8437,2.8326,2.8407,3694292.3,0.0006606636701080859,0.0017514873983711136,-0.0010908237282630277,66.28775843850461,45.02471526710034,108.81384478131314
2025-09-03 09:30:00,2.8406,2.8489,2.838,2.8468,3095434.8,0.001784468602278988,0.0017580836391526884,2.638496312629959e-05,75.67820659312798,55.24254570910955,116.54952836116485
2025-09-03 10:00:00,2.8468,2.86,2.842,2.8593,1950649.7,0.0036417577246092847,0.002134818456244008,0.0015069392683652767,83.30928058589505,64.59812400137139,120.73159375494237
2025-09-03 10:30:00,2.8593,2.8639,2.8445,2.8477,2371186.6,0.0041300411369809,0.0025338629923913865,0.0015961781445895133,78.66491421542345,69.28705407272207,97.42063450082622
2025-09-03 11:00:00,2.8476,2.859,2.8473,2.8566,1711847.4,0.0051755048801558345,0.0030621913699442763,0.0021133135102115582,81.17673550089334,73.25028121544584,97.02964407178834
2025-09-03 11:30:00,2.8566,2.8616,2.85,2.857,2759089.8,0.00596752912474896,0.0036432589209052135,0.002324270203843747,82.88766493710358,76.46274245599842,95.73750989931389
2025-09-03 12:00:00,2.857,2.8663,2.857,2.8586,1092704.3,0.0066476902380374625,0.004244145184331664,0.0024035450537057985,83.0241699725305,78.64988496150912,91.77273999457327
2025-09-03 12:30:00,2.8586,2.8753,2.8422,2.8454,4138258.4,0.006051831392459572,0.004605682425957246,0.0014461489665023265,67.34088133786132,74.88021708695986,52.26220983966422
2025-09-03 13:00:00,2.8455,2.8565,2.8454,2.8524,1517885.8,0.006074428235468776,0.004899431587859552,0.0011749966476092243,60.35059536497534,70.03700984629835,40.97776640232934
2025-09-03 13:30:00,2.8524,2.875,2.8492,2.8594,2953691.6,0.006581312619758695,0.005235807794239381,0.0013455048255193135,59.35794829514871,66.4773226625818,45.11919956028254
2025-09-03 14:00:00,2.8594,2.8738,2.854,2.8704,2792095.5,0.0077809364237495515,0.005744833520141416,0.002036102903608136,68.00039395852745,66.98501309456368,70.03115568645498
2025-09-03 14:30:00,2.8704,2.8867,2.8702,2.8729,5162458.8,0.008831571182730702,0.0063621810526592725,0.0024693901300714294,68.32985065399966,67.43329228104234,70.1229673999143
2025-09-03 15:00:00,2.873,2.8767,2.8623,2.8652,2285347.3,0.008939828373582426,0.006877710516843903,0.0020621178567385226,62.781698188808946,65.88276091696454,56.57957273249775
2025-09-03 15:30:00,2.8651,2.8755,2.8645,2.8723,2208800.8,0.009489148641359968,0.007399998141747117,0.0020891504996128508,64.40128193860684,65.38893459084531,62.42597663412991
2025-09-03 16:00:00,2.8722,2.8743,2.8638,2.8639,979180.4,0.00914130385239531,0.007748259283876757,0.0013930445685185538,59.18886960701143,63.322246262900684,50.922116295232925
2025-09-03 16:30:00,2.8639,2.866,2.856,2.8598,1039734.4,0.008437535953891295,0.007886114617879664,0.0005514213360116316,52.64276700392517,59.762419843242185,38.40346132529115
2025-09-03 17:00:00,2.8599,2.8688,2.8591,2.862,865658.0,0.007965495167839176,0.007901990727871566,6.35044399676099e-05,48.4930795361116,56.00597307419866,33.4672924599375
2025-09-03 17:30:00,2.8619,2.868,2.8566,2.8621,1339035.2,0.007512864977424538,0.00782416557778216,-0.0003113006003576217,43.79538635740757,51.93577750193496,27.514604068352796
2025-09-03 18:00:00,2.8621,2.8677,2.8582,2.8596,1166697.3,0.0068731932900343296,0.0076339711202325945,-0.000760777830198265,34.9053849926039,46.2589799988246,12.198194980162498
2025-09-03 18:30:00,2.8597,2.8597,2.845,2.8517,3598019.8,0.005663499594330101,0.007239876815052096,-0.0015763772207219948,28.625972089393798,40.381310695681,5.115294876819391
2025-09-03 19:00:00,2.8517,2.852,2.8433,2.8495,1568369.2,0.004475693996905505,0.006687040251422778,-0.002211346254517273,25.271606143427988,35.344742511596664,5.125333407090636
2025-09-03 19:30:00,2.8496,2.8673,2.8485,2.8651,3645113.3,0.004738516460497166,0.006297335493237657,-0.0015588190327404904,39.41502521363089,36.70150341227474,44.8420688163432
2025-09-03 20:00:00,2.8651,2.8675,2.856,2.8563,1578400.8,0.004188437006495516,0.005875555795889229,-0.0016871187893937132,40.25517809940987,37.88606164131978,44.99341101559004
2025-09-03 20:30:00,2.8563,2.8619,2.8541,2.8568,854431.9,0.0037496176393267966,0.0054503681645767426,-0.001700750525249946,44.48384422313575,40.0853225019251,53.280887665557046
2025-09-03 21:00:00,2.8569,2.8581,2.8478,2.8497,1131378.6,0.002796700840099753,0.004919634699681345,-0.002122933859581592,38.02190922065237,39.39751807483419,35.270691512288735
2025-09-03 21:30:00,2.8496,2.8501,2.8392,2.8456,1278281.9,0.0016911768425273976,0.004273943128250556,-0.002582766285723158,32.75534688784255,37.18346101250364,23.899118638520363
2025-09-03 22:00:00,2.8455,2.8568,2.8437,2.8448,2569027.6,0.0007419352279907088,0.0035675415481985864,-0.0028256063202078776,28.38660552756782,34.25117585085837,16.657464880986723
2025-09-03 22:30:00,2.8448,2.8462,2.8406,2.8462,604723.9,0.00010145321970123078,0.0028743238824991157,-0.002772870662797885,27.169397795763782,31.89058316582684,17.727027055637663
2025-09-03 23:00:00,2.8462,2.8471,2.8423,2.8461,596577.1,-0.00040948229357118393,0.0022175626472850556,-0.0026270449408562395,26.24014034440772,30.0071022253538,18.70621658251556
2025-09-03 23:30:00,2.8462,2.848,2.842,2.8443,976937.1,-0.0009487111738430976,0.001584307883059425,-0.0025330190569025227,23.500494034081083,27.838232828262893,14.82501644571746
2025-09-04 00:00:00,2.8442,2.857,2.8437,2.8528,1056327.5,-0.0006823097418759971,0.0011309843580723407,-0.0018132940999483378,31.685841723544907,29.12076912669023,36.81598691725426
2025-09-04 00:30:00,2.8527,2.8559,2.8463,2.8464,1178793.0,-0.0009763563721936208,0.0007095162120191484,-0.0016858725842127692,31.696581707033044,29.979373320137835,35.13099848082346
2025-09-04 01:00:00,2.8464,2.8464,2.8345,2.8394,1867394.5,-0.0017540127763200353,0.00021681041435131173,-0.001970823190671347,28.051958426157782,29.33690168881115,25.482071900851047
2025-09-04 01:30:00,2.8393,2.845,2.8361,2.8408,1472138.1,-0.002231618075549502,-0.000272875283628851,-0.001958742791920651,28.0346389507723,28.902814109464867,26.298288633387166
2025-09-04 02:00:00,2.8408,2.845,2.8367,2.8368,1652190.4,-0.002899467035623271,-0.000798193634027735,-0.002101273401595536,22.097166707922824,26.634264975617516,13.02297017253344
2025-09-04 02:30:00,2.8368,2.8448,2.8337,2.8378,1030311.0,-0.0033098960837083524,-0.0013005341239638586,-0.002009361959744494,20.596966646483825,24.62183219923962,12.547235540972238
2025-09-04 03:00:00,2.8379,2.8506,2.8331,2.8447,1465481.4,-0.0030433103398008754,-0.001649089367131262,-0.0013942209726696133,29.909832715507946,26.384499037995727,36.96050007053238
2025-09-04 03:30:00,2.8447,2.851,2.841,2.8444,1138316.3,-0.0028236968898474046,-0.0018840108716744906,-0.000939686018172914,35.700000053016105,29.48966604300252,48.12066807304327
2025-09-04 04:00:00,2.8445,2.8541,2.8384,2.8501,1467416.6,-0.002164755333446955,-0.0019401597640289836,-0.00022459556941797128,47.509902406333914,35.49641149744632,71.53688422410912
2025-09-04 04:30:00,2.85,2.8629,2.8489,2.8509,1314194.3,-0.0015600033410141378,-0.0018641284794260146,0.0003041251384118767,51.583782812276716,40.858868602389784,73.03361123205057
2025-09-04 05:00:00,2.8509,2.8509,2.8257,2.8303,3916700.9,-0.0027117218273873256,-0.002033647149018277,-0.0006780746783690487,38.51105234080092,40.07626318186016,35.38063065868245
2025-09-04 05:30:00,2.8304,2.8359,2.8273,2.8329,2113621.2,-0.0033757551505870786,-0.0023020687493320374,-0.0010736864012550413,32.12564779709319,37.4260580536045,21.524827284070554
2025-09-04 06:00:00,2.8329,2.8332,2.8192,2.8215,2609355.5,-0.004766940743970327,-0.0027950431482596954,-0.0019718975957106317,23.171484496307723,32.67453353450558,4.165386419912011
2025-09-04 06:30:00,2.8214,2.8215,2.814,2.8146,2421607.2,-0.006353004206090862,-0.003506635359825929,-0.002846368846264933,15.856654285881996,27.068573784964386,-6.567184712282781
2025-09-04 07:00:00,2.8145,2.8254,2.8143,2.8172,2271795.9,-0.007315840203979906,-0.0042684763286567244,-0.003047363875323182,12.752425283975938,22.296524284634902,-6.335772717341989
2025-09-04 07:30:00,2.8172,2.8266,2.8165,2.8247,1306339.4,-0.007388536895157394,-0.004892488441956859,-0.002496048453200535,15.795413720332965,20.12948742986759,7.12726630126371
2025-09-04 08:00:00,2.8247,2.8526,2.824,2.8526,3398934.4,-0.005135652115936029,-0.004941121176752693,-0.0001945309391833362,36.842477585879756,25.70048414853831,59.12646446056265
2025-09-04 08:30:00,2.8526,2.8557,2.8363,2.8371,3444784.3,-0.004548512734883214,-0.004862599488378797,0.00031408675349558265,40.30807299181352,30.56968042963005,59.78485811618045
2025-09-04 09:00:00,2.8372,2.8504,2.8371,2.8427,2101927.9,-0.003589944698618286,-0.0046080685304266955,0.0010181238318084096,49.81369534386263,36.98435206770758,75.47238189617273
2025-09-04 09:30:00,2.8427,2.8476,2.8389,2.8428,1321767.3,-0.002790041596716364,-0.004244463143684629,0.001454421546968265,56.23071296305462,43.399805699489924,81.89252749018401
2025-09-04 10:00:00,2.8428,2.8474,2.8362,2.8407,1072666.8,-0.00229906290893922,-0.003855383096735547,0.001556320187796327,58.83006763484209,48.54322634460731,79.40375021531163
2025-09-04 10:30:00,2.8407,2.8452,2.8386,2.8419,1156175.9,-0.0017924663540260788,-0.0034427997481936536,0.0016503333941675748,61.52220336327584,52.86955201749682,78.82750605483388
2025-09-04 11:00:00,2.8419,2.851,2.839,2.8433,1199938.2,-0.0012634523425809618,-0.0030069302670711153,0.0017434779244901535,64.36423863509866,56.7011142233641,79.69048745856776
2025-09-04 11:30:00,2.8433,2.8474,2.8401,2.8413,923933.3,-0.0009941285177439418,-0.002604369917205681,0.001610241399461739,63.99792779754864,59.13338541475895,73.72701256312803
2025-09-04 12:00:00,2.8414,2.8471,2.8393,2.8438,2081033.2,-0.0005723605237237805,-0.002197968038509301,0.0016256075147855205,63.485474472813564,60.58408176744382,69.28825988355305
2025-09-04 12:30:00,2.8438,2.8482,2.8327,2.8463,1800301.7,-3.596268768246702e-05,-0.0017655669683439344,0.0017296042806614674,62.03379457607826,61.06731937032197,63.96674498759083
2025-09-04 13:00:00,2.8462,2.8468,2.8387,2.8407,1174671.3,-6.202178836067773e-05,-0.0014248579323472832,0.0013628361439866055,55.92781204889737,59.354150263180436,49.07513562033124
2025-09-04 13:30:00,2.8407,2.8443,2.821,2.8262,4033745.9,-0.001238426818369387,-0.001387571709551704,0.0001491448911823171,43.06298581037592,53.923762112245605,21.34143320663655
2025-09-04 14:00:00,2.8262,2.8379,2.8078,2.8308,6634876.1,-0.0017790469778531381,-0.001465866763211991,-0.00031318021464114723,46.45557078716424,51.43436500388515,36.49798235372242
2025-09-04 14:30:00,2.8309,2.8458,2.8306,2.8348,4070428.4,-0.0018632474221456086,-0.0015453428949987146,-0.000317904527146894,51.80371385810954,51.55748128862661,52.29617899707539
2025-09-04 15:00:00,2.8348,2.8375,2.8076,2.8135,3986425.4,-0.0036071281414953305,-0.0019576999442980376,-0.0016494281971972929,39.067299254100675,47.39408727711797,22.413723208066088
2025-09-04 15:30:00,2.8135,2.8157,2.804,2.8104,2039018.8,-0.0051796030282624805,-0.002602080561090926,-0.0025775224671715545,30.871412172417177,41.88652890888437,8.841178699482782
2025-09-04 16:00:00,2.8105,2.8205,2.8048,2.8048,1743469.6,-0.006799295853755272,-0.0034415236196237956,-0.003357772234131476,21.18425969865546,34.985772505474735,-6.418765914983091
2025-09-04 16:30:00,2.8047,2.8106,2.8013,2.8072,2346882.9,-0.007799348114710725,-0.004313088518641182,-0.003486259596069543,18.31615891779591,29.429234642915123,-3.9099925324425158
2025-09-04 17:00:00,2.8072,2.82,2.8072,2.8194,2102993.9,-0.00752076401016355,-0.004954623616945656,-0.0025661403932178938,25.470845871937172,28.109771719255804,20.19299417729991
2025-09-04 17:30:00,2.8195,2.8214,2.8123,2.8154,1072313.2,-0.00753588171731101,-0.005470875237018727,-0.0020650064802922837,27.542361667433724,27.92063503531511,26.78581493167095
2025-09-04 18:00:00,2.8155,2.8234,2.8024,2.8038,1359507.1,-0.008387203206189575,-0.006054140830852896,-0.0023330623753366787,20.23423362098573,25.35850123053865,9.985698401879887
2025-09-04 18:30:00,2.8038,2.8074,2.7966,2.7993,1842287.1,-0.00931758667233451,-0.00670682999914922,-0.00261075667318529,15.318757373340032,22.01191994480578,1.932432230408537
2025-09-04 19:00:00,2.7992,2.8074,2.7966,2.8026,1194696.8,-0.00967708840025594,-0.0073008816793705645,-0.0023762067208853753,15.10248046568213,19.70877345176456,5.889894493517268
2025-09-04 19:30:00,2.8026,2.8042,2.7842,2.785,3214538.2,-0.011252457692499718,-0.008091196881996394,-0.0031612608105033232,10.74859241929859,16.72204644094257,-1.198315623989366
2025-09-04 20:00:00,2.785,2.8059,2.785,2.8058,2072387.4,-0.010699228987647746,-0.008612803303126665,-0.0020864256845210816,25.53307521830809,19.659056033397743,37.28111358812878
2025-09-04 20:30:00,2.8059,2.807,2.7988,2.8018,1038943.3,-0.01046294747828913,-0.008982832138159157,-0.0014801153401299734,31.988036540096743,23.768716202297412,48.426677215695406
2025-09-04 21:00:00,2.8018,2.8063,2.7991,2.8023,801992.9,-0.010118704729038974,-0.009210006656335121,-0.0009086980727038528,36.71651415598282,28.08464885352588,53.9802447608967
2025-09-04 21:30:00,2.8024,2.8141,2.8005,2.8131,752170.6,-0.008872147535420982,-0.009142434832152295,0.0002702872967313124,49.052506035961386,35.07393458100438,77.0096489458754
2025-09-04 22:00:00,2.8131,2.8139,2.8031,2.8102,1208203.6,-0.008025732098422278,-0.008919094285406291,0.0008933621869840133,54.810514228056036,41.65279446335493,81.12595375745825
2025-09-04 22:30:00,2.8103,2.823,2.806,2.8195,1218116.3,-0.006529244424438474,-0.008441124313212728,0.0019118798887742539,66.86680329980383,50.05746407550456,100.48548174840236
2025-09-04 23:00:00,2.8196,2.8256,2.8092,2.8092,1653862.2,-0.006104027649385557,-0.007973704980447294,0.0018696773310617372,64.70669334318659,54.94054049806524,84.23899903342927
2025-09-04 23:30:00,2.8093,2.8096,2.7941,2.7946,2194653.3,-0.006865991399422899,-0.007752162264242416,0.0008861708648195167,51.51138654441112,53.79748918018053,46.93918127287229
2025-09-05 00:00:00,2.7947,2.8003,2.7912,2.7959,1513203.0,-0.007281022925527125,-0.0076579343964993584,0.0003769114709722332,43.29002124307204,50.294999867811036,29.280063993594055
2025-09-05 00:30:00,2.796,2.7991,2.778,2.7818,2591888.2,-0.008648001780160897,-0.007855947873231666,-0.0007920539069292305,31.521078587818348,44.03702610781347,6.489183547828105
2025-09-05 01:00:00,2.7818,2.7982,2.7784,2.7973,1702904.5,-0.008383976645983005,-0.007961553627781934,-0.00042242301820107075,34.52945855434377,40.86783692332357,21.85270181638417
2025-09-05 01:30:00,2.7972,2.8089,2.7965,2.8048,942899.8,-0.007483284855433592,-0.007865899873312265,0.0003826150178786736,41.787146039030375,41.17427329522584,43.01289152663945
2025-09-05 02:00:00,2.8048,2.8139,2.802,2.808,2591560.6,-0.0064370643944000605,-0.007580132777529825,0.0011430683831297646,48.86650072069795,43.73834910371654,59.12280395466077
2025-09-05 02:30:00,2.8079,2.8126,2.8044,2.8103,1396963.4,-0.005360543356332403,-0.007136214893290341,0.0017756715369579377,55.19671476617939,47.55780432453749,70.47453564946319
2025-09-05 03:00:00,2.8104,2.8104,2.7979,2.7983,1310239.3,-0.00541329133669155,-0.006791630181970583,0.0013783388452790323,51.013496118629206,48.709701589234726,55.621085177418166
2025-09-05 03:30:00,2.7984,2.8074,2.7982,2.8071,860514.7,-0.004690933870173275,-0.006371490919611122,0.001680557049437847,61.028496019662064,52.815966399377174,77.45355526023184
2025-09-05 04:00:00,2.8071,2.8094,2.8034,2.8079,959525.9,-0.0040077086884826585,-0.00589873447338543,0.0018910257849027714,68.44796670577303,58.026633168175785,89.29063378096753
2025-09-05 04:30:00,2.808,2.8172,2.808,2.8163,1050022.3,-0.0027566609399958253,-0.005270319766707509,0.0025136588267116837,78.20000501473294,64.7510904503615,105.09783414347581
2025-09-05 05:00:00,2.8164,2.8209,2.8131,2.8155,1027705.8,-0.0018088980494153084,-0.00457803542324907,0.0027691373738337613,81.23137589217502,70.24451893096601,103.20508981459304
2025-09-05 05:30:00,2.8155,2.8177,2.8106,2.8119,1735549.4,-0.0013329140405624607,-0.003929011146711748,0.0025960971061492876,75.1925019609037,71.8938466076119,81.78981266748727
2025-09-05 06:00:00,2.8119,2.8124,2.8041,2.8061,2119637.2,-0.0014074802553865062,-0.0034247049684467,0.002017224713060194,62.01239261161687,68.60002860894689,48.83712061695684
2025-09-05 06:30:00,2.806,2.8141,2.8054,2.8136,886554.4,-0.0008515708196457084,-0.002910078138686502,0.0020585073190407936,64.0952182628173,67.09842516023703,58.08880446797784
2025-09-05 07:00:00,2.8137,2.8382,2.8137,2.8378,4833990.6,0.001524159602312558,-0.00202323059048669,0.003547390192799248,75.73262689812306,69.97649240619904,87.2448958819711
2025-09-05 07:30:00,2.8378,2.8496,2.8334,2.8443,2988678.2,0.0038866360343043915,-0.0008412572655284737,0.0047278932998328655,80.38465658318445,73.44588046519418,94.26220881916501
2025-09-05 08:00:00,2.8443,2.8457,2.8327,2.8392,2136502.9,0.005286449352425837,0.0003842840580623886,0.0049021652943634485,79.41949688518203,75.43708593852347,87.38431877849916
2025-09-05 08:30:00,2.8391,2.8444,2.8391,2.8437,1240880.8,0.006681899110470457,0.0016438070685440025,0.005038092041926455,81.95732026777704,77.610497381608,90.6509660401151
2025-09-05 09:00:00,2.8437,2.8441,2.8284,2.8296,1862232.5,0.006574266879759261,0.002629899030787054,0.003944367848972207,73.31953219317006,76.18017565212868,67.59824527525282
2025-09-05 09:30:00,2.8296,2.8493,2.8284,2.8449,3093416.5,0.007635532033706038,0.0036310256313708514,0.004004506402335187,78.76979801888983,77.04338310771573,82.22262784123802
2025-09-05 10:00:00,2.8449,2.8543,2.8409,2.8439,2449006.3,0.008300220891827692,0.00456486468346222,0.003735356208365472,78.9408215212255,77.67586257888566,81.47073940590519
2025-09-05 10:30:00,2.8439,2.848,2.8388,2.8391,1445199.7,0.00834349312093341,0.005320590370956458,0.0030229027499769513,75.59926615389148,76.98366377055426,72.83047092056592
2025-09-05 11:00:00,2.8391,2.8467,2.8386,2.8454,1247070.6,0.00878487742440992,0.006013447781647151,0.002771429642762769,76.42578334725795,76.79770362945548,75.68194278286288
2025-09-05 11:30:00,2.8455,2.8473,2.8432,2.8439,603728.5,0.008910920654491061,0.0065929423562159336,0.0023179782982751277,70.8990421800256,74.83148314631218,63.034160247452434
2025-09-05 12:00:00,2.8439,2.8562,2.8407,2.8561,1758067.6,0.009881342892822165,0.00725062246353718,0.0026307204292849848,80.47945737661207,76.71414122307881,88.01008968367861
2025-09-05 12:30:00,2.8562,2.8788,2.8352,2.8757,17369412.1,0.01209257008361897,0.008219011987553539,0.003873558096065431,84.93604036747692,79.45477427121152,95.89857256000772
2025-09-05 13:00:00,2.8757,2.8788,2.8659,2.8667,2875002.5,0.012969257254943134,0.009169061041031459,0.0038001962139116753,81.954714742339,80.28808776158735,85.2879687038423
2025-09-05 13:30:00,2.8667,2.8849,2.8635,2.8816,5196534.2,0.01469692660848887,0.01027463415452294,0.004422292453965929,86.02290717335882,82.19969423217783,93.66933305572078
2025-09-05 14:00:00,2.8815,2.8815,2.8219,2.8273,9627439.4,0.011551403434104213,0.010529988010439195,0.0010214154236650175,60.20574763938222,74.86837870124596,30.880485515654726
2025-09-05 14:30:00,2.8273,2.8305,2.8,2.8094,8592813.6,0.007527402047516674,0.009929470817854693,-0.0024020687703380193,43.82778150438605,64.52151296895933,2.440318575239502
2025-09-05 15:00:00,2.8093,2.827,2.8006,2.8237,3279211.5,0.005429652789677775,0.009029507212219309,-0.0035998544225415343,38.52358578502071,55.85553724097979,3.8596828731025283
2025-09-05 15:30:00,2.8237,2.8255,2.8128,2.8148,1717912.1,0.003014269151317528,0.007826459600038953,-0.0048121904487214255,31.493148277567837,47.73474091984247,-0.9900370069814386
2025-09-05 16:00:00,2.8148,2.8169,2.8044,2.8066,2351255.5,0.0004333928631288231,0.006347846252656927,-0.005914453389528104,23.58671604841395,39.68539929603296,-8.610650446824067
2025-09-05 16:30:00,2.8067,2.8145,2.8061,2.8141,1521807.1,-0.0009953095605310658,0.004879215090019329,-0.005874524650550395,21.26040198280599,33.543733524957304,-3.3062611014966308
2025-09-05 17:00:00,2.8141,2.8168,2.8082,2.8118,1226078.5,-0.0022867965356430098,0.0034460127648868613,-0.005732809300529871,18.8065027745601,28.631323274824904,-0.8431382259695042
2025-09-05 17:30:00,2.8118,2.8196,2.8037,2.8179,1765627.3,-0.0027859752593277776,0.0021996151600439337,-0.004985590419371711,19.565544448842967,25.60939699949759,7.477839347533717
2025-09-05 18:00:00,2.8179,2.828,2.8132,2.828,1486898.8,-0.0023396226894587535,0.0012917675901433963,-0.0036313902796021496,24.495639039514938,25.238144346170042,23.010628426204725
2025-09-05 18:30:00,2.828,2.8398,2.8273,2.8355,1367319.6,-0.0013649632949519486,0.0007604214131243273,-0.0021253847080762757,46.062419326176006,32.17956933950536,73.82811929951728
2025-09-05 19:00:00,2.8355,2.8533,2.8333,2.8507,2032275.0,0.0006267494875809021,0.0007336870280156423,-0.00010693754043474024,62.39708410486359,42.25207426129143,102.6871037920079
2025-09-05 19:30:00,2.8506,2.865,2.8454,2.8648,2813182.2,0.003304852100818767,0.0012479200425762674,0.0020569320582424994,74.8226346452215,53.10892772260146,118.25004849046157
2025-09-05 20:00:00,2.8648,2.8653,2.8491,2.851,2924618.3,0.00426456381089535,0.001851248796240084,0.002413315014655266,75.47699452538575,60.564949990196226,105.3010835957648
2025-09-05 20:30:00,2.8511,2.8564,2.8464,2.8501,1615421.7,0.004896080805275815,0.0024602151980472305,0.002435865607228585,75.4262214584822,65.51870714629155,95.24125008286353
2025-09-05 21:00:00,2.8501,2.8519,2.8242,2.8334,3501043.2,0.004002869552380162,0.002768746068913817,0.0012341234834663448,66.35557621041677,65.79766350099995,67.47140162925044
2025-09-05 21:30:00,2.8334,2.8412,2.8216,2.8226,1293730.3,0.0023959049576340874,0.0026941778466578713,-0.0002982728890237839,54.464323534217215,62.01988351207237,39.35320357850691
2025-09-05 22:00:00,2.8225,2.8274,2.8165,2.8169,1158762.7,0.0006548824978453993,0.002286318776895377,-0.0016314362790499776,38.676791505217,54.23885284312058,7.552668829409825
2025-09-05 22:30:00,2.8169,2.8244,2.8166,2.8188,723606.8,-0.0005650625347279892,0.0017160425145707036,-0.002281105049298693,27.355565921510763,45.27775720258398,-8.488816640635662
2025-09-05 23:00:00,2.8189,2.8239,2.8159,2.822,1252642.0,-0.0012591498105645194,0.001121004049543659,-0.0023801538601081786,22.35310332689112,37.63620591068636,-8.213101840699352
2025-09-05 23:30:00,2.8221,2.8224,2.8141,2.8147,908958.6,-0.0023709372795468475,0.00042261578372555764,-0.0027935530632724054,15.292693884594323,30.18836856865568,-14.498655483528388
2025-09-06 00:00:00,2.8146,2.8228,2.814,2.8205,957591.7,-0.0027522985469312644,-0.00021236708240580671,-0.0025399314645254576,14.418651023777608,24.93179605369632,-6.607639036059815
2025-09-06 00:30:00,2.8205,2.8236,2.8138,2.8155,862626.2,-0.0034185810379367965,-0.0008536098735120047,-0.0025649711644247916,10.942637458731275,20.268743188707973,-7.709574001222123
2025-09-06 01:00:00,2.8155,2.8192,2.8123,2.8159,749161.9,-0.0038697302142187695,-0.0014568339416533575,-0.002412896272565412,10.325394669457248,16.954293682291063,-2.9324033562103793
2025-09-06 01:30:00,2.8159,2.82,2.8127,2.8183,640062.8,-0.00398764218749692,-0.00196299559082207,-0.0020246465966748503,13.804011671218042,15.904199678600056,9.603635656454014
2025-09-06 02:00:00,2.8182,2.8202,2.8126,2.8144,589014.1,-0.00434569125844142,-0.00243953472434594,-0.0019061565340954796,13.838436036882682,15.215611798027597,11.084084514592849
2025-09-06 02:30:00,2.8144,2.8258,2.8128,2.823,1281276.8,-0.003890650601677592,-0.002729757899812271,-0.0011608927018653212,35.64537711100791,22.025533569021036,62.88506419498165
2025-09-06 03:00:00,2.8229,2.8262,2.8198,2.8242,465574.5,-0.0033940728722852143,-0.0028626208943068597,-0.0005314519779783546,52.30075500446038,32.117274047500814,92.66771691837951
2025-09-06 03:30:00,2.8242,2.8289,2.8213,2.827,387475.8,-0.002742975530199754,-0.0028386918214854387,9.571629128568484e-05,64.38524229213017,42.87326346237726,107.40919995163601
2025-09-06 04:00:00,2.827,2.827,2.8182,2.8186,506432.6,-0.0028716830196744425,-0.0028452900611232396,-2.6392958551202904e-05,55.574097271058655,47.10687473193772,72.50854234930051
2025-09-06 04:30:00,2.8186,2.8191,2.8155,2.8169,273705.0,-0.003075409024024367,-0.002891313853703465,-0.00018409517032090192,46.28634597187033,46.83336514524859,45.19230762511381
2025-09-06 05:00:00,2.8169,2.8174,2.8146,2.8167,428825.9,-0.00321593043456625,-0.002956237169876022,-0.0002596932646902277,39.69290534670868,44.45321187906862,30.172292281988803
2025-09-06 05:30:00,2.8167,2.8179,2.8138,2.8143,352697.9,-0.0034808297683577294,-0.003061155689572364,-0.0004196740787853655,29.93841951539191,39.61494775784305,10.585363030489631
2025-09-06 06:00:00,2.8142,2.8175,2.8135,2.8155,346751.5,-0.0035529779100080816,-0.0031595201336595074,-0.00039345777634857424,25.889416691242758,35.03977073564295,7.588708602442367
2025-09-06 06:30:00,2.8154,2.8174,2.8143,2.8172,217315.3,-0.003433401919449075,-0.003214296490817421,-0.00021910542863165386,26.369341976356495,32.1496278158808,14.808770297307888
2025-09-06 07:00:00,2.8171,2.8207,2.8164,2.8204,315436.5,-0.0030453192838888477,-0.0031805010494317066,0.00013518176554285898,32.51462625263565,32.27129396146575,33.00129083497545
2025-09-06 07:30:00,2.8205,2.8214,2.8194,2.8204,307222.1,-0.002706561443676314,-0.0030857131282806287,0.0003791516846043145,36.61148243682175,33.718023453251085,42.398400403963095
2025-09-06 08:00:00,2.8204,2.8206,2.8156,2.8161,289644.1,-0.0027533288173708925,-0.0030192362660986815,0.000265907448727789,30.82740804430128,32.75448498360115,26.973254165701533
2025-09-06 08:30:00,2.816,2.818,2.815,2.8153,342604.0,-0.0028224106193555087,-0.0029798711367500473,0.00015746051739453856,28.146542071729087,31.21850401297713,22.002618189232997
2025-09-06 09:00:00,2.8153,2.8153,2.8075,2.8093,1186694.9,-0.0033230027933393025,-0.0030484974680678985,-0.00027450532527140397,23.080908143742167,28.50597205656548,12.230780318095547
2025-09-06 09:30:00,2.8093,2.8123,2.8079,2.8087,789054.5,-0.003725198909214633,-0.0031838377562972454,-0.0005413611529173877,18.264969937554408,25.09230468356179,4.610300445539643
2025-09-06 10:00:00,2.8086,2.8086,2.8053,2.8065,751378.5,-0.004173355992487249,-0.003381741403535246,-0.0007916145889520026,14.661118674726325,21.615242680616632,0.7528706629457105
2025-09-06 10:30:00,2.8064,2.8111,2.8044,2.8072,518111.9,-0.004421076146133629,-0.003589608352054923,-0.0008314677940787058,15.264275194915742,19.498253518716336,6.796318547314556
2025-09-06 11:00:00,2.8072,2.8072,2.8012,2.8034,961578.0,-0.004867910156585165,-0.0038452687129609717,-0.0010226414436241929,13.806546499580392,17.60101784567102,6.217603807399136
2025-09-06 11:30:00,2.8033,2.8064,2.8011,2.8064,503954.2,-0.004923202784071989,-0.004060855527183175,-0.0008623472568888143,17.907155794465794,17.703063828602613,18.315339726192157
2025-09-06 12:00:00,2.8064,2.8097,2.8049,2.8058,1004159.8,-0.004958281591543656,-0.004240340740055272,-0.0007179408514883844,19.972291897165363,18.459473184790195,22.9979293219157
2025-09-06 12:30:00,2.8059,2.8107,2.8044,2.8087,835222.9,-0.004697921322850185,-0.004331856856614255,-0.0003660644662359302,28.30499933183803,21.741315233806137,41.43236752790181
2025-09-06 13:00:00,2.8086,2.8179,2.8081,2.8151,1030676.4,-0.003929856481875049,-0.004251456781666414,0.0003216002997913645,46.64777733233705,30.043469266649776,79.85639346371158
2025-09-06 13:30:00,2.815,2.8151,2.8096,2.814,577892.4,-0.0033710608773289685,-0.004075377600798924,0.0007043167234699558,56.69375631679651,38.926898283365354,92.22747238365882
2025-09-06 14:00:00,2.814,2.8155,2.812,2.8155,483497.9,-0.0027751832854221448,-0.0038153387377235686,0.0010401554523014238,66.36726611596008,48.07368756089693,102.95442322608636
2025-09-06 14:30:00,2.8155,2.8155,2.8105,2.8113,601837.9,-0.0026117443369431115,-0.0035746198575674773,0.0009628755206243659,64.48293931540246,53.543438145732104,86.36194165474318
2025-09-06 15:00:00,2.8113,2.8176,2.8085,2.8143,975073.2,-0.0022146141711898437,-0.003302618720291951,0.0010880045491021072,69.17910240074437,58.755326230736195,90.02665474076072
2025-09-06 15:30:00,2.8142,2.8152,2.8005,2.8021,1028175.0,-0.0028514539083208668,-0.003212385757897734,0.0003609318495768673,49.1845357001128,55.565062720528395,36.42348165928159
2025-09-06 16:00:00,2.8021,2.8065,2.7976,2.8051,2113663.6,-0.0030785909797677036,-0.003185626802271728,0.00010703582250402464,45.10496140270234,52.07836228125304,31.158159645600918
2025-09-06 16:30:00,2.8052,2.808,2.7987,2.8006,856045.8,-0.0035804380758608367,-0.0032645890569895503,-0.00031584901887128647,34.996082642852706,46.38426906845293,12.21970979165225
2025-09-06 17:00:00,2.8006,2.8042,2.8,2.8016,395216.0,-0.003853048329770292,-0.003382280911545699,-0.0004707674182245934,29.89886626108087,40.88913479932891,7.918329184584792
2025-09-06 17:30:00,2.8016,2.8019,2.7968,2.7997,1119757.0,-0.004174289430927125,-0.003540682615421984,-0.000633606815505141,24.580013404823003,35.452761001160276,2.8345182121484527
2025-09-06 18:00:00,2.7997,2.8037,2.7993,2.8025,833914.5,-0.004155041981053653,-0.003663554488548318,-0.0004914874925053352,25.52129098783081,32.14227099671712,12.279330970058183
2025-09-06 18:30:00,2.8024,2.8026,2.7984,2.8007,523053.3,-0.004236200908006804,-0.0037780837724400154,-0.00045811713556678877,23.264193991886895,29.182911995107048,11.426757985446585
2025-09-06 19:00:00,2.8007,2.8019,2.7976,2.7978,537414.3,-0.004482850199403199,-0.003919037057832652,-0.0005638131415705468,17.112026763821863,25.15928358467865,1.0175131221082907
2025-09-06 19:30:00,2.7978,2.799,2.7927,2.7944,799486.3,-0.004896232405489087,-0.004114476127363939,-0.0007817562781251477,13.926536361066482,21.415034510141265,-1.0504599370830832
2025-09-06 20:00:00,2.7943,2.7994,2.7943,2.7977,515905.4,-0.004901061969739384,-0.004271793295839029,-0.0006292686739003553,20.17760376140802,21.00255759389685,18.527696096430354
2025-09-06 20:30:00,2.7976,2.8023,2.7965,2.8023,252980.9,-0.00448204169136357,-0.004313842974943937,-0.00016819871641963243,34.366768520677056,25.457294569490255,52.18571642305066
2025-09-06 21:00:00,2.8023,2.8031,2.8,2.8027,447948.8,-0.004070763220369589,-0.004265227024029068,0.000194463803659479,51.896686260162575,34.270425133047695,87.14920851439234
2025-09-06 21:30:00,2.8027,2.8072,2.8019,2.806,598139.7,-0.0034388981707831334,-0.004099961253379881,0.000661063082596748,65.17250348378684,44.57111791662741,106.3752746181057
2025-09-06 22:00:00,2.806,2.8097,2.8042,2.8052,636458.2,-0.0029684751470813175,-0.003873664032120169,0.0009051888850388516,67.958139577427,52.3667918035606,99.14083512515981
2025-09-06 22:30:00,2.8052,2.8072,2.8032,2.8055,335861.5,-0.0025421496994844084,-0.003607361165593017,0.0010652114661086087,70.4034656006376,58.379016402586274,94.45236399674025
2025-09-06 23:00:00,2.8056,2.8123,2.8032,2.8117,466318.4,-0.0016845767738802309,-0.00322280428725046,0.0015382275133702292,79.24856890382655,65.3355339029997,107.07463890548027
2025-09-06 23:30:00,2.8116,2.8127,2.8092,2.8098,396656.7,-0.0011450586495591608,-0.0028072551597122003,0.0016621965101530395,81.33237926921787,70.66781569173908,102.66150642417543
2025-09-07 00:00:00,2.8098,2.8146,2.8092,2.8125,438839.5,-0.0004939255476035243,-0.002344589237290465,0.0018506636896869406,84.106643650743,75.14742501140705,102.02508092941488
2025-09-07 00:30:00,2.8124,2.817,2.8109,2.8154,308678.4,0.00025318928210715796,-0.0018250335334109402,0.002078222815518098,86.80280308423475,79.03255103568296,102.34330718133833
2025-09-07 01:00:00,2.8154,2.822,2.8153,2.8207,737807.1,0.0012584423335084693,-0.0012083383600270583,0.0024667806935355276,89.23217175312611,82.43242460816401,102.83166604305029
2025-09-07 01:30:00,2.8207,2.8237,2.82,2.8214,314814.6,0.002087532988213514,-0.0005491640903789439,0.002636697078592458,89.30462826355206,84.72315915996002,98.46756647073616
2025-09-07 02:00:00,2.8215,2.8215,2.816,2.8199,364057.4,0.0025936577690992557,7.9400281516696e-05,0.0025142574875825596,86.69089038708348,85.37906956900117,89.31453202324812
2025-09-07 02:30:00,2.8199,2.8239,2.8198,2.8226,357309.8,0.003176021540230778,0.0006987245332595125,0.0024772970069712654,89.03386251248389,86.59733388349541,93.90691977046086
2025-09-07 03:00:00,2.8227,2.8241,2.8206,2.8241,325746.8,0.0037157535940770536,0.0013021303454230208,0.002413623248654033,92.68924167498926,88.62796981399337,100.81178539698104
2025-09-07 03:30:00,2.8241,2.8256,2.8222,2.8223,420054.7,0.003952686073939393,0.0018322414911262953,0.002120444582813098,88.41884404348815,88.55826122382496,88.14000968281454
2025-09-07 04:00:00,2.8223,2.8231,2.8187,2.8208,608237.7,0.003973613959028288,0.002260515984706694,0.0017130979743215941,82.52313180134998,86.54655141633329,74.47629257138337
2025-09-07 04:30:00,2.8207,2.8219,2.8187,2.8216,534605.5,0.004008544764052324,0.0026101217405758203,0.001398423023476504,79.27845974965277,84.12385419410644,69.58767086074542
2025-09-07 05:00:00,2.8217,2.8261,2.8215,2.826,526288.6,0.004341227933070346,0.0029563429790747256,0.0013848849539956206,85.87699785779391,84.7082354153356,88.21452274271053
2025-09-07 05:30:00,2.8261,2.8264,2.824,2.8247,537911.6,0.004448700752864632,0.003254814533832707,0.0011938862190319244,85.13594728981131,84.85080604016083,85.70622978911226
2025-09-07 06:00:00,2.8248,2.825,2.8175,2.8205,883510.6,0.004147162925035364,0.0034332842120732387,0.0007138787129621249,71.18037511628475,80.29399573220213,52.95313388444998
2025-09-07 06:30:00,2.8205,2.8225,2.8187,2.82,521160.6,0.003823768183288667,0.0035113810063163247,0.0003123871769723425,56.81687929100598,72.46829025180342,25.51405736941109
2025-09-07 07:00:00,2.82,2.827,2.8199,2.8257,574384.3,0.003981521383534581,0.0036054090817599764,0.0003761123017746045,66.64984935189848,70.52880995183511,58.89192815202523
2025-09-07 07:30:00,2.8257,2.8345,2.8257,2.8308,1388292.5,0.004466581339470643,0.0037776435333021097,0.0006889378061685335,70.51166427381499,70.5230947258284,70.48880336978817
2025-09-07 08:00:00,2.8308,2.836,2.8295,2.8348,823731.1,0.0051148011757233824,0.004045075061786365,0.0010697261139370178,78.17894735371472,73.0750456017905,88.38675085756316
2025-09-07 08:30:00,2.8348,2.8374,2.8327,2.8327,643602.1,0.005396856019786789,0.00431543125338645,0.0010814247664003391,77.57993475172256,74.57667531843452,83.58645361829863
2025-09-07 09:00:00,2.8327,2.8365,2.8325,2.8349,458758.9,0.005731835102517735,0.004598712023212707,0.0011331230793050276,80.86568514436459,76.67301192707788,89.25103157893801
2025-09-07 09:30:00,2.8349,2.835,2.8272,2.8308,884436.2,0.005601897516593901,0.0047993491218889465,0.0008025483947049546,76.18851371433338,76.51151252282972,75.5425160973407
2025-09-07 10:00:00,2.8308,2.8317,2.8257,2.8266,520783.5,0.0051012125416787235,0.004859721805846902,0.00024149073583182128,66.03522354824905,73.0194161979695,52.066838248808125
2025-09-07 10:30:00,2.8267,2.8308,2.8266,2.8308,432234.7,0.004985847247466424,0.004884946894170807,0.00010090035329561684,65.59210981647944,70.54364740413949,55.68903464115934
2025-09-07 11:00:00,2.8307,2.8317,2.8298,2.8309,458213.4,0.004846619769123706,0.0048772814691613875,-3.066170003768187e-05,64.68045416336739,68.58924965721546,56.86286317567124
2025-09-07 11:30:00,2.831,2.8327,2.8309,2.8315,348693.4,0.004730169525190231,0.004847859080367156,-0.00011768955517692508,59.644519299795114,65.60767287140868,47.71821215656797
2025-09-07 12:00:00,2.8316,2.8325,2.8289,2.8319,704248.3,0.004616937345183203,0.004801674733330366,-0.00018473738814716277,57.42683053034793,62.88072542438843,46.519040742266924
2025-09-07 12:30:00,2.8318,2.8358,2.8314,2.8354,364851.6,0.004754810282839195,0.004792301843232132,-3.749156039293752e-05,65.91988132222575,63.89377739033421,69.97208918600882
2025-09-07 13:00:00,2.8354,2.8363,2.8327,2.8351,443673.3,0.004784712894588594,0.004790784053503425,-6.0711589148308015e-06,72.95893322716337,66.9154960026106,85.04580767626894
2025-09-07 13:30:00,2.8351,2.8499,2.8345,2.8485,3149203.0,0.005822560093029505,0.004997139261408641,0.0008254208316208645,80.04424749579508,71.29174650033876,97.54924948670771
2025-09-07 14:00:00,2.8486,2.9285,2.8462,2.89,19872970.6,0.009879875589323017,0.005973686526991517,0.0039061890623315002,74.21237770796199,72.26529023621318,78.10655265145962
2025-09-07 14:30:00,2.8901,2.9167,2.8842,2.8852,7680893.7,0.012563186868877363,0.007291586595368686,0.005271600273508677,68.6440385243136,71.05820633224666,63.81570290844749
2025-09-07 15:00:00,2.8852,2.8924,2.8721,2.8889,3842873.7,0.01481748275036443,0.008796765826367835,0.006020716923996595,65.84301363468295,69.31980876639209,58.889423371264655
2025-09-07 15:30:00,2.8889,2.9014,2.8881,2.9001,3763272.7,0.017308256073462314,0.01049906387578673,0.006809192197675583,67.72399034815545,68.78786929364655,65.59623245717327
2025-09-07 16:00:00,2.9002,2.9008,2.8816,2.8831,2227422.1,0.017706346214653834,0.011940520343560152,0.005765825871093682,63.288550459680664,66.95476301565792,55.95612534772616
2025-09-07 16:30:00,2.8832,2.894,2.8775,2.8912,2126402.9,0.018462612322827088,0.01324493873941354,0.0052176735834135474,62.72103158005486,65.54351920379024,57.0760563325841
2025-09-07 17:00:00,2.8913,2.8939,2.8758,2.8767,2231165.6,0.017688033207318377,0.014133557632994509,0.0035544755743238676,57.12369398308459,62.73691079688836,45.89726035547706
2025-09-07 17:30:00,2.8768,2.8815,2.8581,2.8597,2982891.9,0.015523470843802123,0.014411540275156034,0.001111930568646089,47.01863286815578,57.49748482064416,26.06092896317901
2025-09-07 18:00:00,2.8596,2.8679,2.8574,2.8614,1681955.1,0.013786295535135551,0.01428649132715194,-0.0005001957920163884,37.50209384406015,50.83235449511616,10.841572541948139
2025-09-07 18:30:00,2.8613,2.8646,2.8507,2.8583,2426244.7,0.01202085852082213,0.013833364765885979,-0.0018125062450638479,28.839779734423946,43.50149624155208,-0.48365327983232476
2025-09-07 19:00:00,2.8583,2.8662,2.8541,2.8552,1600904.8,0.010253398084869136,0.013117371429682612,-0.002863973344813475,22.185099704606188,36.396030729236784,-6.236762344655006
2025-09-07 19:30:00,2.8552,2.8678,2.8549,2.8627,1190982.7,0.009350078391916039,0.012363912822129298,-0.003013834430213259,22.679612820822214,31.823891426431928,4.3910556096027875
2025-09-07 20:00:00,2.8627,2.8721,2.8614,2.8721,1245598.8,0.009285653237700586,0.011748260905243557,-0.002462607667542971,29.357932166642815,31.001905006502223,26.069986486924
2025-09-07 20:30:00,2.8721,2.8799,2.8701,2.8799,1144505.3,0.009751580501631718,0.011348924824521189,-0.001597344322889471,42.050784646892055,34.68486488663217,56.782624167411825
2025-09-07 21:00:00,2.88,2.8809,2.8733,2.8773,1153372.1,0.00979808669984994,0.01103875719958694,-0.001240670499737001,48.55854778928614,39.309425854183495,67.05679165949142
2025-09-07 21:30:00,2.8774,2.8799,2.8587,2.8587,1547786.9,0.008239103388484104,0.010478826437366372,-0.0022397230488822688,41.03037385086605,39.88307518641101,43.324971179776114
2025-09-07 22:00:00,2.8587,2.8735,2.8553,2.8726,2432074.7,0.008032616709909846,0.009989584491875068,-0.001956967781965222,51.525767997707455,43.763972790176496,67.04935841276938
2025-09-07 22:30:00,2.8725,2.8779,2.8692,2.8773,1357474.8,0.008154228380999218,0.009622513269699897,-0.0014682848887006793,63.71033539803011,50.4127603261277,90.30548554183493
2025-09-07 23:00:00,2.8774,2.8913,2.8773,2.8902,2206488.5,0.009185642329790245,0.009535139081717967,-0.0003494967519277227,74.82122718291605,58.54891594505715,107.36584965863382
2025-09-07 23:30:00,2.8902,2.8921,2.8763,2.877,1987428.3,0.008836059043745514,0.009395323074123477,-0.0005592640303779626,69.68368550545624,62.26050579852352,84.53004491932167
2025-09-08 00:00:00,2.877,2.8787,2.867,2.8787,1194488.2,0.008597085710875696,0.009235675601473921,-0.0006385898905982255,67.65144251088357,64.05748470264354,74.83935812736365
2025-09-08 00:30:00,2.8787,2.885,2.8656,2.8693,2834340.2,0.007562025855084364,0.00890094565219601,-0.001338919797111645,57.782121094212066,61.96569683316638,49.41496961630342
2025-09-08 01:00:00,2.8693,2.8837,2.8667,2.878,1373718.5,0.007358921684819553,0.008592540858720719,-0.001233619173901166,59.083008265706574,61.00480064401311,55.2394235090935
2025-09-08 01:30:00,2.878,2.8861,2.8774,2.8803,1024115.0,0.007299407913987643,0.008333914269774104,-0.0010345063557864603,62.03359971336956,61.347733667131926,63.405331805844824
2025-09-08 02:00:00,2.8804,2.8839,2.8627,2.8681,1495430.7,0.006196376806766324,0.007906406777172548,-0.0017100299704062242,52.94993604079705,58.54846779168697,41.75287253901722
2025-09-08 02:30:00,2.8682,2.8883,2.8667,2.8861,2469050.8,0.006697462101031171,0.007664617841944273,-0.0009671557409131025,61.83056960542914,59.64250172960103,66.20670535708537
2025-09-08 03:00:00,2.886,2.896,2.8829,2.8887,2711532.8,0.007221133347523612,0.007575920943060141,-0.00035478759553652945,67.24640576297895,62.177136407393675,77.3849444741495
2025-09-08 03:30:00,2.8888,2.9,2.886,2.889,2343184.9,0.007573056593663807,0.0075753480731808745,-2.2914795170672977e-06,68.33406496799125,64.22944592759286,76.54330304878803
2025-09-08 04:00:00,2.889,2.8899,2.8776,2.8892,1796343.9,0.007778431711366718,0.007615964800818044,0.00016246691054867379,69.2379021144967,65.89893132322747,75.91584369703517
2025-09-08 04:30:00,2.8892,2.8922,2.8765,2.8801,1620731.1,0.007124769120264052,0.007517725664707245,-0.0003929565444431935,61.70819926489258,64.50202063711585,56.12055652044603
2025-09-08 05:00:00,2.8802,2.8915,2.8781,2.887,1763365.8,0.0070818737099100915,0.0074305552737478145,-0.00034868156383772303,62.85461720429848,63.95288615951006,60.65807929387532
2025-09-08 05:30:00,2.887,2.8957,2.8843,2.8927,1915479.0,0.007422261935873475,0.007428896606172947,-6.634670299471464e-06,68.71272961072997,65.53950064325004,75.05918754568981
2025-09-08 06:00:00,2.8927,2.8944,2.8739,2.8856,2648149.8,0.007037981919908898,0.007350713668920138,-0.0003127317490112403,66.2731870327121,65.78406277307073,67.25143555199486
2025-09-08 06:30:00,2.8855,2.8859,2.8754,2.8758,1367801.5,0.005874936529396191,0.007055558241015349,-0.0011806217116191583,53.29123379758392,61.61978644790846,36.63412849693485
2025-09-08 07:00:00,2.8758,2.9019,2.8757,2.9012,2278393.0,0.0069229786134172855,0.007029042315495736,-0.00010606370207845092,68.0274891983891,63.755687364735344,76.57109286569663
2025-09-08 07:30:00,2.9012,2.9111,2.8908,2.9106,5067014.4,0.008415057412996418,0.0073062453349958725,0.001108812078000546,78.23696412509119,68.5827796181873,97.54533313889897
2025-09-08 08:00:00,2.9106,2.9168,2.9033,2.9126,2422547.3,0.009647711088871525,0.007774538485771003,0.0018731726031005211,82.22790615332421,73.1311551298996,100.42140820017343
2025-09-08 08:30:00,2.9126,2.92,2.907,2.9096,4133880.2,0.010264203728501897,0.008272471534317183,0.0019917321941847147,80.63205312607751,75.63145446195891,90.63325045431472
2025-09-08 09:00:00,2.9095,2.9221,2.904,2.9202,1859639.9,0.011475823845265687,0.008913141996506883,0.0025626818487588035,85.77406584615402,79.01232492335727,99.2975476917475
2025-09-08 09:30:00,2.9202,2.9358,2.9168,2.9332,2771002.2,0.013331357283240308,0.00979678505385357,0.0035345722293867385,89.11593619684356,82.3801953478527,102.58741789482528
2025-09-08 10:00:00,2.9333,2.955,2.9254,2.9445,5612798.9,0.01553462299922348,0.010944352642927552,0.004590270356295927,88.42829778515427,84.3962294936199,96.49243436822303
2025-09-08 10:30:00,2.9446,2.9532,2.9422,2.9509,3274870.5,0.017594336902068353,0.012274349494755714,0.0053199874073126385,90.56861393382137,86.45369097368706,98.79845985408997
2025-09-08 11:00:00,2.9508,2.951,2.933,2.9357,3503090.2,0.017795031989458643,0.0133784859936963,0.004416545995762343,85.59975691426683,86.16904628721365,84.46117816837321
2025-09-08 11:30:00,2.9357,2.9397,2.9296,2.9362,2093465.2,0.01778936538283382,0.014260661871523805,0.0035287035113100162,80.63867491065342,84.32558916169357,73.2648464085731
2025-09-08 12:00:00,2.9363,2.9516,2.934,2.9485,1759650.0,0.01856339450433442,0.015121208398085928,0.0034421861062484908,82.9016053240591,83.85092788248208,81.00296020721314
2025-09-08 12:30:00,2.9485,2.9812,2.9477,2.9638,5239723.0,0.020178791741928048,0.016132725066854352,0.004046066675073696,81.0881168481638,82.92999087104266,77.40436880240611
2025-09-08 13:00:00,2.9638,2.9878,2.9632,2.979,5010715.5,0.022426994230162922,0.017391578899516067,0.005035415330646855,83.89168012630176,83.25055395612902,85.17393246664724
2025-09-08 13:30:00,2.9789,2.9948,2.9669,2.9776,7503356.1,0.023821147242539364,0.018677492568120728,0.0051436546744186365,81.91069273377371,82.80393354867725,80.12421110396664
2025-09-08 14:00:00,2.9776,2.9964,2.9759,2.9875,6302105.6,0.025431709890497256,0.020028336032596034,0.005403373857901222,83.76205806664721,83.12330838800057,85.0395574239405
2025-09-08 14:30:00,2.9875,2.9925,2.9735,2.982,2500256.4,0.025964980228464718,0.021215664871769773,0.004749315356694945,81.98907663524994,82.74523113708369,80.47676763158245
2025-09-08 15:00:00,2.9821,2.9853,2.9722,2.9843,2610601.7,0.026270363197202773,0.022226604536856372,0.0040437586603464006,81.95479360513677,82.48175195976806,80.90087689587418
2025-09-08 15:30:00,2.9842,2.9867,2.9755,2.9856,1827360.3,0.026313949703226314,0.02304407357013036,0.0032698761330959523,82.5806408465382,82.51471492202478,82.71249269556506
2025-09-08 16:00:00,2.9856,2.9908,2.974,2.9807,2134026.0,0.025657341413606538,0.0235667271388256,0.0020906142747809386,80.00034176094006,81.67659053499654,76.64784421282712
2025-09-08 16:30:00,2.9807,2.9807,2.9614,2.9695,4058804.4,0.023957066070872557,0.023644794925234993,0.0003122711456375639,68.25484796382995,77.20267634460767,50.3591912022745
2025-09-08 17:00:00,2.9695,2.9823,2.963,2.9823,1859350.4,0.023373009137723333,0.02359043776773266,-0.0002174286300093281,65.40799388064859,73.27111552328797,49.681750595369834
2025-09-08 17:30:00,2.9823,2.9826,2.9665,2.9698,1209784.7,0.021651904598785965,0.023202731133943322,-0.0015508265351573576,51.60532925376608,66.04918676678068,22.717614227736874
2025-09-08 18:00:00,2.9699,2.9784,2.9692,2.9748,1349421.3,0.020455575919005486,0.022653300090955758,-0.0021977241719502716,47.16545759774905,59.75461037710347,21.987152039040197
2025-09-08 18:30:00,2.9748,2.9844,2.97,2.984,977381.7,0.020019072526938242,0.022126454578152255,-0.0021073820512140136,55.66657516162897,58.391931971945304,50.2158615409963
2025-09-08 19:00:00,2.9839,2.9847,2.9701,2.9789,1935775.8,0.01904210750435631,0.021509585163393068,-0.0024674776590367584,56.95231994902235,57.91206129763765,55.03283725179176
2025-09-08 19:30:00,2.979,2.9848,2.9686,2.9798,3668580.5,0.01813146986553127,0.02083396210382071,-0.002702492238289441,58.82989130388338,58.21800463305289,60.053664645544345
2025-09-08 20:00:00,2.9799,2.9848,2.9651,2.9686,1833902.2,0.016317933597329137,0.019930756402522398,-0.003612822805193261,47.38319284204473,54.60640070271683,32.93677712070051
2025-09-08 20:30:00,2.9686,2.9695,2.9546,2.9637,2194311.1,0.01432022930062038,0.018808650982141996,-0.004488421681521616,41.632945338404795,50.281915581279485,24.335004852655416
2025-09-08 21:00:00,2.9637,2.9778,2.9612,2.9752,1745824.3,0.013509261782678639,0.017748773142249326,-0.004239511359570687,50.49260373553708,50.35214496603202,50.77352127454721
2025-09-08 21:30:00,2.9751,2.9775,2.9701,2.9747,1370872.7,0.012680050630073048,0.016735028639814072,-0.004054978009741025,55.84716628726746,52.183818739777166,63.17386138224805
2025-09-08 22:00:00,2.9746,2.9838,2.9717,2.983,1242356.0,0.012547990033244805,0.01589762091850022,-0.003349630885255417,68.57802255795777,57.648553345837364,90.43696098219858
2025-09-08 22:30:00,2.983,2.9833,2.9744,2.9761,1259915.9,0.011751099365835405,0.015068316607967258,-0.0033172172421318535,69.44936603201624,61.58215757456366,85.1837829469214
2025-09-08 23:00:00,2.9761,2.9795,2.968,2.9688,1007116.5,0.01041050298121693,0.014136753882617193,-0.003726250901400264,61.97286653790031,61.71239389567588,62.49381182234917
2025-09-08 23:30:00,2.9689,2.9722,2.9631,2.9697,1230552.1,0.009313334839636145,0.013172070074020983,-0.0038587352343848382,57.98191102526687,60.46889960553955,53.00793386472151
2025-09-09 00:00:00,2.9698,2.9782,2.9568,2.96,3662683.5,0.007573806126549787,0.012052417284526745,-0.004478611157976958,44.614872250840044,55.184223820639716,23.476169111240694
2025-09-09 00:30:00,2.96,2.9601,2.9462,2.9558,3300104.4,0.005789573589213504,0.010799848545464098,-0.005010274956250595,38.25388646509892,49.540778035459454,15.680103324377853
2025-09-09 01:00:00,2.9557,2.9609,2.9476,2.9513,1951679.9,0.003966718198546104,0.009433222476080501,-0.005466504277534397,30.023867572477013,43.035141214465305,4.001320288500423
2025-09-09 01:30:00,2.9514,2.9608,2.9473,2.9591,1469571.0,0.0031155725996070416,0.00816969250078581,-0.005054119901178768,31.452081927750402,39.174121452227006,16.0080028787972
2025-09-09 02:00:00,2.9591,2.9592,2.9441,2.9488,1050949.8,0.0015915631121230511,0.006854066623053258,-0.005262503510930207,24.91431826249668,34.4208537223169,5.901247342856237
2025-09-09 02:30:00,2.9489,2.952,2.9354,2.9375,2583285.1,-0.0005220233878953096,0.005378848620863545,-0.0059008720087588545,18.070923378894793,28.970876941176197,-3.7289837456680104
2025-09-09 03:00:00,2.9375,2.9404,2.9337,2.9399,1451643.9,-0.0019805652510109795,0.0039069658464886406,-0.00588753109749962,16.55965488724007,24.833802923197492,0.011358815325230864
2025-09-09 03:30:00,2.9399,2.9526,2.9373,2.9501,2227486.0,-0.0022870517221011966,0.0026681623327706734,-0.00495521405487187,23.324414119583192,24.330673321992723,21.311895714764127
2025-09-09 04:00:00,2.95,2.9598,2.9444,2.9576,2056105.3,-0.0019028225843849,0.0017539653493395587,-0.0036567879337244587,33.45223113590168,27.371192593295707,45.61430822111361
2025-09-09 04:30:00,2.9575,2.967,2.9568,2.9629,2470760.2,-0.0011573117490293328,0.0011717099296657805,-0.0023290216786951133,51.53071665316347,35.42436727991829,83.74341539965384
2025-09-09 05:00:00,2.9629,2.9643,2.9539,2.9558,1323703.1,-0.0011264150917109639,0.0007120849253904316,-0.0018385000171013955,56.47593322423105,42.441555928022545,84.54468781664805
2025-09-09 05:30:00,2.9559,2.9684,2.9518,2.9647,1756042.3,-0.00037940015971837937,0.0004937879083686694,-0.0008731880680870488,67.42968074698994,50.770930867678345,100.74718050561313
2025-09-09 06:00:00,2.9647,2.9942,2.9626,2.9912,4065295.0,0.002324151711897038,0.0008598606690743432,0.0014642910428226946,76.6335612693431,59.39180766823326,111.1170684715628
2025-09-09 06:30:00,2.9912,2.9978,2.983,2.9929,4443867.6,0.0045514456088957544,0.0015981776570386254,0.002953267951857129,81.87427225548527,66.8859625306506,111.8508917051546
2025-09-09 07:00:00,2.9929,3.0277,2.992,3.027,8539832.7,0.008964836034078605,0.0030715093324466215,0.005893326701631983,87.66795455330232,73.81329320486783,115.37727725017132
2025-09-09 07:30:00,3.0271,3.0275,3.0052,3.02,3953582.3,0.011762052623220498,0.004809617990601397,0.006952434632619101,88.9394033305202,78.85532991341863,109.10755016472334
2025-09-09 08:00:00,3.02,3.0323,3.0136,3.0256,5079538.2,0.01426628724293888,0.0067009518410688935,0.007565335401869986,90.08550286501865,82.5987208972853,105.05906680048534
2025-09-09 08:30:00,3.0257,3.0365,3.017,3.0242,2831720.4,0.01595403473994983,0.00855156842084508,0.0074024663191047495,88.54972131182268,84.5823877021311,96.48438853120584
2025-09-09 09:00:00,3.0241,3.026,3.0142,3.0171,1531679.1,0.016528149904389444,0.010146884717553954,0.00638126518683549,84.73169142157717,84.63215560861312,84.93076304750525
2025-09-09 09:30:00,3.0171,3.0173,3.0073,3.0076,1579565.3,0.016031765490153838,0.011323860872073932,0.004707904618079906,78.4476526045461,82.57065460725744,70.20164859912342
2025-09-09 10:00:00,3.0076,3.0161,3.0019,3.0023,1948473.7,0.015037370117289228,0.012066562721116992,0.0029708073961722363,70.20551671155567,78.44894197535685,53.71866618395333
2025-09-09 10:30:00,3.0023,3.0077,2.9991,3.0038,1801701.9,0.014206577501884254,0.012494565677270445,0.001712011824613809,59.76317936533611,72.22035443868326,34.84882921864181
2025-09-09 11:00:00,3.0038,3.0142,3.0005,3.0081,2298195.2,0.013736793230534339,0.012743011187923224,0.0009937820426111146,51.902044670523814,65.44758451596344,24.810964979644552
2025-09-09 11:30:00,3.0081,3.0156,3.0025,3.0043,2410009.7,0.012909050075140538,0.012776218965366688,0.00013283110977384965,39.235944218852126,56.710371083593,4.287090489370371
2025-09-09 12:00:00,3.0043,3.03,2.9983,3.0203,3601781.2,0.01338977495253646,0.012898930162800644,0.0004908447897358156,45.35450382478458,52.92508199732353,30.21334747970667
2025-09-09 12:30:00,3.0203,3.021,3.0001,3.0079,2486591.7,0.012624647435368175,0.01284407361731415,-0.00021942618194597564,38.613299233974864,48.154487742873975,19.53092221617665
2025-09-09 13:00:00,3.0078,3.0122,2.997,3.0061,1776235.7,0.01173772818476193,0.012622804530803708,-0.0008850763460417771,34.9341186812359,43.74769805566128,17.30695993238514
2025-09-09 13:30:00,3.006,3.0185,3.0016,3.0122,1896217.1,0.011395694832466496,0.012377382591136268,-0.0009816877586697713,38.642947807692764,42.04611463967178,31.836614143734735
2025-09-09 14:00:00,3.0123,3.019,2.9833,2.9894,6541718.0,0.009179051096822377,0.011737716292273489,-0.002558665195451112,30.11599803881873,38.069409106054096,14.209175904348001
2025-09-09 14:30:00,2.9894,2.9895,2.9523,2.9674,6519898.2,0.005582774083462194,0.01050672785051123,-0.004923953767049035,26.555238503785613,34.23135223863127,11.203011034094303
2025-09-09 15:00:00,2.9674,2.9716,2.951,2.9551,4375438.4,0.0017203601945503522,0.008749454319319054,-0.007029094124768702,19.43345014176416,29.29871820634223,-0.29708598739198067
2025-09-09 15:30:00,2.9551,2.9553,2.9367,2.9471,4650614.6,-0.001963529435731637,0.006606857568308916,-0.008570387004040553,16.671246146670843,25.08956085311843,-0.16538326622433175
2025-09-09 16:00:00,2.9471,2.9584,2.9436,2.9464,1704322.2,-0.004883231802069066,0.00430883969423332,-0.009192071496302386,14.579687498995307,21.58626973507739,0.5665230268311419
2025-09-09 16:30:00,2.9464,2.9554,2.9451,2.953,1099718.6,-0.0065886028092907445,0.0021293511935285073,-0.008717954002819252,16.165026936854836,19.779188802336538,8.936703205891433
2025-09-09 17:00:00,2.9529,2.9647,2.9525,2.9556,1500189.5,-0.0076422284951838115,0.00017503525578604364,-0.007817263750969855,18.43160564522599,19.329994416633024,16.634828102411923
2025-09-09 17:30:00,2.9557,2.96,2.9502,2.9543,948336.4,-0.008484331485611118,-0.0015568380924933889,-0.006927493393117729,19.41612915838064,19.358705997215562,19.5309754807108
2025-09-09 18:00:00,2.9544,2.966,2.9517,2.9636,860461.3,-0.008305530905625247,-0.0029065766551197606,-0.005398954250505486,23.839185336044732,20.85219911015862,29.813157787816955
2025-09-09 18:30:00,2.9637,2.9644,2.9569,2.9619,808436.1,-0.008206407591897058,-0.003966542842475221,-0.004239864749421837,31.801881133120673,24.502093117812638,46.401457163736744
2025-09-09 19:00:00,2.962,2.9705,2.9607,2.9701,684087.7,-0.0073810955074442575,-0.004649453375469029,-0.0027316421319752288,53.1019226656334,34.03536963375289,91.23502872939443
2025-09-09 19:30:00,2.9701,2.9729,2.9634,2.9651,1645074.8,-0.007049228825808829,-0.005129408465536989,-0.0019198203602718393,61.55229466843329,43.20767797864636,98.24152804800715
2025-09-09 20:00:00,2.9652,2.9685,2.9523,2.9526,1503796.0,-0.0077060372225230545,-0.005644734216934203,-0.002061303005588852,51.27377096211806,45.89637563980359,62.028561606747004
2025-09-09 20:30:00,2.9525,2.9562,2.9466,2.9547,959042.9,-0.007965291240205286,-0.0061088456215884195,-0.001856445618616866,45.69330534165163,45.8286855404196,45.422544944115685
2025-09-09 21:00:00,2.9548,2.9625,2.951,2.9523,1029998.7,-0.00826909092653505,-0.006540894682577745,-0.0017281962439573044,37.6865381618616,43.114636414233594,26.830341657117614
2025-09-09 21:30:00,2.9523,2.956,2.95,2.9513,881664.0,-0.008492648049140517,-0.006931245355890301,-0.0015614026932502158,31.081266252394055,39.10351302695375,15.036772703274664
2025-09-09 22:00:00,2.9513,2.955,2.9464,2.9498,1019040.8,-0.008690675446633822,-0.0072831313740390055,-0.0014075440725948166,24.997573728011222,34.401533260639575,6.189654662754521
2025-09-09 22:30:00,2.9498,2.9532,2.9482,2.9506,738220.7,-0.00868296841678795,-0.007563098782588795,-0.0011198696341991558,21.94806801993199,30.250378180403715,5.343447698988541
2025-09-09 23:00:00,2.9505,2.951,2.9422,2.9426,2631972.8,-0.0092161555766892,-0.007893710141408876,-0.0013224454352803242,15.066355878651683,25.189037413153034,-5.179007190351022
2025-09-09 23:30:00,2.9426,2.9492,2.9404,2.9474,1263097.2,-0.00914596140764612,-0.008144160394656326,-0.0010018010129897933,17.223724431921713,22.53393308607593,6.603307123613284
2025-09-10 00:00:00,2.9474,2.9496,2.936,2.937,1830553.3,-0.009816368125260322,-0.008478601940777125,-0.0013377661844831967,12.508123980255382,19.19199671746908,-0.8596214941720177
2025-09-10 00:30:00,2.9369,2.9512,2.9357,2.9374,1489035.6,-0.010197839278658805,-0.008822449408353462,-0.0013753898703053428,10.453177180866286,16.279056871934817,-1.1985822012707743
2025-09-10 01:00:00,2.9373,2.9556,2.9363,2.948,991664.4,-0.009534913951223078,-0.008964942316927385,-0.0005699716342956931,22.267292249930616,18.27513533126675,30.251606087258345
2025-09-10 01:30:00,2.948,2.9546,2.9457,2.949,721988.4,-0.008827095943103824,-0.008937373042162675,0.0001102770990588503,36.68394195972353,24.41140420741901,61.22901746433257
2025-09-10 02:00:00,2.9489,2.9636,2.9488,2.9597,2039816.0,-0.0073183827351122055,-0.008613574980752582,0.0012951922456403767,53.1297964319306,33.98420161558954,91.42098606461272
2025-09-10 02:30:00,2.9596,2.9641,2.9572,2.9591,1401893.8,-0.006100805347253768,-0.008111021054052819,0.002010215706799051,62.884653020347706,43.6176854171756,101.41858822669191
2025-09-10 03:00:00,2.9592,2.9609,2.9528,2.9561,1150135.4,-0.005316654341413596,-0.007552147711524975,0.002235493370111379,65.8667639853961,51.034044939915766,95.53220207635677
2025-09-10 03:30:00,2.9562,2.9637,2.9562,2.9625,871182.1,-0.00413116105374467,-0.006867950379968913,0.0027367893262242437,75.3665750512966,59.14488831037605,107.80994853313774
2025-09-10 04:00:00,2.9624,2.965,2.9576,2.9618,724045.5,-0.0032111174687763366,-0.006136583797730398,0.0029254663289540617,79.93721613203655,66.07566425092955,107.66031989425056
2025-09-10 04:30:00,2.9618,2.9633,2.9553,2.9598,895673.7,-0.0026132358284876034,-0.00543191420388184,0.0028186783753942363,80.70899733034527,70.95344194406812,100.22010810289959
2025-09-10 05:00:00,2.9598,2.9598,2.9501,2.9555,1108717.5,-0.0024580495196744323,-0.004837141267040358,0.002379091747365926,76.10564978817426,72.67084455877017,82.97526024698243
2025-09-10 05:30:00,2.9556,2.963,2.9543,2.96,1207261.8,-0.001949478485479439,-0.004259608710728174,0.002310130225248735,75.43485460835119,73.59218124196384,79.12020134112586
2025-09-10 06:00:00,2.9599,2.96,2.9457,2.9528,1974812.1,-0.002103168091332819,-0.0038283205868491032,0.0017251524955162845,62.55242466118046,69.91226238170272,47.83274922013595
2025-09-10 06:30:00,2.9528,2.9591,2.95,2.9529,1643921.5,-0.002191635240176737,-0.00350098351751463,0.0013093482773378932,54.13684960140898,64.65379145493814,33.10296589435066
2025-09-10 07:00:00,2.9529,2.9713,2.9517,2.9698,2947848.4,-0.0008878230606081949,-0.002978351426133343,0.0020905283655251483,67.47144140093981,65.59300810360537,71.2283079956087
2025-09-10 07:30:00,2.9697,2.9812,2.9684,2.981,2210597.7,0.0010372471434481056,-0.0021752317122170533,0.003212478855665159,78.12650084006317,69.77083901575797,94.83782448867359
2025-09-10 08:00:00,2.9811,2.9871,2.9761,2.977,2088878.4,0.0022145842304617247,-0.0012972685236812978,0.0035118527541430225,77.28562213814193,72.27576672321929,87.3053329679872
2025-09-10 08:30:00,2.9769,2.9772,2.9693,2.9696,958733.2,0.0025214485096833883,-0.0005335251170083605,0.0030549736266917487,70.76690429177246,71.77281257940369,68.75508771651002
2025-09-10 09:00:00,2.9695,2.9768,2.961,2.9739,806733.4,0.0030761547283364443,0.00018841085206060043,0.002887743876275844,69.88325020417687,71.14295845432808,67.36383370387446
2025-09-10 09:30:00,2.9739,2.9775,2.9677,2.9685,822835.5,0.00304492849248561,0.0007597143801456024,0.0022852141123400078,64.94632139215675,69.07741276693764,56.684138642594974
2025-09-10 10:00:00,2.9684,2.9693,2.9603,2.9654,1308438.0,0.002738470005793303,0.0011554655052751425,0.0015830045005181606,59.15906128237172,65.77129560541566,45.93459263628384
2025-09-10 10:30:00,2.9653,2.9696,2.9627,2.9645,667348.4,0.0023953646956407226,0.0014034453433482586,0.000991919352292464,52.46722683874204,61.336606016524456,34.72846848317721
2025-09-10 11:00:00,2.9645,2.9736,2.9626,2.971,1179034.3,0.002617770909103534,0.0016463104564993136,0.0009714604526042203,53.15140922959457,58.60820708754783,42.23781351368804
2025-09-10 11:30:00,2.971,2.9724,2.9658,2.971,830962.1,0.002762188644334085,0.0018694860940662679,0.000892702550267817,48.742730531172555,55.3197149020894,35.58876178933886
2025-09-10 12:00:00,2.9711,2.9775,2.9704,2.9753,1239709.8,0.0031868784523427784,0.00213296456572157,0.0010539138866212084,51.151870105358626,53.93043330317914,45.59474370971759
2025-09-10 12:30:00,2.9753,3.0065,2.9753,2.9992,8674576.8,0.005389847635798084,0.002784341179736873,0.002605506456061211,62.1676248032839,56.67616380321406,73.15054680342358
2025-09-10 13:00:00,2.9991,3.021,2.9971,3.0014,5242588.4,0.007229896453197604,0.0036734522344290194,0.0035564442187685846,64.01509967665378,59.122475761027296,73.80034750790672
2025-09-10 13:30:00,3.0014,3.024,2.9921,3.0128,5201116.8,0.009498539869072342,0.004838469761357684,0.004660070107714658,70.14926059029659,62.79807070411706,84.85164036265566
2025-09-10 14:00:00,3.0129,3.0208,3.0066,3.0101,3607006.6,0.010952336962773757,0.006061243201640899,0.004891093761132857,72.82582835794757,66.14065658872723,86.19617189638828
2025-09-10 14:30:00,3.0101,3.0135,2.998,2.9986,2244089.5,0.011049159905557104,0.007058826542424141,0.003990333363132963,68.09452617999985,66.79194645248477,70.69968563503002
2025-09-10 15:00:00,2.9987,3.0098,2.9972,2.9996,2270382.6,0.011078874064084587,0.00786283604675623,0.0032160380173283567,65.48321289307263,66.35570193268073,63.73823481385645
2025-09-10 15:30:00,2.9996,3.0066,2.9932,3.0025,2496924.3,0.011207238443966983,0.008531716526198382,0.002675521917768601,64.6749483433771,65.7954507362462,62.43394355763891
2025-09-10 16:00:00,3.0026,3.0054,2.9906,2.9989,3515175.0,0.01089291152286087,0.00900395552553088,0.0018889559973299906,60.840512825932876,64.14380476614176,54.23392894551512
2025-09-10 16:30:00,2.9989,3.005,2.9925,3.005,2245296.4,0.011009117934839274,0.009404988007392558,0.001604129927446716,60.888883978411066,63.05883117023152,56.54898959477016
2025-09-10 17:00:00,3.005,3.014,2.9933,2.9948,2589938.2,0.010161027597388461,0.009556195925391739,0.0006048316719967223,44.78420608540777,56.96728947529027,20.418039305642765
2025-09-10 17:30:00,2.9947,3.0059,2.9917,3.0029,1068044.7,0.010026928015653969,0.009650342343444186,0.0003765856722097831,42.13158649206806,52.02205514754954,22.350649181105098
2025-09-10 18:00:00,3.0029,3.0069,2.9889,2.99,1420690.5,0.008778537425797595,0.009475981359914867,-0.0006974439341172721,29.237149615401805,44.42708663683362,-1.142724427461829
2025-09-10 18:30:00,2.99,3.001,2.9895,2.9981,939017.4,0.00834656716393578,0.00925009852071905,-0.0009035313567832687,31.709228561662286,40.18780061177651,14.752084461433839
2025-09-10 19:00:00,2.9981,2.9993,2.9715,2.9747,1534540.1,0.006046344683400928,0.008609347753255425,-0.0025630030698544966,23.649289629343556,34.674963617632194,1.5979416527662806
2025-09-10 19:30:00,2.9747,2.982,2.9672,2.9785,1701255.1,0.004478405763512772,0.007783159355306895,-0.003304753591794123,23.814626134662035,31.054851123308808,9.33417615736849
2025-09-10 20:00:00,2.9785,2.9888,2.9774,2.9775,1607870.7,0.0031191555469223253,0.006850358593629981,-0.0037312030467076557,23.212599759290384,28.440767335302667,12.75626460726582
2025-09-10 20:30:00,2.9774,2.979,2.9721,2.9742,882751.9,0.0017554221231326217,0.00583137129953051,-0.004075949176397888,20.46082149194869,25.78078538751801,9.820893700810046
2025-09-10 21:00:00,2.9743,2.9815,2.9718,2.9775,687470.6,0.0009302130632047323,0.0048511396522653545,-0.003920926589060622,20.97672999748149,24.179433590839167,14.571322810766134
2025-09-10 21:30:00,2.9775,2.9847,2.9754,2.9806,825998.4,0.0005203744770709839,0.003984986617226481,-0.003464612140155497,25.235536203190776,24.53146779495637,26.643673019659587
2025-09-10 22:00:00,2.9806,2.9865,2.9774,2.9831,633622.5,0.0003927758756603339,0.003266544468913252,-0.002873768593252918,30.173816746711452,26.412250778874732,37.69694868238489
2025-09-10 22:30:00,2.9831,2.9835,2.9761,2.9782,907824.7,-0.00010255380778856349,0.002592724813572889,-0.0026952786213614525,30.964004063882758,27.92950187387741,37.03300844389346
2025-09-10 23:00:00,2.9782,2.9862,2.9782,2.9821,1142735.5,-0.00017835280413391885,0.0020385092900315274,-0.0022168620941654463,36.11515120354386,30.658051650432895,47.02935030976579
2025-09-10 23:30:00,2.9821,2.9855,2.9802,2.9834,777941.0,-0.00013200326789020167,0.0016044067784471816,-0.0017364100463373832,49.07676746902941,36.79762358996507,73.63505522715809
2025-09-11 00:00:00,2.9834,2.9857,2.9772,2.9856,1199522.2,8.131335757610714e-05,0.0012997880942729667,-0.0012184747366968595,59.77666850876449,44.457305229564874,90.41539506716371
2025-09-11 00:30:00,2.9855,2.9943,2.9814,2.9902,826831.8,0.0006144666868435067,0.0011627238127870747,-0.000548257125943568,67.11037159843592,52.00832735252189,97.31446009026399
2025-09-11 01:00:00,2.9902,2.9979,2.9891,2.9942,1014877.7,0.0013442652589268356,0.001199032102015027,0.00014523315691180867,73.34816599538152,59.121606900141764,101.80128418586104
2025-09-11 01:30:00,2.9942,2.9963,2.9898,2.9956,713462.9,0.002012406416439738,0.0013617069648999692,0.0006506994515397689,78.82470325618031,65.68930568548795,105.09549839756502
2025-09-11 02:00:00,2.9955,2.9969,2.991,2.9916,697651.7,0.002193857107751107,0.001528136993470197,0.0006657201142809101,76.25010798118439,69.20957311738677,90.33117770877962
2025-09-11 02:30:00,2.9916,2.9936,2.9876,2.988,623708.3,0.0020238386225077676,0.0016272773192777111,0.00039656130323005643,69.02912397522368,69.1494234033324,68.78852511900624
2025-09-11 03:00:00,2.9879,3.008,2.9876,3.0049,1844406.5,0.0032157177167193574,0.0019449653987660405,0.0012707523179533169,75.99777096183759,71.43220592283414,85.12890103984446
2025-09-11 03:30:00,3.0049,3.0118,3.001,3.0091,1936597.1,0.0044479225031612835,0.0024455568196450894,0.002002365683516194,81.39735790519431,74.75392325028753,94.68422721500787
2025-09-11 04:00:00,3.0092,3.0104,3.0018,3.0065,1480450.5,0.005155229130679562,0.0029874912818519837,0.002167737848827578,82.49226557841466,77.33337069299658,92.8100553492508
2025-09-11 04:30:00,3.0065,3.0139,3.0018,3.0089,1232063.1,0.005842090686362766,0.003558411162754141,0.0022836795236086255,83.19997192407145,79.2889044366882,91.02210689883793
2025-09-11 05:00:00,3.009,3.01,2.997,2.9973,1698742.1,0.005388297424446353,0.003924388415092584,0.0014639090093537697,67.7606910419032,75.44616663842653,52.38973984885652
2025-09-11 05:30:00,2.9973,3.0086,2.9969,3.0069,1975437.3,0.005737168259988934,0.004286944384071854,0.0014502238759170798,69.63513750068563,73.50915692584623,61.887098650364436
2025-09-11 06:00:00,3.0069,3.0069,2.9959,3.0011,1750396.3,0.00548244121364716,0.004526043749986915,0.0009563974636602451,63.53369116015299,70.18400167061515,50.23307013922869
2025-09-11 06:30:00,3.0011,3.0045,2.9994,3.0,1705394.3,0.005132641491144341,0.0046473632982184,0.0004852781929259404,58.07189043122997,66.14663125748676,41.922408778716374
2025-09-11 07:00:00,3.0,3.0001,2.9914,2.9972,1483551.1,0.004576728415210063,0.004633236321616733,-5.650790640667012e-05,50.881894001047904,61.058385505340475,30.52891099246277
2025-09-11 07:30:00,2.9972,3.006,2.996,3.0034,1470038.8,0.004583614427909222,0.004623311942875231,-3.969751496600907e-05,51.69904044514309,57.938603818608016,39.21991369821325
2025-09-11 08:00:00,3.0033,3.0034,2.9984,3.0021,1154053.4,0.004433070826144192,0.004585263719529023,-0.00015219289338483117,50.3178788152805,55.39836215083218,40.156912144177156
2025-09-11 08:30:00,3.002,3.0199,3.0017,3.0161,3337050.0,0.005381413350959097,0.004744493645815038,0.0006369197051440583,62.43414143240915,57.74362191135784,71.81518047451176
2025-09-11 09:00:00,3.0161,3.035,3.0107,3.028,4458381.0,0.007012377855005525,0.005198070487653136,0.0018143073673523892,69.60441233108615,61.69721871793394,85.41879955739056
2025-09-11 09:30:00,3.0281,3.0281,3.0165,3.0273,3063979.5,0.008154445453845582,0.005789345480891625,0.0023650999729539577,73.84942473448538,65.74795405678442,90.0523660898873
2025-09-11 10:00:00,3.0272,3.0324,3.0119,3.0142,2240661.9,0.007911285362294684,0.006213733457172237,0.0016975519051224477,66.6641424835408,66.05335019903656,67.8857270525493
2025-09-11 10:30:00,3.0143,3.0206,3.0124,3.016,1447515.7,0.007774207964500679,0.006525828358637925,0.001248379605862754,63.25010110523508,65.11893383443606,59.512435646833126
2025-09-11 11:00:00,3.016,3.0179,3.0068,3.0078,1852972.9,0.006924085126177371,0.006605479712145815,0.000318605414031556,54.70496036985086,61.64760934624099,40.8196624170706
2025-09-11 11:30:00,3.0077,3.0133,3.0034,3.0077,1654442.3,0.006171150308389439,0.0065186138313945395,-0.0003474635230051003,46.469973579900376,56.58839742412746,26.23312589144622
2025-09-11 12:00:00,3.0077,3.0298,3.0076,3.0296,3919300.2,0.007257926159884409,0.006666476297092514,0.0005914498627918952,59.395282933048065,57.524025927101,63.137796944942195
2025-09-11 12:30:00,3.0296,3.034,2.9507,2.9983,21535162.6,0.0055298112155011125,0.006439143280774234,-0.0009093320652731217,58.418523932431384,57.82219192887779,59.61118793953857
2025-09-11 13:00:00,2.9983,2.9996,2.9758,2.99,4102162.0,0.00345074895177655,0.005841464414974698,-0.002390715463198148,54.48542164890452,56.709935168886695,50.03639460894017
2025-09-11 13:30:00,2.9901,3.0134,2.9901,3.0121,3166464.5,0.0035454922043940407,0.0053822699728585666,-0.001836777768464526,60.89344236377564,58.104437567183005,66.4714519569609
2025-09-11 14:00:00,3.0122,3.0125,2.9852,2.9927,2612356.1,0.0020317384313233156,0.004712163664551516,-0.002680425233228201,57.40235093159284,57.87040868865295,56.46623541747262
2025-09-11 14:30:00,2.9928,3.0068,2.9922,2.9986,1697936.5,0.0012932505643155068,0.0040283810445043144,-0.0027351304801888077,57.43590102122209,57.72557279950933,56.856557464647594
2025-09-11 15:00:00,2.9987,3.0057,2.9928,2.9968,1363062.4,0.0005563355623654509,0.003333971948076542,-0.002777636385711091,56.73797963239539,57.39637507713801,55.42118874291013
2025-09-11 15:30:00,2.9968,3.0,2.9893,2.9949,1953061.6,-0.0001789264541178781,0.002631392267637658,-0.002810318721755536,55.51239458486225,56.76838157971275,53.000420595161245
2025-09-11 16:00:00,2.995,3.004,2.9909,2.9912,1449023.6,-0.0010481040857883706,0.0018954929969524524,-0.002943597082740823,53.21474564961215,55.58383626967922,48.476564409478
2025-09-11 16:30:00,2.9913,2.9987,2.99,2.9961,1197227.0,-0.00132625631475225,0.001251143134611512,-0.0025773994493637617,53.643764006504284,54.93714551528757,51.057000988937716
2025-09-11 17:00:00,2.9962,3.002,2.9919,2.9961,1126923.9,-0.001529067818188512,0.0006951009440515071,-0.0022241687622400193,53.75896323837899,54.54441808965137,52.18805353583423
2025-09-11 17:30:00,2.9961,3.0136,2.9958,3.0136,1502847.0,-0.00027452904944835765,0.0005011749453515342,-0.0007757039947998919,69.17264215891932,59.42049277940735,88.67694091794327
2025-09-11 18:00:00,3.0135,3.0206,3.0077,3.0098,2608167.6,0.0004083663283336314,0.0004826132219479537,-7.424689361432228e-05,69.27893658052237,62.70664071311236,82.42352831534238
2025-09-11 18:30:00,3.0098,3.0344,3.0072,3.0239,3267969.3,0.002063530896927901,0.0007987967569439431,0.0012647341399839578,71.75875890290526,65.72401344304332,83.82824982262915
2025-09-11 19:00:00,3.024,3.0336,3.0208,3.0311,3035962.6,0.003911155206830053,0.001421268446921165,0.0024898867599088877,78.73348154502605,70.06050281037089,96.07943901433637
2025-09-11 19:30:00,3.031,3.0329,3.0216,3.0257,2702504.7,0.00488338331052196,0.0021136914196413243,0.002769691890880636,79.39216581937426,73.17105714670534,91.83438316471208
2025-09-11 20:00:00,3.0258,3.0294,3.0171,3.0179,2526648.8,0.004967227171699395,0.0026843985700529386,0.002282828601646457,73.87405649219532,73.40539026186866,74.81138895284863
2025-09-11 20:30:00,3.0179,3.0197,3.0109,3.0122,1324860.9,0.004521609374369184,0.003051840730916188,0.0014697686434529964,65.91603766146339,70.90893939506691,55.93023419425634
2025-09-11 21:00:00,3.0123,3.0239,3.0111,3.0154,2317635.2,0.004376220964786626,0.003316716777690276,0.0010595041870963499,62.375397656661924,68.06442548226525,50.997342005455266
2025-09-11 21:30:00,3.0154,3.019,3.0136,3.0137,702655.0,0.004076828667082033,0.0034687391555686276,0.0006080895115134054,57.041284102714116,64.39004502241487,42.34376226331261
2025-09-11 22:00:00,3.0137,3.0281,3.013,3.0257,1627801.2,0.004753067423386437,0.0037256048091321896,0.0010274626142542471,60.699091362593585,63.15972713580777,55.77781981616522
2025-09-11 22:30:00,3.0257,3.0288,3.023,3.024,1790743.3,0.005093105566663869,0.003999104960638526,0.0010940006060253431,61.05429620251319,62.45791682470958,58.247054958120415
2025-09-11 23:00:00,3.024,3.049,3.024,3.0426,4427712.5,0.006785236812061335,0.004556331330923088,0.002228905481138247,68.4368973808533,64.45091034342416,76.40887145571159
2025-09-11 23:30:00,3.0426,3.0464,3.0372,3.0398,2304067.0,0.007810294205896184,0.005207123905917707,0.002603170299978477,70.90893771147012,66.6035861327728,79.51964086886474
2025-09-12 00:00:00,3.0398,3.0489,3.0333,3.0489,2397369.8,0.00925032157478789,0.0060157634396917434,0.0032345581350961463,80.5184694104466,71.24188055866408,99.07164711401165
2025-09-12 00:30:00,3.0489,3.0719,3.0467,3.054,7083269.1,0.010679968982611587,0.006948604548275712,0.0037313644343358755,77.2308921752704,73.23821776419952,85.21624099741214
2025-09-12 01:00:00,3.0539,3.0676,3.0528,3.0562,3029803.9,0.011853852632814466,0.007929654165183464,0.003924198467631002,76.21313864316282,74.22985805718729,80.17969981511388
2025-09-12 01:30:00,3.0563,3.0563,3.0375,3.0391,2030344.7,0.011274372841573399,0.008598597900461451,0.0026757749411119476,65.57955705809046,71.34642439082167,54.045822392628025
2025-09-12 02:00:00,3.0391,3.0517,3.038,3.0477,2017326.3,0.011377921462776719,0.009154462612924505,0.002223458849852214,63.357508893282706,68.68345255830867,52.70562156323078
2025-09-12 02:30:00,3.0476,3.0538,3.0425,3.044,1427359.9,0.011034229682092445,0.009530416026758094,0.0015038136553343507,56.55326768754636,64.64005760138791,40.37968785986325
2025-09-12 03:00:00,3.044,3.0474,3.0368,3.0375,1614259.0,0.01012069076922506,0.009648470975251486,0.0004722197939735738,47.096750483416514,58.79228856206411,23.705674326121326
2025-09-12 03:30:00,3.0374,3.042,3.032,3.0371,1820841.5,0.009257710814480014,0.009570318943097192,-0.00031260812861717835,35.6584852846838,51.08102080293734,4.813414248176727
2025-09-12 04:00:00,3.0372,3.0465,3.0282,3.0464,2130395.2,0.009217966282250245,0.009499848410927804,-0.00028188212867755885,37.654855941124275,46.605632515666315,19.753302792040188
2025-09-12 04:30:00,3.0465,3.0558,3.0461,3.054,1847249.6,0.009688047161189761,0.009537488160980196,0.00015055900020956477,44.78287116135967,45.998045397564105,42.3525226889508
2025-09-12 05:00:00,3.0539,3.0598,3.0484,3.0558,1497740.0,0.010089528793848945,0.009647896287553947,0.0004416325062949981,53.20550124801304,48.40053068104709,62.81544238194496
2025-09-12 05:30:00,3.0558,3.0731,3.0521,3.072,3781011.9,0.011581407237740926,0.010034598477591344,0.0015468087601495824,67.9870379515335,54.92936643787589,94.1023809788487
2025-09-12 06:00:00,3.0721,3.0721,3.0559,3.0582,2851593.6,0.011517421320701882,0.01033116304621345,0.001186258274488431,67.59640688973776,59.15171325516318,84.48579415888695
2025-09-12 06:30:00,3.0582,3.0608,3.0486,3.0515,2767432.1,0.010801564305122024,0.010425243297995166,0.00037632100712685877,62.36196984928307,60.221798786536475,66.64231197477626
2025-09-12 07:00:00,3.0516,3.06,3.05,3.0542,1762384.8,0.010332997534452826,0.010406794145286698,-7.37966108338723e-05,60.87679949863096,60.44013235723463,61.750133781423614
2025-09-12 07:30:00,3.0542,3.0729,3.048,3.0667,3495245.4,0.010845282856184912,0.010494491887466342,0.00035079096871857077,69.16656714905007,63.348943954506446,80.8018135381373
2025-09-12 08:00:00,3.0668,3.0704,3.0483,3.0616,2313412.5,0.010716215426133324,0.01053883659519974,0.0001773788309335847,70.90688737924775,65.86825842942021,80.98414527890284
2025-09-12 08:30:00,3.0616,3.062,3.0492,3.0549,926259.1,0.009958499172660673,0.010422769110691926,-0.00046426993803125316,58.135455783695875,63.2906575475121,47.82505225606343
2025-09-12 09:00:00,3.055,3.0571,3.048,3.0489,1246033.5,0.008772727188627538,0.01009276072627905,-0.0013200335376515118,39.95218964597005,55.51116824699809,8.834232443913976
2025-09-12 09:30:00,3.0489,3.0522,3.0439,3.0485,1515064.0,0.007711820623488741,0.009616572705720989,-0.001904752082232248,31.88593464982516,47.63609038127378,0.38562318692791564
2025-09-12 10:00:00,3.0485,3.0499,3.0393,3.0419,1520948.6,0.006266246298967104,0.008946507424370212,-0.002680261125403108,23.83665484591532,39.70294520282096,-7.8959258678959685
2025-09-12 10:30:00,3.0418,3.0463,3.0407,3.0435,950419.2,0.005189898935892057,0.00819518572667458,-0.003005286790782524,20.057769897276824,33.15455343430625,-6.1357971767820345
2025-09-12 11:00:00,3.0435,3.0525,3.0407,3.0516,1720762.4,0.0049336165410514,0.0075428718895499455,-0.0026092553484985456,25.574227550565592,30.627778139726033,15.467126372244707
2025-09-12 11:30:00,3.0515,3.0519,3.0372,3.0389,1836751.6,0.003663496527531507,0.006766996817146259,-0.003103500289614752,18.636786621012003,26.63078096682136,2.6487979293932895
2025-09-12 12:00:00,3.0389,3.0414,3.0257,3.0375,2896019.6,0.002514958094972819,0.005916589072711571,-0.003401630977738752,21.223927844283992,24.82849659264224,14.014790347567498
2025-09-12 12:30:00,3.0375,3.0449,3.0305,3.0415,1735105.7,0.0019055338746496453,0.005114378033099187,-0.0032088441584495414,28.658008829155477,26.105000671479985,33.76402514450646
2025-09-12 13:00:00,3.0414,3.045,3.035,3.0351,1457895.3,0.0008958079598704316,0.004270664018453436,-0.0033748560585830046,29.08410779693149,27.09803637996382,33.056250630866835
2025-09-12 13:30:00,3.0352,3.0464,3.027,3.0407,2227156.0,0.0005412271666971336,0.003524776648102176,-0.0029835494814050424,38.04612161586482,30.74739812526415,52.64356859706616
2025-09-12 14:00:00,3.0407,3.0647,3.0356,3.057,4371631.5,0.001557538771285838,0.0031313290727389086,-0.0015737903014530707,52.116217829379764,37.87033802663603,80.60797743486724
2025-09-12 14:30:00,3.0571,3.0593,3.0339,3.0394,2723598.7,0.0009320559683700935,0.0026914744518651457,-0.0017594184834950522,46.45354692898821,40.731407660753426,57.897825465457785
2025-09-12 15:00:00,3.0393,3.0398,3.018,3.0208,4033210.0,-0.0010523770648926956,0.0019427041485135775,-0.002995081213406273,32.96760373424347,38.14347301858344,22.61586516556352
2025-09-12 15:30:00,3.0208,3.0332,3.02,3.0277,2085347.0,-0.0020447120389310847,0.0011452209110246452,-0.00318993294995573,28.90202847093744,35.06299150270144,16.58010240740944
2025-09-12 16:00:00,3.0277,3.04,3.0225,3.0377,2613384.4,-0.002001160100768562,0.0005159447086660039,-0.002517104809434566,33.32940370582133,34.485128903741405,31.017953309981166
2025-09-12 16:30:00,3.0377,3.0426,3.0294,3.041,1864160.7,-0.0016809851053336544,7.65587458660722e-05,-0.0017575438511997267,38.63644758118276,35.868901796221856,44.17153915110457
2025-09-12 17:00:00,3.041,3.0666,3.0353,3.0605,3373831.3,0.00014457633103681644,9.016226290022105e-05,5.441406813659539e-05,54.90715161104918,42.21498506783096,80.29148469748561
2025-09-12 17:30:00,3.0605,3.0728,3.0576,3.0652,4397364.4,0.001948140689093325,0.0004617579481388419,0.0014863827409544832,65.31523002780405,49.91506672115532,96.11555664110152
2025-09-12 18:00:00,3.0651,3.071,3.06,3.069,2343109.4,0.0036421225572103033,0.0010978308699531342,0.0025442916872571693,74.56538449542167,58.13183931257743,107.43247486111015
2025-09-12 18:30:00,3.069,3.0788,3.0681,3.0786,3061647.1,0.005693622624171724,0.0020169892207968524,0.003676633403374871,82.9339405408072,66.39920638865402,116.00340884511354
2025-09-12 19:00:00,3.0787,3.0788,3.0666,3.0741,2018204.6,0.0068770642991506925,0.0029890042364676206,0.003888060062683072,86.04587264123982,72.94809513951596,112.24142764468755
2025-09-12 19:30:00,3.0742,3.0934,3.0704,3.09,4305500.5,0.008994267157904634,0.004190056820755024,0.00480421033714961,89.15319756464123,78.34979594789105,110.76000079814159
2025-09-12 20:00:00,3.0899,3.109,3.0826,3.0968,8785411.4,0.01109299569786426,0.005570644596176871,0.005522351101687389,88.06744962883597,81.58901384153937,101.0243212034292
2025-09-12 20:30:00,3.0969,3.1376,3.0897,3.1231,7030960.6,0.014708888477628967,0.007398293372467291,0.007310595105161677,87.57793006679024,83.58531924995633,95.56315170045806
2025-09-12 21:00:00,3.1231,3.1263,3.0949,3.098,4607717.1,0.015371951043225973,0.008993024906619029,0.0063789261366069445,78.8153942380752,81.99534424599595,72.45549422223368
2025-09-12 21:30:00,3.098,3.1016,3.0852,3.0939,1936653.0,0.015389200049968021,0.010272259935288828,0.005116940114679194,67.66859615871688,77.21976155023627,48.566265375678114
2025-09-12 22:00:00,3.0939,3.1262,3.0938,3.1225,3431523.2,0.01750882021137601,0.011719571990506264,0.005789248220869745,71.95947647694531,75.46633319247262,64.94576304589069
2025-09-12 22:30:00,3.1225,3.1228,3.1031,3.1118,2701228.3,0.018116399309784814,0.012998937454361974,0.00511746185542284,69.19364159495889,73.37543599330138,60.830052798273925
2025-09-12 23:00:00,3.1117,3.1131,3.1004,3.105,1354838.6,0.01784351798449535,0.01396785356038865,0.0038756644241067003,64.15726341072373,70.30271179910882,51.86636663395356
2025-09-12 23:30:00,3.105,3.1103,3.1001,3.1054,1474232.0,0.017458285971980292,0.01466594004270698,0.0027923459292733127,60.132620051593626,66.91268121660376,46.57249772157337
2025-09-13 00:00:00,3.1054,3.1072,3.0926,3.0935,1770375.5,0.01600822344397601,0.014934396722960788,0.0010738267210152232,46.69447397378988,60.17327880233247,19.73686431670471
2025-09-13 00:30:00,3.0935,3.1058,3.0929,3.1028,1460987.2,0.01543158501384223,0.015033834381137078,0.0003977506327051527,42.32557806904048,54.22404522456847,18.528643757984497
2025-09-13 01:00:00,3.1028,3.1208,3.1028,3.1108,2147376.3,0.01544212088751129,0.015115491682411922,0.0003266292050993682,48.97942025365048,52.475836900929146,41.986586959093145
2025-09-13 01:30:00,3.1108,3.1257,3.0935,3.097,2101411.8,0.014173542202921219,0.014927101786513783,-0.000753559583592564,42.24644277072638,49.06603885752822,28.6072505971227
2025-09-13 02:00:00,3.097,3.107,3.0901,3.1024,1228331.0,0.013448888906414158,0.014631459210493858,-0.0011825703040796998,39.5216359007057,45.88457120525405,26.795765291609
2025-09-13 02:30:00,3.1024,3.1045,3.0974,3.1025,748264.1,0.012735854113921086,0.014252338191179305,-0.0015164840772582192,37.95824415852284,43.24246218967698,27.389808096214566
2025-09-13 03:00:00,3.1025,3.1143,3.0999,3.1129,1177547.0,0.012861700312237101,0.013974210615390864,-0.001112510303153763,46.653810712423144,44.3795783639257,51.202275409418036
2025-09-13 03:30:00,3.1129,3.1171,3.109,3.1144,1268400.5,0.01293338379738751,0.013766045251790194,-0.000832661454402684,53.855349463712535,47.53816873052131,66.48971093009497
2025-09-13 04:00:00,3.1143,3.1161,3.1083,3.1083,1007716.9,0.012355547396324607,0.013483945680697077,-0.001128398284372471,52.944764811014096,49.340367424018915,60.15355958500446
2025-09-13 04:30:00,3.1083,3.113,3.1052,3.106,917927.8,0.01157854682687276,0.013102865909932215,-0.0015243190830594548,50.184150323447376,49.62162839049507,51.309194189352
2025-09-13 05:00:00,3.106,3.1128,3.1012,3.1115,1336579.0,0.011276582884118369,0.012737609304769446,-0.0014610264206510772,53.49355339915201,50.91227006004738,58.65612007736128
2025-09-13 05:30:00,3.1114,3.1114,3.0992,3.1009,1613510.2,0.010065909334847412,0.01220326931078504,-0.0021373599759376277,45.774728483329916,49.19975620114156,38.924673047706634
2025-09-13 06:00:00,3.1008,3.1134,3.1,3.1075,1435940.5,0.009529160436303918,0.011668447535888816,-0.0021392870995848978,51.99796713703447,50.13249317977253,55.72891505155836
2025-09-13 06:30:00,3.1075,3.116,3.1064,3.1158,1691883.6,0.009662144513669535,0.01126718693144496,-0.0016050424177754246,65.79898316749835,55.35465650901447,86.6876364844661
2025-09-13 07:00:00,3.1157,3.1219,3.1118,3.1146,1980003.7,0.00956049791315916,0.0109258491277878,-0.0013653512146286403,66.47979200887507,59.063035008968,81.31330600868921
2025-09-13 07:30:00,3.1146,3.12,3.1142,3.117,881652.3,0.009563361711469653,0.010653351644524172,-0.0010899899330545186,70.45789364468303,62.86132122087301,85.65103849230306
2025-09-13 08:00:00,3.117,3.1232,3.1104,3.1228,1051879.6,0.00991929931172475,0.010506541177964289,-0.0005872418662395389,79.74970687423257,68.4907831053262,102.26755441204531
2025-09-13 08:30:00,3.1227,3.1449,3.1225,3.1434,4844715.7,0.011728432197261274,0.010750919381823687,0.000977512815437587,85.40571267910207,74.1290929632515,107.95895211080321
2025-09-13 09:00:00,3.1433,3.1711,3.1393,3.1625,8974248.8,0.014535833378838348,0.01150790218122662,0.0030279311976117284,86.28345611152008,78.18054734600769,102.48927364254487
2025-09-13 09:30:00,3.1625,3.1845,3.1605,3.1799,4985945.5,0.017957747884303377,0.01279787132184197,0.005159876562461406,89.05806022909469,81.80638497370336,103.56141073987737
2025-09-13 10:00:00,3.1799,3.1858,3.163,3.1721,5033760.4,0.019811866110701182,0.014200670279613813,0.0056111958310873684,87.38291816360777,83.66522937033817,94.81829575014697
2025-09-13 10:30:00,3.1721,3.173,3.1601,3.1633,2910085.3,0.020336752286817195,0.015427886681054489,0.004908865605762706,82.1427682803565,83.15774234034429,80.11282016038095
2025-09-13 11:00:00,3.1633,3.1651,3.1504,3.1648,3286067.3,0.020635888153724746,0.016469486975588542,0.004166401178136204,78.81135922492385,81.70894796853747,73.0161817376966
2025-09-13 11:30:00,3.1648,3.1766,3.1623,3.1728,2834563.4,0.021273263683025512,0.017430242317075937,0.0038430213659495747,80.12711304650101,81.18166966119198,78.01799981711909
2025-09-13 12:00:00,3.1729,3.1812,3.1647,3.1675,2348683.0,0.0211074095970587,0.01816567577307249,0.002941733823986211,78.6612230212748,80.34152078121959,75.30062750138521
2025-09-13 12:30:00,3.1674,3.1728,3.1659,3.1706,1393107.6,0.020984220104098394,0.018729384639277674,0.0022548354648207203,77.76993593730056,79.48432583324659,74.34115614540852
2025-09-13 13:00:00,3.1706,3.1788,3.1577,3.1745,3155594.5,0.020959678819253647,0.01917544347527287,0.0017842353439807765,77.07959886859474,78.68275017836264,73.87329624905894
2025-09-13 13:30:00,3.1744,3.1745,3.1179,3.142,7673590.5,0.01810900198560894,0.018962155177340085,-0.0008531531917311437,63.21752344798798,73.52767460157109,42.597221140821745
2025-09-13 14:00:00,3.142,3.1565,3.121,3.153,4346893.1,0.016546688204427173,0.018479061782757503,-0.0019323735783303292,59.376238017853545,68.81052907366525,40.50765590623013
2025-09-13 14:30:00,3.1531,3.1564,3.1389,3.1468,1977604.3,0.014639500048750698,0.01771114943595614,-0.003071649387205444,54.80269475018554,64.14125096583868,36.12558231887925
2025-09-13 15:00:00,3.1468,3.1567,3.1398,3.1421,2824681.4,0.01260350362992968,0.01668962027475085,-0.004086116644821169,49.27867906989727,59.187060333858206,29.461916541975413
2025-09-13 15:30:00,3.1422,3.1427,3.1219,3.1333,3130478.8,0.010162725767549396,0.01538424137331056,-0.005221515605761163,40.96198404554505,53.11203490442049,16.661882327794174
2025-09-13 16:00:00,3.1333,3.1421,3.1243,3.1323,2649760.1,0.008054848801097414,0.013918362858867932,-0.005863514057770518,34.89092775232217,47.03833252038771,10.596118216191087
2025-09-13 16:30:00,3.1323,3.136,3.1065,3.1103,5197699.4,0.004556599339619716,0.01204601015501829,-0.0074894108153985735,25.012577929856107,39.69641432354384,-4.3550948575193615
2025-09-13 17:00:00,3.1103,3.1134,3.089,3.1049,6318956.1,0.0013331093132236127,0.009903429986659355,-0.008570320673435742,22.57705640758049,33.98996168488939,-0.24875414703730314
2025-09-13 17:30:00,3.105,3.1177,3.1037,3.1125,1331910.7,-0.0006013413833914072,0.007802475712649202,-0.00840381709604061,24.213164310706606,30.731029226828458,11.177434478462906
2025-09-13 18:00:00,3.1124,3.118,3.1013,3.1157,1173761.6,-0.0018548131099880294,0.0058710179481217565,-0.007725831058109786,29.28834292304123,30.250133792232717,27.364761184658263
2025-09-13 18:30:00,3.1156,3.1164,3.1063,3.1143,1204144.1,-0.0029274212933905197,0.004111330099819302,-0.007038751393209822,31.982479723189552,30.827582435884995,34.29227429779866
2025-09-13 19:00:00,3.1144,3.1175,3.1075,3.109,1299141.4,-0.004157214926615804,0.0024576210945322806,-0.006614836021148085,31.169018978433638,30.94139461673454,31.624267701831826
2025-09-13 19:30:00,3.109,3.1147,3.1087,3.111,761181.3,-0.004913808628696614,0.0009833351498865015,-0.005897143778583116,34.43546020039599,32.10608314462169,39.09421431194457
2025-09-13 20:00:00,3.1109,3.1212,3.1089,3.1195,2386896.9,-0.004772520975014238,-0.00016783607509364645,-0.0046046848999205916,42.10323837590736,35.43846822171691,55.432778684288266
2025-09-13 20:30:00,3.1195,3.1215,3.1144,3.1176,965279.7,-0.004759004767997954,-0.001086069813674508,-0.003672934954323446,48.35251352720056,39.74314999021146,65.57124060117876
2025-09-13 21:00:00,3.1175,3.1282,3.1168,3.1241,1542691.1,-0.004175662956027892,-0.001703988442145185,-0.0024716745138827073,62.081947793643735,47.18941592468889,91.86701153155343
2025-09-13 21:30:00,3.124,3.1251,3.1168,3.1198,686111.6,-0.004014062813247676,-0.0021660033163656833,-0.001848059496881993,64.31237659601034,52.89706948179603,87.14299082443897
2025-09-13 22:00:00,3.1199,3.1234,3.1167,3.1191,781300.3,-0.0038975491650496963,-0.002512312486102486,-0.0013852366789472103,64.93191896983076,56.90868597780761,80.97838495387708
2025-09-13 22:30:00,3.1191,3.1212,3.1139,3.1205,918117.9,-0.0036501661168597543,-0.00273988321225394,-0.0009102829046058144,64.90134019602074,59.57290405054531,75.55821248697161
2025-09-13 23:00:00,3.1206,3.1275,3.1197,3.1211,1436114.4,-0.003366886906831734,-0.002865283951169499,-0.0005016029556622354,65.16772116127659,61.43784308745574,72.6274773089183
2025-09-13 23:30:00,3.121,3.1226,3.1182,3.1193,598643.7,-0.0032501651678433774,-0.0029422601945042746,-0.0003079049733391028,61.56480556050919,61.48016391180689,61.73408885791379
2025-09-14 00:00:00,3.1193,3.1205,3.1136,3.1159,1045567.5,-0.0033929026638741533,-0.0030323886883782502,-0.00036051397549590304,53.1330137242768,58.69778051596353,42.00348014090335
2025-09-14 00:30:00,3.1158,3.1185,3.1024,3.1106,1511326.0,-0.0038888605007771915,-0.003203683050858039,-0.0006851774499191526,46.01632439499577,54.47062847564094,29.107716233705432
2025-09-14 01:00:00,3.1105,3.1105,3.085,3.0954,2953156.8,-0.005445649569566946,-0.0036520763545998206,-0.0017935732149671254,38.702240954688655,49.21449930199018,17.67772426008561
2025-09-14 01:30:00,3.0954,3.1177,3.0938,3.115,1508326.3,-0.005039764656857848,-0.003929614015051427,-0.0011101506418064212,49.33090573449852,49.25330144615963,49.48611431117631
2025-09-14 02:00:00,3.1151,3.1267,3.1128,3.1183,1574644.1,-0.004401082578161297,-0.004023907727673401,-0.00037717485048789634,59.00491754848931,52.50384014693619,72.00707235159554
2025-09-14 02:30:00,3.1182,3.1256,3.106,3.1225,1706318.9,-0.003515493113904533,-0.003922224804919628,0.00040673169101509456,68.74837640487532,57.91868556624923,90.40775808212747
2025-09-14 03:00:00,3.1225,3.124,3.1055,3.1056,1834860.7,-0.004129740763116896,-0.003963727996559082,-0.00016601276655781386,61.98911368168155,59.27549493806001,67.41635116892465
2025-09-14 03:30:00,3.1056,3.1123,3.0924,3.095,1644074.1,-0.0054095103941169675,-0.004252884476070659,-0.0011566259180463088,49.319680903695144,55.95689025993838,36.045262191208664
2025-09-14 04:00:00,3.095,3.0982,3.0762,3.0936,3311959.6,-0.00646221297801608,-0.004694750176459744,-0.001767462801556336,44.36493578398149,52.09290543461942,28.908996482705632
2025-09-14 04:30:00,3.0936,3.1042,3.0931,3.099,1377700.1,-0.006782567276193419,-0.005112313596406478,-0.0016702536797869403,44.626128806482804,49.603979891907215,34.67042663563399
2025-09-14 05:00:00,3.099,3.1048,3.0972,3.1048,607960.2,-0.006493584834295518,-0.005388567843984287,-0.001105016990311231,48.62864032643406,49.27886670341616,47.328187572469844
2025-09-14 05:30:00,3.1047,3.108,3.1,3.107,1108492.8,-0.006017674546948015,-0.005514389184577034,-0.0005032853623709813,52.749126554256485,50.435619987029604,57.37613968871024
2025-09-14 06:00:00,3.1071,3.1085,3.0936,3.0968,1481052.6,-0.0063899080876645975,-0.0056894929651945475,-0.00070041512247005,48.763444105477895,49.87822802651237,46.53387626340894
2025-09-14 06:30:00,3.0968,3.0969,3.0828,3.0916,1637918.3,-0.007023539402042367,-0.005956302252564111,-0.0010672371494782557,42.90032575992731,47.55226060431735,33.596456071147244
2025-09-14 07:00:00,3.0915,3.0918,3.084,3.0893,1126675.8,-0.007623409640918677,-0.006289723730235025,-0.001333685910683652,37.73550308681353,44.28000809848274,24.646493063475106
2025-09-14 07:30:00,3.0892,3.0904,3.0753,3.0841,2668251.8,-0.008421331797976883,-0.006716045343783396,-0.001705286454193487,33.08492998580356,40.54831539425635,18.15815916889798
2025-09-14 08:00:00,3.0842,3.0853,3.0751,3.0827,1778794.8,-0.009062195803672068,-0.007185275435761131,-0.0018769203679109376,29.641450329857147,36.912693706123285,15.098963577324866
2025-09-14 08:30:00,3.0827,3.0902,3.0806,3.0844,982621.2,-0.009325411810372053,-0.007613302710683316,-0.0017121090996887372,29.04240401232006,34.28926380818888,18.54868442058242
2025-09-14 09:00:00,3.0843,3.0907,3.0811,3.0895,1194239.4,-0.009018525071343042,-0.00789434718281526,-0.0011241778885277814,33.732860159910224,34.103795925429324,32.99098862887203
2025-09-14 09:30:00,3.0896,3.095,3.087,3.09,1198203.7,-0.00863542548866958,-0.008042562843986125,-0.0005928626446834537,37.358832920978045,35.1888082572789,41.698882248376336
2025-09-14 10:00:00,3.0899,3.0914,3.0806,3.0809,894799.4,-0.008962792761632699,-0.00822660882751544,-0.0007361839341172589,30.694311767678247,33.69064276074535,24.70164978154405
2025-09-14 10:30:00,3.0809,3.0871,3.0809,3.0849,791945.1,-0.008798048684762083,-0.008340896798964768,-0.0004571518857973151,35.447583991908026,34.276289837799574,37.79017230012492
2025-09-14 11:00:00,3.0849,3.0879,3.0672,3.0688,2616897.7,-0.009853043511319104,-0.008643326141435636,-0.0012097173698834684,25.550187889089546,31.367589188229562,13.915385290809517
2025-09-14 11:30:00,3.0688,3.07,3.0542,3.059,3292737.8,-0.011349087395244872,-0.009184478392197482,-0.00216460900304739,20.955027220177602,27.89673519887891,7.0716112627749865
2025-09-14 12:00:00,3.0589,3.0663,3.0566,3.062,1459240.4,-0.012152550980711219,-0.00977809290990023,-0.0023744580708109884,20.34256716639287,25.37867918805023,10.270343123078156
2025-09-14 12:30:00,3.062,3.0636,3.0401,3.05,2264724.5,-0.013600819590626756,-0.010542638246045536,-0.0030581813445812196,19.572640406010517,23.443332927370324,11.8312553632909
2025-09-14 13:00:00,3.05,3.0529,3.0403,3.044,1681753.0,-0.015059140358046452,-0.01144593866844572,-0.0036132016896007323,15.416368649544479,20.767678168095042,4.713749612443351
2025-09-14 13:30:00,3.044,3.0497,3.0271,3.0373,2932106.4,-0.016564558163197685,-0.012469662567396112,-0.0040948955958015724,15.284942869946768,18.94009973537895,7.974629139082403
2025-09-14 14:00:00,3.0373,3.0494,3.0208,3.0285,4087696.6,-0.018257240965944277,-0.013627178247105746,-0.004630062718838531,13.825467106876806,17.235222192544903,7.00595693554061
2025-09-14 14:30:00,3.0286,3.0329,3.0099,3.0251,4965700.2,-0.01964658229611871,-0.01483105905690834,-0.004815523239210369,15.712704566977756,16.727716317355853,13.682681066221562
2025-09-14 15:00:00,3.025,3.0345,3.0139,3.0325,3392179.7,-0.01992089151723997,-0.015849025548974667,-0.004071865968265302,20.13325603610492,17.862896223605542,24.673975661103675
2025-09-14 15:30:00,3.0324,3.0389,3.0282,3.0314,2436090.7,-0.019996536730172654,-0.016678527785214264,-0.00331800894495839,25.346740851579728,20.357511099596937,35.32520035554531
2025-09-14 16:00:00,3.0314,3.0444,3.0281,3.0432,1950027.0,-0.018886611620872795,-0.01712014455234597,-0.0017664670685268238,36.57867829821634,25.76456683247007,58.20690122970887
2025-09-14 16:30:00,3.0431,3.047,3.0403,3.0434,1414647.7,-0.017785825719046855,-0.017253280785686147,-0.0005325449333607075,45.18032308645834,32.23648558379949,71.06799809177602
2025-09-14 17:00:00,3.0434,3.0544,3.0388,3.0536,1329332.8,-0.01590702393591803,-0.016984029415732526,0.001077005479814496,62.85429778797603,42.442422985191676,103.67804739354473
2025-09-14 17:30:00,3.0536,3.0595,3.052,3.0543,2090033.3,-0.014197911154994358,-0.016426805763584892,0.0022288946085905342,71.74157486940345,52.20880694659561,110.80711071501914
2025-09-14 18:00:00,3.0542,3.0547,3.0417,3.0433,2005715.1,-0.013574556000082616,-0.01585635581088444,0.0022817998108018225,70.27395313874206,58.23052234397776,94.36081472827065
2025-09-14 18:30:00,3.0433,3.046,3.0325,3.0365,1127507.5,-0.013473926679282044,-0.01537986998456396,0.0019059433052819163,64.72564617851639,60.395563622157304,73.38581129123453
2025-09-14 19:00:00,3.0364,3.046,3.03,3.0452,1821841.2,-0.012547519927323947,-0.014813399973115959,0.002265880045792012,66.0305477447419,62.27389166301884,73.543859908188
2025-09-14 19:30:00,3.0451,3.0467,3.0333,3.038,890496.5,-0.012253069965792118,-0.014301333971651193,0.0020482640058590747,54.529919303288644,59.69256754310877,44.20462282364839
2025-09-14 20:00:00,3.038,3.0436,3.0357,3.0395,706687.2,-0.011763081306861878,-0.013793683438693331,0.002030602131831453,48.45519036355129,55.94677514992295,33.472020790807974
2025-09-14 20:30:00,3.0396,3.0413,3.0342,3.0381,669011.6,-0.011356815761467853,-0.013306309903248235,0.001949494141780382,41.456002615249105,51.116517638364996,22.13497256901732
2025-09-14 21:00:00,3.0382,3.041,3.0271,3.0377,1255269.8,-0.01094100297506051,-0.01283324851761069,0.0018922455425501809,38.54268487107159,46.925240049267195,21.77757451468038
2025-09-14 21:30:00,3.0377,3.0522,3.0377,3.0482,1157591.8,-0.009652933094256078,-0.01219718543293977,0.0025442523386836925,47.40294217742235,47.08447409198558,48.039878348295886
2025-09-14 22:00:00,3.0483,3.0504,3.0391,3.0448,899196.6,-0.00880498167089927,-0.011518744680531672,0.0027137630096324018,52.9787730458178,49.049240409929645,60.83783831759412
2025-09-14 22:30:00,3.0449,3.0575,3.0436,3.051,2085294.5,-0.007545703699084694,-0.010724136484242277,0.003178432785157583,61.525322381422505,53.20793440042726,78.16009834341298
2025-09-14 23:00:00,3.051,3.051,3.0291,3.0325,2514863.7,-0.00794888245394132,-0.010169085678182085,0.0022202032242407653,46.93793421919423,51.117934340016255,38.57793397755019
2025-09-14 23:30:00,3.0325,3.0335,3.025,3.0279,1459110.3,-0.008541129256704583,-0.009843494393886584,0.0013023651371820016,34.26631512048834,45.50072793350696,11.797489494451114
2025-09-15 00:00:00,3.028,3.045,3.0272,3.0436,1411126.0,-0.0076553838257447104,-0.00940587228025821,0.0017504884545134995,41.921133157248704,44.3075296747542,37.14834012223771
2025-09-15 00:30:00,3.0436,3.0443,3.0331,3.0349,1151595.7,-0.007568199982961321,-0.009038337820798832,0.001470137837837511,38.10126825867858,42.23877586939566,29.826253037244427
2025-09-15 01:00:00,3.0348,3.0363,3.012,3.0323,2352931.6,-0.0076210536675844764,-0.00875488099015596,0.0011338273225714839,40.27264037758071,41.58339737212401,37.651126388494106
2025-09-15 01:30:00,3.0324,3.0481,3.0323,3.04,1521931.8,-0.006961368620863606,-0.00839617851629749,0.0014348098954338837,47.36124743120763,43.50934739181855,55.06504750998579
2025-09-15 02:00:00,3.0401,3.0496,3.0401,3.0423,1103682.0,-0.006181713742425821,-0.007953285561523155,0.0017715718190973347,53.771967151940565,46.930220645192556,67.45546016543658
2025-09-15 02:30:00,3.0422,3.0422,3.0323,3.0357,1297712.4,-0.006026921871941315,-0.007568012823606788,0.0015410909516654723,53.210615463930914,49.02368558477201,61.58447522224873
2025-09-15 03:00:00,3.0358,3.0472,3.0346,3.0423,1992825.7,-0.005310467593107049,-0.00711650377750684,0.001806036184399791,61.3711795400564,53.13951690320014,77.83450481376893
2025-09-15 03:30:00,3.0422,3.0523,3.04,3.0481,1275769.5,-0.00422594680378463,-0.006538392382762399,0.0023124455789777683,70.77350761727499,59.01751380789176,94.28549523604144
2025-09-15 04:00:00,3.0481,3.0575,3.0437,3.0531,1707824.5,-0.0029292316918794192,-0.005816560244585803,0.002887328552706384,77.2922285214068,65.10908537906344,101.6585148060935
2025-09-15 04:30:00,3.0532,3.0569,3.0496,3.0509,1135873.7,-0.002055403821390911,-0.005064328959946824,0.0030089251385559132,80.02632084577293,70.08149720129994,99.9159681347189
2025-09-15 05:00:00,3.051,3.0659,3.0491,3.0634,2486613.6,-0.00035020644341399176,-0.0041215044566402575,0.0037712980132262658,85.13814092253759,75.1003784417125,105.21366588418778
2025-09-15 05:30:00,3.0634,3.0669,3.061,3.066,1399684.5,0.0011971727723047998,-0.0030577690108512462,0.004254941783156046,89.22504192523688,79.80859960288728,108.05792656993606
2025-09-15 06:00:00,3.0659,3.0663,3.0463,3.0468,2296222.4,0.0008642399894940311,-0.002273367210782191,0.003137607200276222,73.45253276711367,77.68991065762941,64.97777698608218
2025-09-15 06:30:00,3.0468,3.0498,3.0251,3.0355,3191834.7,-0.0003078781735572633,-0.0018802694033372054,0.001572391229779942,57.26181610311548,70.88054580612477,30.02435669709689
2025-09-15 07:00:00,3.0355,3.0485,3.0346,3.0356,918838.1,-0.0012147185785282844,-0.0017471592383754213,0.0005324406598471369,46.54774981037044,62.76961380754,14.10402181603132
2025-09-15 07:30:00,3.0356,3.0356,3.0125,3.0232,4026383.1,-0.0029005369177101947,-0.0019778347742423763,-0.0009227021434678184,37.58820575593322,54.37581112367107,4.0129950204575096
2025-09-15 08:00:00,3.0231,3.0241,2.9696,2.9859,12265641.7,-0.007163778785528319,-0.0030150235764995646,-0.004148755209028754,30.6429079825441,46.46484340996208,-1.0009628722918649
2025-09-15 08:30:00,2.986,2.9911,2.9555,2.9594,6827400.7,-0.012536247157346025,-0.004919268292668857,-0.007616978864677168,21.595571210385543,38.175086010103236,-11.563458389049842
2025-09-15 09:00:00,2.9594,2.9824,2.9532,2.9797,4567120.9,-0.014983209589313429,-0.006932056551997771,-0.008051153037315658,22.16603017660999,32.838734065605486,0.820622398618994
2025-09-15 09:30:00,2.9796,2.9843,2.9761,2.9775,2028577.9,-0.016905095146104276,-0.008926664270819073,-0.007978430875285204,21.90136400516309,29.19294404545802,7.3182039245732255
2025-09-15 10:00:00,2.9774,2.978,2.9671,2.974,2404390.0,-0.018497397560728324,-0.010840810928800924,-0.007656586631927399,20.73117753600921,26.372355208975083,9.448822190077458
2025-09-15 10:30:00,2.974,2.982,2.9687,2.9795,2028920.9,-0.01909538495041163,-0.012491725733123066,-0.006603659217288565,22.89600931662173,25.213573244857297,18.260881460150593
2025-09-15 11:00:00,2.9796,2.995,2.977,2.9894,2707994.9,-0.018556538774802345,-0.013704688341458923,-0.0048518504333434215,27.925776060678867,26.117640850131153,31.542046481774292
2025-09-15 11:30:00,2.9894,3.0005,2.9869,2.9994,1962440.4,-0.01712517452012463,-0.014388785577192066,-0.0027363889429325647,37.306504428802135,29.847262043021477,52.22498920036346
2025-09-15 12:00:00,2.9993,3.0004,2.9866,2.9881,2006236.5,-0.016710001106686967,-0.014853028683091048,-0.001856972423595919,41.27908945935206,33.657871181798335,56.521526014459496
2025-09-15 12:30:00,2.9881,2.9987,2.9871,2.9894,2491386.4,-0.016090591724572167,-0.015100541291387274,-0.0009900504331848935,53.03031615824298,40.11535284061322,78.86024279350251
2025-09-15 13:00:00,2.9895,3.008,2.9843,3.0074,2006445.5,-0.013986033471068637,-0.014877639727323548,0.000891606256254911,68.32191393517907,49.51753987213517,105.93066206126689
2025-09-15 13:30:00,3.0074,3.043,3.0066,3.0227,6220465.8,-0.01095726522720053,-0.014093564827298946,0.0031362996000984158,69.96603660676404,56.33370545034479,97.23069891960255
2025-09-15 14:00:00,3.0227,3.0303,3.0064,3.0283,5986706.3,-0.008012705888247318,-0.012877393039488622,0.004864687151241304,73.52149476024063,62.0629685536434,96.4385471734351
2025-09-15 14:30:00,3.0283,3.0304,3.0042,3.0055,3111514.3,-0.0074332054843582185,-0.01178855552846254,0.004355350044104322,65.5239754211384,63.21663750947507,70.13865124446507
2025-09-15 15:00:00,3.0054,3.0411,3.0005,3.0254,6607931.2,-0.005307007669523411,-0.010492245956674716,0.0051852382871513045,68.12709472520328,64.85345658138448,74.67437101284088
2025-09-15 15:30:00,3.0254,3.0299,3.0061,3.0275,4940273.1,-0.0034131830833192822,-0.009076433382003628,0.005663250298684346,69.94957933412172,66.55216416563023,76.7444096711047
2025-09-15 16:00:00,3.0275,3.0356,3.0135,3.0184,3096861.8,-0.0026164466344891224,-0.007784436032500727,0.005167989398011605,65.99705061797782,66.36712631641275,65.25689922110794
2025-09-15 16:30:00,3.0183,3.0265,3.0018,3.006,1842507.7,-0.0029515796545278583,-0.006817864756906154,0.0038662851023782956,56.32057775440408,63.01827679574319,42.92517967172586
2025-09-15 17:00:00,3.0061,3.017,2.996,3.0011,1895642.1,-0.003571395215475448,-0.006168570848620014,0.0025971756331445656,47.087085907819606,57.707879833102,25.845498057254815
2025-09-15 17:30:00,3.001,3.0101,2.9924,3.0093,2541710.9,-0.0033621749829935155,-0.005607291675494714,0.002245116692501199,42.524460433935126,52.64674003337971,22.279901235045955
2025-09-15 18:00:00,3.0092,3.01,2.9955,2.9978,885943.4,-0.004077319530388035,-0.005301297246473378,0.0012239777160853432,32.0457388519183,45.77973963955924,4.577737276636427
2025-09-15 18:30:00,2.9977,3.0113,2.9958,3.0083,985215.5,-0.0037535459475157573,-0.004991746986681854,0.001238201039166097,32.2467827801291,41.268754019749196,14.202840300888909
2025-09-15 19:00:00,3.0083,3.0161,2.9942,2.9951,1195832.3,-0.004510093186604003,-0.004895416226666284,0.00038532304006228153,23.345904468066845,35.29447083585508,-0.5512282675096287
2025-09-15 19:30:00,2.995,3.004,2.9838,2.9883,2327215.4,-0.005593882696584007,-0.005035109520649829,-0.0005587731759341781,18.459689207797563,29.68287695983591,-3.9866862962791316
2025-09-15 20:00:00,2.9883,2.9974,2.9804,2.9899,1297175.4,-0.006251622253444555,-0.005278412067208775,-0.0009732101862357807,18.043174447710477,25.802976122460763,2.5235710982099064
2025-09-15 20:30:00,2.9899,2.9983,2.986,2.9977,734255.9,-0.0060734794874126585,-0.005437425551249552,-0.0006360539361631064,24.537821287627725,25.381257844183082,22.850948174517015
2025-09-15 21:00:00,2.9977,2.9999,2.9894,2.9998,756934.4,-0.005697174135252503,-0.005489375268050143,-0.00020779886720235976,34.02703568537668,28.263183791247616,45.554739473634804
2025-09-15 21:30:00,2.9999,3.0041,2.9972,2.9991,914776.8,-0.005393263399112946,-0.005470152894262704,7.688949514975726e-05,40.14500791723527,32.2237918332435,55.98744008521881
2025-09-15 22:00:00,2.9991,3.0014,2.9708,2.9968,3614381.8,-0.005277170789326657,-0.005431556473275494,0.00015438568394883674,45.89505310744308,36.78087892464336,64.12340147304252
2025-09-15 22:30:00,2.9967,2.9972,2.987,2.9911,622154.6,-0.005580777197165432,-0.005461400618053482,-0.00011937657911195027,45.53415608193035,39.69863797707236,57.20519229164633
2025-09-15 23:00:00,2.9912,2.9979,2.9852,2.9971,635299.7,-0.005276414386245154,-0.005424403371691816,0.0001479889854466617,49.70856910244965,43.03528168553146,63.05514393628604
2025-09-15 23:30:00,2.9971,2.9986,2.9921,2.9969,755872.5,-0.0049937778319777415,-0.005338278263749001,0.00034450043177125956,59.26517219442582,48.445245188496244,80.90502620628499
2025-09-16 00:00:00,2.9969,2.9969,2.9802,2.9827,1163728.8,-0.0058481933198653024,-0.005440261274972261,-0.0004079320448930413,51.42202670819555,49.437505695062676,55.391068734461314
2025-09-16 00:30:00,2.9827,2.9868,2.9767,2.9863,1015502.1,-0.006163781598753193,-0.005584965339728448,-0.0005788162590247446,49.796866654312346,49.55729268147923,50.27601459997858
2025-09-16 01:00:00,2.9863,2.999,2.9853,2.9957,907433.2,-0.005590937297610843,-0.005586159731304928,-4.7775663059145684e-06,58.122836027799444,52.4124737969193,69.54356048955972
2025-09-16 01:30:00,2.9958,2.9989,2.9835,2.9847,985500.5,-0.0059559061522986845,-0.00566010901550368,-0.00029579713679500456,52.66247126578019,52.4958062865396,52.99580122426137
2025-09-16 02:00:00,2.9848,2.9931,2.9818,2.9861,1102284.4,-0.006062295925603589,-0.0057405463975236624,-0.00032174952807992666,51.77498084385346,52.25553113897755,50.81388025360529
2025-09-16 02:30:00,2.9862,2.9921,2.9795,2.9795,1189622.4,-0.0066030594696386835,-0.005913049011946667,-0.0006900104576920167,38.70200516645492,47.737689148136674,20.63063720309141
2025-09-16 03:00:00,2.9796,2.9844,2.9782,2.9811,1395977.2,-0.006823850742376791,-0.006095209358032692,-0.0007286413843440994,32.37831734564851,42.617898547307284,11.899154942330966
2025-09-16 03:30:00,2.9811,2.9904,2.979,2.9791,1648024.2,-0.0070786148364900825,-0.00629189045372417,-0.0007867243827659126,25.172988843286955,36.80292864596718,1.9131092379265056
2025-09-16 04:00:00,2.9791,2.9812,2.9642,2.9768,2130710.6,-0.007381024142858017,-0.00650971719155094,-0.000871306951307077,28.850958079432573,34.15227179045564,18.248330657386433
2025-09-16 04:30:00,2.9768,2.9824,2.968,2.9812,1288582.0,-0.007182843124851068,-0.006644342378210966,-0.0005385007466401021,35.51749695716944,34.60734684602691,37.33779717945451
2025-09-16 05:00:00,2.9812,2.9934,2.9794,2.9913,2895543.9,-0.006140019328693569,-0.006543477768307488,0.0004034584396139188,49.63618571090967,39.61695980098783,69.67463753075336
2025-09-16 05:30:00,2.9913,3.0076,2.9899,3.0048,2164892.0,-0.004176097330807593,-0.0060700016808075095,0.0018939043499999163,64.27358617286441,47.83583525828002,97.1490880020332
2025-09-16 06:00:00,3.0049,3.0053,2.9898,2.9907,2529921.8,-0.0037146074768417137,-0.005598922840014351,0.001884315363172637,63.202360059943324,52.95801019216779,83.6910597954944
2025-09-16 06:30:00,2.9907,2.9907,2.9787,2.9837,1521504.7,-0.0038691142012061697,-0.0052529611122527145,0.0013838469110465448,57.111865231974356,54.34262853876998,62.65033861838312
2025-09-16 07:00:00,2.9837,2.9944,2.9837,2.9939,1074515.5,-0.0031323987949254395,-0.00482884864878726,0.0016964498538618207,60.88563672915033,56.523631268896764,69.60964764965746
2025-09-16 07:30:00,2.9939,3.0138,2.9903,3.0079,1788187.8,-0.0014026941456179998,-0.004143617748153408,0.002740923602535408,69.95870405599267,61.0019888645954,87.87213443878723
2025-09-16 08:00:00,3.0078,3.0238,3.0035,3.0202,3076558.9,0.0009496692593446987,-0.003124960346653787,0.0040746296059984855,77.9590465518698,66.6543414270202,100.56845680156903
2025-09-16 08:30:00,3.0203,3.0496,3.0169,3.0348,4055866.9,0.003946538944037847,-0.00171066048851546,0.005657199432553307,79.26027940059305,70.85632075154449,96.06819669869017
2025-09-16 09:00:00,3.0348,3.0392,3.0272,3.0285,2406138.7,0.00574697486288267,-0.00021913341823583403,0.005966108281118504,76.25344437707629,72.65536196005509,83.44960921111871
2025-09-16 09:30:00,3.0285,3.0329,3.0216,3.0295,1688606.5,0.007171852293739622,0.0012590637241592572,0.005912788569580365,74.71903343991274,73.34325245334098,77.47059541305626
2025-09-16 10:00:00,3.0294,3.0344,3.0243,3.033,2114921.5,0.008485681023969516,0.0027043871841213093,0.0057812938398482065,75.34160292327049,74.00936927665082,78.00607021650981
2025-09-16 10:30:00,3.033,3.0364,3.017,3.022,1656104.2,0.008540838222594438,0.003871677391815935,0.004669160830778503,70.58504604851784,72.8679282006065,66.01928174434053
2025-09-16 11:00:00,3.0221,3.0334,3.0215,3.0287,1192451.1,0.009021193996758825,0.004901580712804513,0.004119613283954312,69.81845760847084,71.85143800322794,65.75249681895662
2025-09-16 11:30:00,3.0288,3.034,3.0283,3.0289,917937.0,0.009310689899630908,0.0057834025501697925,0.003527287349461116,68.24322131739554,70.64869910795046,63.4322657362857
2025-09-16 12:00:00,3.0289,3.037,3.0253,3.0326,1473694.6,0.00972655489590224,0.006572033019316283,0.003154521876585957,66.53669562880607,69.278031281569,61.05402432328023
2025-09-16 12:30:00,3.0326,3.0405,3.0304,3.0377,1509399.6,0.010348368726075918,0.00732730016066821,0.0030210685654077085,65.56065131624798,68.038904626462,60.60414469581997
2025-09-16 13:00:00,3.0377,3.0478,3.0346,3.0445,1834653.9,0.011260064818364945,0.008113853092207558,0.003146211726157387,73.46900563940359,69.84893829744253,80.70914032332573
2025-09-16 13:30:00,3.0446,3.0461,3.0004,3.0247,4701633.4,0.01026654962208573,0.008544392398183193,0.0017221572239025373,66.06794468787255,68.58860709425254,61.02661987511257
2025-09-16 14:00:00,3.0246,3.025,3.0034,3.021,3304394.2,0.009076000113638294,0.008650713941274214,0.00042528617236408,58.53193499585308,65.23638306145271,45.12303886465381
2025-09-16 14:30:00,3.021,3.0312,3.0144,3.0286,1687630.3,0.008646071010283585,0.008649785355076088,-3.7143447925037237e-06,58.85251362592732,63.10842658294425,50.34068771189348
2025-09-16 15:00:00,3.0287,3.0348,3.0212,3.0317,1887800.6,0.008457994692722792,0.00861142722260543,-0.000153432529882638,61.24626084203862,62.48770466930904,58.76337318749779
2025-09-16 15:30:00,3.0318,3.0415,3.0291,3.0393,1384610.1,0.00882052185483051,0.008653246149050447,0.00016727570578006258,68.18667741086671,64.38736224982826,75.78530773294361
2025-09-16 16:00:00,3.0394,3.0403,3.0307,3.0369,1462907.0,0.008812581348165427,0.008685113188873442,0.0001274681592919845,71.12585807700545,66.63352752555399,80.11051917990838
2025-09-16 16:30:00,3.0368,3.0505,3.0367,3.0464,1700634.3,0.009463766633847293,0.008840843877868213,0.0006229227559790794,78.02269447316014,70.42991650808938,93.20825040330169
2025-09-16 17:00:00,3.0464,3.0586,3.0456,3.0488,2096045.9,0.010057558334779504,0.009084186769250472,0.0009733715655290322,79.73563365793711,73.5318222247053,92.14325652440075
2025-09-16 17:30:00,3.0488,3.0516,3.0415,3.0473,1462586.6,0.01028850558383132,0.009325050532166642,0.000963455051664678,80.01848658524544,75.69404367821868,88.66737239929896
2025-09-16 18:00:00,3.0473,3.0515,3.0431,3.0449,1058514.8,0.010160746242389163,0.009492189674211147,0.0006685565681780158,78.40604419692691,76.59804385112142,82.02204488853789
2025-09-16 18:30:00,3.0449,3.0454,3.0355,3.04,1309674.8,0.009553974721403069,0.009504546683649532,4.9428037753537074e-05,71.57688014335085,74.9243226151979,64.88199519965676
2025-09-16 19:00:00,3.0399,3.0442,3.0359,3.0393,630873.6,0.008913866267964643,0.009386410600512554,-0.00047254433254791117,63.84982740394499,71.23282421144692,49.08383378894112
2025-09-16 19:30:00,3.0393,3.0535,3.0352,3.0519,1167895.9,0.009315902479453797,0.009372308976300803,-5.640649684700641e-05,68.32926346703637,70.26497062997674,64.45784914115563
2025-09-16 20:00:00,3.0518,3.0519,3.0418,3.046,958730.9,0.009054068713760799,0.009308660923792803,-0.0002545922100320036,63.83241220383038,68.12078448792796,55.255667635635206
2025-09-16 20:30:00,3.0459,3.0498,3.0438,3.0474,435526.8,0.008857428940482581,0.009218414527130759,-0.0003609855866481774,59.933858848137554,65.3918092746645,49.01795799508366
2025-09-16 21:00:00,3.0473,3.0518,3.0467,3.0498,860366.8,0.008793880070359084,0.009133507635776424,-0.00033962756541734,60.7536266964787,63.845748415269234,54.569383258897616
2025-09-16 21:30:00,3.0498,3.0577,3.0497,3.0541,1129659.6,0.008986895855072508,0.00910418527963564,-0.0001172894245631325,68.50241779765238,65.39797154273028,74.7113103074966
2025-09-16 22:00:00,3.0542,3.0579,3.0496,3.0499,750009.8,0.00870066154560245,0.009023480532829002,-0.00032281898722655127,67.25418161546865,66.01670823364306,69.72912837911983
2025-09-16 22:30:00,3.0499,3.0512,3.0463,3.0472,791095.7,0.008161866442221832,0.008851157714707568,-0.0006892912724857352,62.457266451428495,64.83022763957153,57.71134407514242
2025-09-16 23:00:00,3.0473,3.048,3.0404,3.0407,778866.5,0.007128202284961027,0.008506566628758259,-0.001378364343797232,49.71453593090839,59.79166373668382,29.560280319357517
2025-09-16 23:30:00,3.0407,3.0424,3.0353,3.0376,666041.4,0.0059898249277337,0.008003218288553347,-0.002013393360819647,36.66725302882842,52.08352683406536,5.834705418354545
2025-09-17 00:00:00,3.0376,3.041,3.0335,3.0396,626904.1,0.005189217882296759,0.00744041820730203,-0.00225120032500527,32.77816868588561,45.64840745133878,7.037691154979271
2025-09-17 00:30:00,3.0396,3.0427,3.0344,3.0356,790863.4,0.00418373694490537,0.006789081954822697,-0.0026053450099173276,24.72096491627346,38.67259327298367,-3.1822917971469593
2025-09-17 01:00:00,3.0356,3.0451,3.0344,3.045,454026.5,0.004098146615667986,0.006250894886991756,-0.00215274827132377,32.19102579117664,36.512070779047995,23.548935815433936
2025-09-17 01:30:00,3.045,3.0452,3.0344,3.0399,597905.7,0.0035775485330389323,0.005716225616201192,-0.0021386770831622595,30.203853259691186,34.40933160592906,21.792896567215436
2025-09-17 02:00:00,3.0399,3.04,3.0259,3.0322,2804723.4,0.0025146577442778373,0.005075912041816521,-0.0025612542975386836,26.698402173127423,31.83902179499518,16.417162929391914
2025-09-17 02:30:00,3.0323,3.0476,3.0258,3.0374,8281039.0,0.0020680662973076025,0.004474342892914737,-0.0024062765956071345,33.02203189494573,32.233358494978695,34.59937869487979
2025-09-17 03:00:00,3.0374,3.0374,3.0294,3.0311,2143526.9,0.0011920409038430613,0.003817882495100402,-0.0026258415912573407,29.972645887921818,31.479787625959734,26.95836241184599
2025-09-17 03:30:00,3.0312,3.0326,3.0156,3.0162,2292887.9,-0.0006964922779744143,0.002915007540485439,-0.003611499818459853,20.606763925281143,27.8554463924002,6.1093989910430295
2025-09-17 04:00:00,3.0163,3.0191,3.01,3.0102,1704214.9,-0.002646807536914597,0.0018026445250054319,-0.0044494520619200294,13.915147581393475,23.208680122064624,-4.671917499948826
2025-09-17 04:30:00,3.0103,3.0127,3.0054,3.0112,1625592.1,-0.004064897183811755,0.0006291361832419944,-0.00469403336705375,13.858123664057118,20.091827969395457,1.3907150533804398
2025-09-17 05:00:00,3.0112,3.017,3.0079,3.0084,1910002.3,-0.005352974289685175,-0.0005672859113434395,-0.004785688378341735,11.608417355816988,17.26402443153597,0.2972032043790236
2025-09-17 05:30:00,3.0085,3.021,3.0069,3.02,1836010.0,-0.005375792828022696,-0.0015289872946792908,-0.0038468055333434055,19.271330369912814,17.933126410994916,21.947738287748606
2025-09-17 06:00:00,3.02,3.0219,3.0136,3.0166,1964181.2,-0.005603633075118797,-0.0023439164507671924,-0.0032597166243516044,21.694315033338427,19.186855951776085,26.70923319646311
2025-09-17 06:30:00,3.0166,3.025,3.0152,3.0235,1802927.5,-0.005167853974409109,-0.002908703955495576,-0.002259150018913533,28.75987510911338,22.377862337555182,41.52390065222978
2025-09-17 07:00:00,3.0234,3.0389,3.0205,3.0369,2536172.3,-0.003698592810326584,-0.003066681726461778,-0.0006319110838648063,50.51653365483204,31.757419443314134,88.03476207786784
2025-09-17 07:30:00,3.0368,3.038,3.0335,3.0342,998293.2,-0.00272069767823524,-0.0029974849168164703,0.0002767872385812304,62.33440552113168,41.94974813591998,103.10372029155506
2025-09-17 08:00:00,3.0342,3.0343,3.0181,3.0209,1677415.5,-0.0029845040826859126,-0.002994888749990359,1.038466730444651e-05,56.979155919560675,46.95955073046688,77.01836629774827
2025-09-17 08:30:00,3.0209,3.0215,3.0141,3.0205,1895888.5,-0.0031890874014699477,-0.003033728480286277,-0.00015535892118367055,53.010979568264624,48.976693676399464,61.07955135199495
2025-09-17 09:00:00,3.0205,3.0205,3.014,3.0168,1498676.2,-0.003608187296226806,-0.003148620243474383,-0.0004595670527524228,45.65315304550976,47.86884679943623,41.221765537656836
2025-09-17 09:30:00,3.0168,3.0175,3.0141,3.0146,930693.7,-0.004070921546577733,-0.003333080504095053,-0.0007378410424826796,38.45626869700677,44.73132076529308,25.90616456043415
2025-09-17 10:00:00,3.0146,3.0198,3.0029,3.0073,3466958.9,-0.004969406539912402,-0.003660345711258523,-0.001309060828653879,29.711586538745212,39.72474268977712,9.685274236681394
2025-09-17 10:30:00,3.0073,3.0132,3.0058,3.0128,1799335.4,-0.005177969921699166,-0.003963870553346652,-0.001214099368352514,28.974391025830148,36.14129213512813,14.640588807234181
2025-09-17 11:00:00,3.0127,3.014,3.0072,3.0122,1006963.3,-0.005330229324276292,-0.00423714230753258,-0.0010930870167437119,27.92737179499795,33.403318688418075,16.975478008157694
2025-09-17 11:30:00,3.0122,3.0123,3.0076,3.0088,990259.8,-0.005660002596104441,-0.004521714365246952,-0.0011382882308574888,24.221286799704263,30.342641392180138,11.978577614752517
2025-09-17 12:00:00,3.0088,3.023,3.0086,3.0214,1679766.5,-0.00484874230940413,-0.004587119954078388,-0.00026162235532574234,35.78659035054584,32.15729104496871,43.045188961700106
2025-09-17 12:30:00,3.0214,3.0258,3.0189,3.0242,1050277.4,-0.0039345213747030705,-0.004456600238203325,0.0005220788635002544,54.86209371259122,39.72555860084288,85.13516393608789
2025-09-17 13:00:00,3.0243,3.0305,3.0185,3.0298,1421726.6,-0.002726689914470448,-0.00411061817345675,0.0013839282589863016,69.06265184704131,49.50458968290902,108.17877617530588
2025-09-17 13:30:00,3.0298,3.0377,3.0185,3.0228,2072130.9,-0.0023077143839240755,-0.003750037415550215,0.0014423230316261393,65.10307058002003,54.704083315279355,85.9010451095014
2025-09-17 14:00:00,3.0229,3.0304,3.017,3.0209,2016450.8,-0.002104725414020958,-0.0034209750152443636,0.0013162496012234055,60.64342636369165,56.68386433141679,68.56255042824138
2025-09-17 14:30:00,3.021,3.0236,3.0087,3.0138,2012595.3,-0.0024880847633670378,-0.003234396964868899,0.000746312201501861,48.788407544446414,54.052045402426664,38.261131828485915
2025-09-17 15:00:00,3.0139,3.0235,3.0133,3.0169,1000380.4,-0.00251278984033787,-0.003090075539962693,0.0005772856996248228,43.126697925805864,50.41026291021973,28.559567956978128
2025-09-17 15:30:00,3.0169,3.0259,3.0168,3.0227,1062062.2,-0.0020408318255391578,-0.002880226797077986,0.0008393949715388284,45.47316960280733,48.764565141082265,38.890378526257464
2025-09-17 16:00:00,3.0227,3.0227,3.01,3.0172,1032653.0,-0.0020865532461322722,-0.0027214920868888436,0.0006349388407565714,40.16653460347511,45.89855496187988,28.702493886665565
2025-09-17 16:30:00,3.0172,3.0244,3.0129,3.0218,1194247.6,-0.0017316449204298756,-0.00252352265359705,0.0007918777331671744,41.83516100001755,44.544090307925764,36.41730238420112
2025-09-17 17:00:00,3.0219,3.0289,3.0178,3.0288,932957.5,-0.0008754444382366167,-0.0021939070105249634,0.0013184625722883468,50.99355560920693,46.69391207501948,59.592842677581814
2025-09-17 17:30:00,3.0288,3.0685,3.0191,3.0197,7283948.9,-0.0009205814457691197,-0.0019392418975737948,0.001018660451804675,40.127253349281624,44.50502583310686,31.371708381631137
2025-09-17 18:00:00,3.0197,3.0645,3.0053,3.0374,16147996.8,0.0004665115705031475,-0.0014580912039584063,0.0019246027744615538,43.68188197968983,44.23064454863452,42.58435684180044
2025-09-17 18:30:00,3.0374,3.038,2.9814,2.9978,10067869.2,-0.001611025371967223,-0.0014886780375601696,-0.00012234733440705334,35.397565407049235,41.286284834772765,23.620126551602183
2025-09-17 19:00:00,2.9978,3.0341,2.9944,3.0278,4518175.4,-0.0008272035990084525,-0.0013563831498498262,0.0005291795508413737,41.355743949131266,41.30943787289227,41.448356101609264
2025-09-17 19:30:00,3.0278,3.043,3.0245,3.0321,3559188.1,0.000139348543326534,-0.001057236811214554,0.0011965853545410881,46.973481040714375,43.1974522621663,54.525538597810524
2025-09-17 20:00:00,3.0322,3.0495,3.0302,3.0308,2963215.2,0.0007913270190216259,-0.0006875240451673181,0.001478851064188944,50.22112666395898,45.53867706276386,59.5860258663492
2025-09-17 20:30:00,3.0308,3.0322,3.0115,3.0149,2584271.0,2.474232597338144e-05,-0.0005450707709391783,0.0005698130969125598,46.301263929818845,45.792872685115526,47.31804641922548
2025-09-17 21:00:00,3.0149,3.0297,3.0059,3.0236,1493583.9,0.0001178769131748858,-0.00041248123411636553,0.0005303581472912513,47.01752842163976,46.20109126395693,48.65040273700542
2025-09-17 21:30:00,3.0236,3.0394,3.0221,3.0319,1328947.5,0.0008516105423139742,-0.00015966287883029763,0.0010112734211442718,50.671463647338875,47.691215391750916,56.6319601585148
2025-09-17 22:00:00,3.032,3.0696,3.032,3.0684,5489766.8,0.004328449020502223,0.0007379595010362065,0.0035904895194660167,66.66079435899694,54.014408380832926,91.95356631532495
2025-09-17 22:30:00,3.0684,3.0914,3.0671,3.087,5458693.9,0.008486901400615032,0.0022877478809519717,0.006199153519663061,76.44052957266464,61.4897821114435,106.34202449510693
2025-09-17 23:00:00,3.0871,3.1079,3.0733,3.0807,7322016.4,0.011145667209528476,0.0040593317466672725,0.007086335462861203,76.30543381202614,66.42833267830439,96.05963607946964
2025-09-17 23:30:00,3.0807,3.0895,3.0695,3.0841,3180275.4,0.013372954755434208,0.005922056348420661,0.007450898407013547,76.42584476357295,69.76083670672723,89.75586087726438
2025-09-18 00:00:00,3.0841,3.0954,3.077,3.0799,3151391.6,0.014630539530655184,0.007663752984867566,0.006966786545787618,75.13356971166299,71.55174770837249,82.297213718244
2025-09-18 00:30:00,3.0798,3.0902,3.0752,3.076,2539109.4,0.015137985841376267,0.009158599556169307,0.00597938628520696,72.99754320646818,72.03367954107105,74.92527053726243
2025-09-18 01:00:00,3.0759,3.0891,3.0707,3.0829,2628070.6,0.015913472428506825,0.010509574130636811,0.005403898297870014,73.8284274971226,72.63192885975491,76.22142477185798
2025-09-18 01:30:00,3.0828,3.0998,3.0789,3.093,2676466.6,0.017145395282486042,0.011836738361006658,0.005308656921479384,76.76362920942597,74.00916230964526,82.27256300898739
2025-09-18 02:00:00,3.093,3.095,3.08,3.0819,1344806.2,0.017029717800191246,0.012875334248843576,0.00415438355134767,73.09055298195379,73.70295920041478,71.8657405450318
2025-09-18 02:30:00,3.0818,3.096,3.0808,3.0951,1617609.5,0.017798007888989442,0.01385986897687275,0.003938138912116692,71.60285231476662,73.0029235718654,68.80270980056909
2025-09-18 03:00:00,3.0951,3.112,3.0923,3.1059,4856916.1,0.019058656729056267,0.014899626527309454,0.004159030201746813,76.28425448435422,74.096700542695,80.65936236767266
2025-09-18 03:30:00,3.1058,3.1103,3.102,3.1051,2060555.1,0.019765334233621257,0.015872768068571817,0.0038925661650494395,78.7777382836872,75.65704645635907,85.01912193834346
2025-09-18 04:00:00,3.105,3.1074,3.0958,3.0977,2688376.7,0.019503439580689008,0.016598902370995258,0.0029045372096937506,74.31025974360426,75.20811755210747,72.51454412659785
2025-09-18 04:30:00,3.0976,3.1013,3.0912,3.0985,2228528.8,0.01913980770638979,0.017107083438074162,0.0020327242683156263,71.97762271849643,74.1312859409038,67.67029627368171
2025-09-18 05:00:00,3.0986,3.0986,3.0834,3.0841,2514216.9,0.017488075523318436,0.01718328185512302,0.0003047936681954168,58.80025533936874,69.02094240705877,38.35888120398869
2025-09-18 05:30:00,3.0842,3.0854,3.0755,3.0806,2929699.2,0.015715486769934284,0.016889722838085274,-0.0011742360681509904,43.85770447282124,60.633196428979595,10.30672056050453
2025-09-18 06:00:00,3.0806,3.0826,3.0571,3.0584,5020079.2,0.01237667237033202,0.015987112744534623,-0.0036104403742026024,30.027783552615276,50.43139213685816,-10.779433615870488
2025-09-18 06:30:00,3.0584,3.0716,3.0558,3.0709,2144515.6,0.010616898440497291,0.014913069883727158,-0.004296171443229867,28.974631502455193,43.279138592057166,0.36561732325124296
2025-09-18 07:00:00,3.071,3.0785,3.0704,3.0749,1164174.7,0.009436256205550109,0.01381770714809175,-0.0043814509425416405,30.645009376488446,39.06776218686759,13.799503755730157
2025-09-18 07:30:00,3.075,3.1054,3.0742,3.0924,3967045.7,0.009799727318277274,0.013014111182128855,-0.0032143838638515818,42.81532735190971,40.31695057521497,47.8120809052992
2025-09-18 08:00:00,3.0925,3.1081,3.0901,3.1007,2891571.3,0.010634928591003678,0.012538274663903821,-0.0019033460729001427,57.16050504148976,45.9314687306399,79.6185776631895
2025-09-18 08:30:00,3.1007,3.108,3.0933,3.1066,3339092.7,0.011638748065749382,0.012358369344272934,-0.0007196212785235516,70.48431374977581,54.115750403685205,103.221440441957
2025-09-18 09:00:00,3.1066,3.11,3.1022,3.107,2184425.2,0.012324489841510022,0.012351593443720353,-2.7103602210330757e-05,78.47785738299956,62.236452730123325,110.96066668875203
2025-09-18 09:30:00,3.107,3.123,3.1027,3.123,4043282.4,0.013997655166205991,0.012680805788217482,0.0013168493779885087,85.6519049219997,70.04160346074879,116.87250784450154
2025-09-18 10:00:00,3.1229,3.125,3.1028,3.1041,2779043.7,0.013641329934372504,0.012872910617448488,0.0007684193169240159,80.36716590175695,73.4834576077515,94.13458248976784
2025-09-18 10:30:00,3.1042,3.1157,3.1041,3.1121,1422665.2,0.013844877630977415,0.013067304020154274,0.0007775736108231405,80.69757110213463,75.8881621058792,90.31638909464547
2025-09-18 11:00:00,3.1121,3.1304,3.1121,3.129,4358132.4,0.015194724086939004,0.013492788033511222,0.0017019360534277824,86.35393629031206,79.37675350069016,100.30830186955589
2025-09-18 11:30:00,3.129,3.1375,3.1244,3.1368,2541233.2,0.01670135906996384,0.014134502240801747,0.0025668568291620925,90.5340091329831,83.09583871145448,105.41034997604035
2025-09-18 12:00:00,3.1369,3.1397,3.1189,3.1234,2846494.2,0.016622496346465176,0.014632101061934433,0.0019903952845307434,82.73503834672005,82.97557192320967,82.2539711937408
2025-09-18 12:30:00,3.1233,3.1282,3.115,3.1163,2410867.8,0.015804897388207895,0.014866660327189125,0.0009382370610187696,71.67968073689367,79.21027486110434,56.618492488472356
2025-09-18 13:00:00,3.1163,3.1259,3.1125,3.1195,1954456.1,0.01523948626834093,0.014941225515419487,0.00029826075292144205,63.164231602373604,73.86159377486076,41.76950725739928
2025-09-18 13:30:00,3.1195,3.132,3.1023,3.1186,5475999.7,0.014551036117238514,0.014863187635783294,-0.0003121515185447801,56.63711696842716,68.12010150604956,33.67114789318234
2025-09-18 14:00:00,3.1185,3.1312,3.1182,3.1249,3727619.4,0.01434839242486774,0.014760228593600183,-0.00041183616873244344,57.90068047449494,64.71362782886469,44.27478576575544
2025-09-18 14:30:00,3.125,3.1288,3.1173,3.1215,2041729.7,0.01375488648440859,0.014559160171761867,-0.0008042736873532762,55.71275311490408,61.71333625754448,43.711586829623286
2025-09-18 15:00:00,3.1215,3.1248,3.1132,3.1157,2326434.4,0.012670460046904086,0.014181420146790311,-0.0015109600998862247,49.0847944117185,57.50382230893582,32.24673861728387
2025-09-18 15:30:00,3.1157,3.1286,3.1124,3.1134,2795820.7,0.011492969703595701,0.01364373005815139,-0.0021507603545556885,42.616244402821174,52.541296340230936,22.766140528001657
2025-09-18 16:00:00,3.1134,3.1179,3.1072,3.114,2636633.8,0.010487323768483492,0.013012448800217812,-0.0025251250317343196,38.838637088511675,47.97374325632452,20.56842475288599
2025-09-18 16:30:00,3.1141,3.1206,3.1071,3.1175,1712025.5,0.009859113149595977,0.012381781670093444,-0.002522668520497467,42.95190845182492,46.29979832149132,36.256128712492114
2025-09-18 17:00:00,3.1175,3.123,3.1108,3.1108,2849927.4,0.00872009784249439,0.011649444904573633,-0.0029293470620792433,38.17444850772583,43.59134838356949,27.340648756038505
2025-09-18 17:30:00,3.1108,3.1108,3.0989,3.1074,1829750.6,0.007457107526760431,0.010810977429010993,-0.0033538699022505614,34.00955177453639,40.39741618055846,21.233822962492255
2025-09-18 18:00:00,3.1074,3.1181,3.1041,3.1169,1186444.5,0.0071404386750968385,0.010076869678228163,-0.002936431003131325,41.24888590954611,40.68123942355434,42.38417888152965
2025-09-18 18:30:00,3.1168,3.1179,3.1033,3.1164,1496157.5,0.006771077738036535,0.009415711290189838,-0.0026446335521533026,47.00873330424596,42.79040405045154,55.44539181183478
2025-09-18 19:00:00,3.1165,3.1165,3.1,3.1011,1026350.3,0.005184016288909632,0.008569372289933798,-0.003385356001024166,33.80829133863333,39.79636647984547,21.832141056209068
2025-09-18 19:30:00,3.101,3.115,3.0884,3.1074,3359269.8,0.004384079070489655,0.0077323136460449695,-0.0033482345755553146,38.29342142310225,39.2953847942644,36.28949468077796
2025-09-18 20:00:00,3.1074,3.1079,3.0953,3.0976,1299946.2,0.0029256202347416327,0.006770974963784302,-0.0038453547290426696,34.39214607397552,37.66097188750144,27.85449444692368
2025-09-18 20:30:00,3.0976,3.1051,3.0927,3.1001,1306338.0,0.0019490428536315108,0.005806588541753745,-0.003857545688122234,34.19977368322815,36.50723915274367,29.584842744197104
2025-09-18 21:00:00,3.1001,3.1023,3.0866,3.0901,1259039.1,0.0003639860125494998,0.004718068035912896,-0.004354082023363396,26.004977327280525,33.00648521092263,12.001961559996317
2025-09-18 21:30:00,3.0902,3.0926,3.083,3.0841,1163760.4,-0.001360648105250828,0.0035023248076801513,-0.004862972912930979,18.38128592948774,28.13141878377766,-1.1189797790921077
2025-09-18 22:00:00,3.0842,3.0846,3.075,3.0791,2449563.2,-0.0030952116094504767,0.0021828175242540257,-0.005278029133704502,15.425110959952212,23.89598284250251,-1.516632805148383
2025-09-18 22:30:00,3.079,3.0821,3.073,3.0732,1760839.6,-0.004889582313772678,0.0007683375566486851,-0.0056579198704213626,10.431885406115118,19.407950363706714,-7.520244509068075
2025-09-18 23:00:00,3.0731,3.0732,3.0601,3.0716,3033792.1,-0.006367341899053081,-0.000658798334491668,-0.005708543564561412,13.751280578072185,17.522393768495203,6.209054197226152
2025-09-18 23:30:00,3.0716,3.0793,3.0715,3.0735,2058672.7,-0.007301001495508608,-0.001987238966695056,-0.005313762528813552,17.303525242697916,17.44943759322944,17.011700541634866
2025-09-19 00:00:00,3.0735,3.0846,3.0735,3.084,1445377.3,-0.007111692045489892,-0.0030121295824540235,-0.004099562463035869,28.202350161798766,21.033741782752546,42.53956691989121
2025-09-19 00:30:00,3.084,3.0868,3.0779,3.0865,816460.6,-0.006682897552791278,-0.003746283176521475,-0.0029366143762698032,38.35712233008805,26.808201965197714,61.454963059868724
2025-09-19 01:00:00,3.0866,3.0934,3.0834,3.0912,1594495.4,-0.00589586030007494,-0.004176198601232168,-0.0017196616988427718,50.13697570821049,34.58445987953531,81.24200736556087
2025-09-19 01:30:00,3.0913,3.0941,3.0774,3.08,1217943.5,-0.006105493674156914,-0.004562057615817117,-0.001543436058339797,52.93445439370905,40.701124717593224,77.40111374594072
2025-09-19 02:00:00,3.08,3.08,3.0667,3.0694,1927923.0,-0.007045742116253528,-0.0050587945159044,-0.0019869476003491282,44.407283321296255,41.936510918827565,49.34882812623363
2025-09-19 02:30:00,3.0695,3.0718,3.0616,3.0671,1853609.6,-0.007885586427112568,-0.0056241528981460336,-0.002261433528966534,36.467600645570116,40.11354082774175,29.175720281226845
2025-09-19 03:00:00,3.0672,3.0761,3.0637,3.0653,1510506.9,-0.008597309617362825,-0.006218784241989392,-0.002378525375373433,29.409772979399957,36.54561821162782,15.13808251494423
2025-09-19 03:30:00,3.0652,3.0657,3.0453,3.047,4427915.4,-0.01051678152291613,-0.007078383698174739,-0.003438397824741391,20.767717505392344,31.286317976215994,-0.2694834362549514
2025-09-19 04:00:00,3.0469,3.0476,3.0232,3.0404,6176090.2,-0.012427287642390983,-0.008148164487017988,-0.004279123155372995,21.93165182070815,28.168095924380044,9.458763613364361
2025-09-19 04:30:00,3.0403,3.0499,3.0377,3.0492,2057101.1,-0.013080507107593231,-0.009134633011133037,-0.003945874096460194,26.844890588511504,27.727027479090527,25.080616807353458
2025-09-19 05:00:00,3.0492,3.0536,3.0392,3.0393,1503233.8,-0.014232966721554163,-0.010154299753217263,-0.0040786669683369,25.465940223088438,26.97333172708983,22.451157215085658
2025-09-19 05:30:00,3.0393,3.0498,3.037,3.048,1317329.7,-0.014279674775551143,-0.01097937475768404,-0.0033003000178671027,28.636907962547884,27.52785713890918,30.855009609825295
2025-09-19 06:00:00,3.0479,3.0479,3.0299,3.0333,2767382.9,-0.015326187640927191,-0.01184873733433267,-0.0034774503065945206,25.018502021980282,26.691405433266215,21.672695199408416
2025-09-19 06:30:00,3.0333,3.0376,3.0262,3.0267,1712428.3,-0.016497943445527685,-0.012778578556571675,-0.0037193648889560105,18.884420377602392,24.089077081378274,8.475106970050625
2025-09-19 07:00:00,3.0267,3.0408,3.0237,3.0372,2034916.7,-0.016390368153456514,-0.013500936475948643,-0.0028894316775078706,21.411289703530684,23.196481288762413,17.840906533067226
2025-09-19 07:30:00,3.0373,3.0424,3.035,3.0382,1513133.5,-0.01603952861518465,-0.014008654903795846,-0.0020308737113888045,26.038899018039817,24.143953865188212,29.82878932374303
2025-09-19 08:00:00,3.0381,3.0475,3.035,3.0435,1429079.8,-0.015159075659385568,-0.01423873905491379,-0.0009203366044717772,39.61803794185102,29.301981890742482,60.25015004406811
2025-09-19 08:30:00,3.0436,3.044,3.0337,3.0341,1508353.6,-0.015046366640917963,-0.014400264572114626,-0.0006461020688033371,38.00622819311827,32.203397324867744,49.61188992961932
2025-09-19 09:00:00,3.0342,3.0435,3.032,3.0336,983820.8,-0.014826479328546416,-0.014485507523400986,-0.00034097180514543017,36.374274759737716,33.59368980315774,41.935444672897674
2025-09-19 09:30:00,3.0336,3.0355,3.0237,3.0297,2238185.6,-0.014796351327930335,-0.014547676284306857,-0.0002486750436234784,31.912351755534246,33.03324378728324,29.670567692036258
2025-09-19 10:00:00,3.0297,3.032,3.024,3.0258,1659452.9,-0.014915238491801208,-0.014621188725805728,-0.00029404976599547994,24.167463153827228,30.077983576131235,12.346422309219214
2025-09-19 10:30:00,3.0259,3.0358,3.024,3.0311,1234520.8,-0.01441561745504183,-0.01458007447165295,0.00016445701661112026,26.47578776081487,28.87725163769245,21.672860007059718
2025-09-19 11:00:00,3.0312,3.0332,3.0246,3.0247,2369120.4,-0.014370437241568279,-0.014538147025636017,0.00016770978406773808,19.051085397966684,25.601862891117193,5.949530411665663
2025-09-19 11:30:00,3.0247,3.0327,3.0223,3.0304,1823768.4,-0.013716573117148467,-0.014373832243938508,0.0006572591267900406,23.415009312930504,24.872911698388297,20.499204542014915
2025-09-19 12:00:00,3.0305,3.0462,3.0297,3.0356,2161332.3,-0.012633157371609638,-0.014025697269472736,0.001392539897863098,33.20259880121313,27.64947406599657,44.30884827164624
2025-09-19 12:30:00,3.0357,3.0421,3.032,3.0331,1234876.0,-0.011839789965599756,-0.01358851580869814,0.001748725843098384,37.197827373751885,30.83225850191501,49.928965117425626
2025-09-19 13:00:00,3.0331,3.0366,3.0272,3.0311,1838793.0,-0.01124282359376183,-0.01311937736571088,0.0018765537719490494,37.071912809837364,32.91214327122246,45.39145188706718
2025-09-19 13:30:00,3.0311,3.0389,3.0251,3.0342,1791270.4,-0.010399698104785582,-0.01257544151352582,0.0021757434087402387,41.31154019958459,35.71194224734317,52.51073610406745
2025-09-19 14:00:00,3.0342,3.0382,3.0225,3.0228,2603939.0,-0.010530016333026193,-0.012166356477425895,0.0016363401443997023,28.238376869458307,33.22075378804821,18.273623032278493
2025-09-19 14:30:00,3.0227,3.026,3.005,3.0083,5646421.5,-0.011668812479561641,-0.012066847677853045,0.00039803519829140384,21.49548749226048,29.312331689452304,5.861799097876833
2025-09-19 15:00:00,3.0083,3.0096,2.9887,3.0048,7336071.8,-0.012707256041895487,-0.012194929350661533,-0.0005123266912339542,23.663658328173582,27.42944056902606,16.132093846468628
2025-09-19 15:30:00,3.0049,3.0124,2.9957,3.0103,2961074.8,-0.012937292952077684,-0.012343402070944764,-0.0005938908811329198,28.29751134921715,27.718797495756423,29.454939056138606
2025-09-19 16:00:00,3.0103,3.017,3.0052,3.0135,2633701.8,-0.01271481710732525,-0.012417685078220862,-0.0002971320291043876,33.24181916034771,29.559804717286852,40.60584804646942
2025-09-19 16:30:00,3.0135,3.016,3.0078,3.0102,1309074.3,-0.012658862333148502,-0.01246592052920639,-0.0001929418039421111,35.58193686844661,31.567182101006768,43.611446403326305
2025-09-19 17:00:00,3.0101,3.0106,2.9978,3.0028,1476536.5,-0.013061075973515468,-0.012584951618068206,-0.00047612435544726155,33.08384104642793,32.07273508281382,35.10605297365615
2025-09-19 17:30:00,3.0027,3.0035,2.9951,2.9965,893667.5,-0.013729920552451702,-0.012813945404944906,-0.0009159751475067961,27.23517689947789,30.46021568836851,20.78509932169664
2025-09-19 18:00:00,2.9965,3.0011,2.9879,2.9984,1468357.5,-0.013945910800309047,-0.013040338484017734,-0.0009055723162913129,25.11503509667008,28.67848882446903,17.988127641072175
2025-09-19 18:30:00,2.9983,3.0029,2.995,2.9978,840135.2,-0.014004069418427356,-0.01323308467089966,-0.0007709847475276966,25.404774053948046,27.5872505676287,21.039821026586736
2025-09-19 19:00:00,2.9978,3.0109,2.9978,3.0067,1240859.2,-0.013180073242668566,-0.013222482385253443,4.2409142584876394e-05,38.471453034819966,31.215318056692457,52.98372299107498
2025-09-19 19:30:00,3.0067,3.0067,2.9836,2.9862,2150270.3,-0.014019619563739205,-0.013381909820950595,-0.0006377097427886103,28.242445735788326,30.22436061639108,24.27861597458282
2025-09-19 20:00:00,2.9862,2.9939,2.9835,2.9929,1819146.0,-0.01398314309661508,-0.013502156476083493,-0.00048098662053158714,28.18153098803826,29.54341740694014,25.457758150234504
2025-09-19 20:30:00,2.9929,2.9947,2.9842,2.9855,969488.3,-0.014385526000189053,-0.013678830380904606,-0.0007066956192844469,20.83896937664111,26.641934730173798,9.233038669575734
2025-09-19 21:00:00,2.9854,2.9939,2.9784,2.9923,1682611.6,-0.013994395500137813,-0.01374194340475125,-0.00025245209538656346,28.149056507504465,27.144308655950685,30.158552210612022
2025-09-19 21:30:00,2.9923,2.9962,2.9896,2.9959,856072.9,-0.013241294447389418,-0.013641813613278885,0.0004005191658894673,36.71475562038734,30.334457644096236,49.475351572969565
2025-09-19 22:00:00,2.996,3.0007,2.9952,2.999,566795.2,-0.012253066620337094,-0.013364064214690528,0.0011109975943534335,45.604708875130136,35.424541387774205,65.96504384984199
2025-09-19 22:30:00,2.999,2.999,2.9929,2.993,650766.6,-0.011817810441075327,-0.013054813459967488,0.0012370030188921608,45.37749822444556,38.742193666664654,58.64810734000737
2025-09-19 23:00:00,2.993,2.9933,2.9791,2.9817,970362.1,-0.012243546363978286,-0.012892560040769649,0.0006490136767913629,33.63628086757897,37.04022273363609,26.828397135464726
2025-09-19 23:30:00,2.9817,2.9911,2.9799,2.9901,490864.6,-0.011767487085751593,-0.01266754544976604,0.0009000583640144458,36.20510597296774,36.76185048007998,35.09161695874327
2025-09-20 00:00:00,2.99,2.9907,2.9845,2.9856,541086.9,-0.011619378111804135,-0.012457911982173659,0.0008385338703695237,34.89906915387633,36.14092337134543,32.415360718938146
2025-09-20 00:30:00,2.9857,3.0013,2.9855,2.9986,807307.1,-0.010333886714987361,-0.0120331069287364,0.0016992202137490389,52.66924843155084,41.65036505808057,74.70701517849139
2025-09-20 01:00:00,2.9987,2.9997,2.9918,2.9983,744211.5,-0.009232901868877708,-0.011473065916764663,0.002240164047886956,64.07935339395948,49.126694503373535,93.98467117513137
2025-09-20 01:30:00,2.9983,2.9983,2.99,2.9921,478864.4,-0.00875967554364765,-0.010930387842141261,0.0021707122984936118,62.23908844882616,53.49749248519108,79.72228037609632
2025-09-20 02:00:00,2.992,2.992,2.98,2.9887,667253.7,-0.008560313886631032,-0.010456373051039216,0.0018960591644081835,55.90714004696546,54.30070833911588,59.12000346266463
2025-09-20 02:30:00,2.9887,2.9953,2.9844,2.9948,441225.8,-0.007819955734989392,-0.009929089587829251,0.0021091338528398586,60.845000271550724,56.482138983260825,69.57072284813052
2025-09-20 03:00:00,2.9949,2.9952,2.9852,2.9894,810614.0,-0.007581555978176446,-0.00945958286589869,0.0018780268877222443,56.02879897983242,56.331025648784696,55.42434564192787
2025-09-20 03:30:00,2.9894,2.9946,2.9889,2.9914,541550.1,-0.007148831884056239,-0.008997432669530202,0.0018486007854739625,55.265305238891266,55.97578551215355,53.84434469236669
2025-09-20 04:00:00,2.9915,2.9925,2.9874,2.9886,631901.7,-0.006951696689129427,-0.008588285473450048,0.0016365887843206202,50.30206577741405,54.08454560057371,42.737106131094734
2025-09-20 04:30:00,2.9887,2.9948,2.9873,2.9928,455218.8,-0.006382981688100031,-0.008147224716380044,0.0017642430282800124,53.56600942281417,53.911700207987195,52.87462785246811
2025-09-20 05:00:00,2.9929,2.9959,2.9888,2.9958,370730.8,-0.005625350485718883,-0.0076428498702478115,0.0020174993845289285,62.44502151030281,56.7561406420924,73.82278324672363
2025-09-20 05:30:00,2.9958,3.0027,2.995,3.0027,683194.0,-0.004417230877178824,-0.006997726071634014,0.00258049519445519,74.96334767353521,62.825209652573335,99.23962371545895
2025-09-20 06:00:00,3.0026,3.0026,2.9963,3.0024,546687.5,-0.0034442912308616513,-0.006287039103479542,0.0028427478726178908,82.86836981466261,69.50626303993643,109.59258336411497
2025-09-20 06:30:00,3.0025,3.0068,3.0017,3.0051,704223.7,-0.0024273807816865833,-0.0055151074391209505,0.003087726657434367,86.04915130501314,75.02055912829533,108.10633565844876
2025-09-20 07:00:00,3.0051,3.0086,3.0016,3.0019,612120.4,-0.001858264267014409,-0.004783738804699642,0.002925474537685233,81.15527465918268,77.06546430525778,89.33489536703249
2025-09-20 07:30:00,3.0019,3.0091,2.9991,3.0089,859656.0,-0.0008327939006242957,-0.003993549823884573,0.0031607559232602776,87.13103937523498,80.42065599525017,100.55180613520457
2025-09-20 08:00:00,3.0088,3.0091,2.9993,2.9998,653045.5,-0.0007457980990297486,-0.0033439994789136087,0.00259820137988386,77.20050943058483,79.34727380702839,72.90698067769773
2025-09-20 08:30:00,2.9998,3.0012,2.9851,2.9855,1250532.6,-0.0018098806123214572,-0.0030371757055951782,0.001227295093273721,52.02256184261205,70.23903648555627,15.589612556723608
2025-09-20 09:00:00,2.9854,2.9889,2.9812,2.9849,1539976.0,-0.00267080132088493,-0.0029639008286531285,0.00029309950776819837,39.10225747691487,59.86011014934247,-2.41344786794032
2025-09-20 09:30:00,2.9849,2.9849,2.9745,2.9789,2555642.8,-0.0037935078438806613,-0.003129822231698635,-0.0006636856121820262,30.307092653203302,50.00910431729608,-9.096930674982247
2025-09-20 10:00:00,2.9789,2.9854,2.9788,2.9802,1011092.2,-0.004526186654274511,-0.0034090951162138103,-0.0011170915380607008,25.696057915237663,41.90475551660994,-6.721337287506884
2025-09-20 10:30:00,2.9801,2.9837,2.9775,2.9791,1059086.8,-0.00513639157234147,-0.003754554407439342,-0.0013818371649021279,21.562304506112117,35.123938513110666,-5.560963507884978
2025-09-20 11:00:00,2.979,2.9875,2.979,2.9817,672167.8,-0.005348530564304621,-0.0040733496388123975,-0.0012751809254922235,21.311285855712566,30.519720960644634,2.894415645848426
2025-09-20 11:30:00,2.9817,2.9892,2.9814,2.9891,467343.9,-0.004863471021662402,-0.004231373915382398,-0.0006320971062800038,28.27303450111097,29.770825474133414,25.277452555066084
2025-09-20 12:00:00,2.9892,2.9894,2.983,2.983,920670.7,-0.004914624131880707,-0.00436802395868206,-0.0005466001731986468,27.037514330220542,28.859721759495788,23.393099471670048
2025-09-20 12:30:00,2.983,2.9864,2.9821,2.985,1011292.1,-0.004739150082828214,-0.004442249183511292,-0.00029690089931692226,31.133623785690066,29.617689101560547,34.16549315394911
2025-09-20 13:00:00,2.985,2.9896,2.9809,2.9874,977290.4,-0.00435621001496278,-0.00442504134980159,6.883133483880956e-05,49.23257038251353,36.15598286187821,75.38574542378417
2025-09-20 13:30:00,2.9873,2.989,2.9825,2.9835,955055.5,-0.004317653437404978,-0.0044035637673222675,8.591032991728947e-05,52.689263257216446,41.66707632699095,74.73363711766743
2025-09-20 14:00:00,2.9835,2.9835,2.9652,2.9684,4598244.6,-0.005442799669375997,-0.004611410947733013,-0.0008313887216429838,39.497760204264644,40.94397095274885,36.60533870729624
2025-09-20 14:30:00,2.9684,2.985,2.9657,2.9812,2904165.8,-0.005241215666853094,-0.00473737189155703,-0.0005038437752960638,48.18976363344424,43.35923517964731,57.85082054103809
2025-09-20 15:00:00,2.9812,2.9961,2.98,2.9929,5650570.9,-0.004090217195738877,-0.0046079409523934,0.0005177237566545232,62.0078467372907,49.575439032195106,86.87266214748189
2025-09-20 15:30:00,2.9928,2.9929,2.9841,2.9893,2861564.2,-0.003429005092207671,-0.004372153780356255,0.0009431486881485837,67.33640699422394,55.49576168620471,91.0176976102624
2025-09-20 16:00:00,2.9893,2.9928,2.9757,2.9776,3293047.8,-0.0038052177735754533,-0.004258766579000095,0.0004535488054246417,58.26742127554499,56.41964821598481,61.962967394665355
2025-09-20 16:30:00,2.9777,2.9925,2.9758,2.9915,1627967.8,-0.002947775084920501,-0.003996568280184177,0.001048793195263676,67.21603705316772,60.01844449504578,81.61122216941162
2025-09-20 17:00:00,2.9914,2.9917,2.9814,2.9861,1749244.1,-0.0026731658549490334,-0.003731887795137148,0.0010587219401881147,67.35653818646985,62.464475725520465,77.14066310836863
2025-09-20 17:30:00,2.9861,2.9885,2.9809,2.9824,981365.0,-0.0027227094399577823,-0.0035300521241012754,0.0008073426841434931,63.45883559788402,62.79592901630832,64.78464876103541
2025-09-20 18:00:00,2.9824,2.9824,2.971,2.9758,1813927.4,-0.003256993337728442,-0.003475440366826709,0.00021844702909826685,53.74062610516975,59.77749471259546,41.66688889031833
2025-09-20 18:30:00,2.9757,2.9764,2.971,2.9746,1262645.2,-0.0037342015956660646,-0.0035271926125945803,-0.0002070089830714843,45.58585599993781,55.04694847504291,26.66367104972761
2025-09-20 19:00:00,2.9746,2.9816,2.9718,2.9791,843391.7,-0.0037065533465212575,-0.003563064759379916,-0.0001434885871413414,41.14754277817864,50.41381324275482,22.615001849026285
2025-09-20 19:30:00,2.979,2.9799,2.9716,2.9744,1113475.1,-0.004017580463612447,-0.003653967900226422,-0.0003636125633860246,32.60673323720291,44.47811990757085,8.863959896467023
2025-09-20 20:00:00,2.9745,2.9776,2.97,2.9726,2141097.4,-0.004359068028700008,-0.0037949879259211398,-0.0005640801027788685,25.538991748778177,38.16507718797329,0.286820870387956
2025-09-20 20:30:00,2.9727,2.9795,2.9708,2.9709,2290605.2,-0.004712551812985577,-0.003978500703334028,-0.0007340511096515494,18.35932783251831,31.56316073615496,-8.048337974754986
2025-09-20 21:00:00,2.9708,2.9816,2.9704,2.9816,1293695.9,-0.004082232250098183,-0.003999247012686859,-8.298523741132394e-05,30.058292287730826,31.06153792001358,28.051801023165318
2025-09-20 21:30:00,2.9816,2.9855,2.9791,2.9805,1106604.2,-0.003629620259231192,-0.003925321661995726,0.0002957014027645342,38.95778044407276,33.69361876136664,49.48610380948499
2025-09-20 22:00:00,2.9804,2.9819,2.9773,2.9798,844974.8,-0.0032894869870792043,-0.0037981547270124223,0.000508667739933218,47.047122446585945,38.14478665643974,64.85179402687835
2025-09-20 22:30:00,2.9798,2.9855,2.9749,2.9821,1106740.1,-0.0028020379905258075,-0.0035989313797150993,0.0007968933891892918,57.386253674067824,44.5586089956491,83.04154303090526
2025-09-20 23:00:00,2.9821,2.9824,2.9715,2.9716,1130952.3,-0.0032258082867819837,-0.0035243067611284763,0.00029849847434649255,41.69836266443197,43.605193551910055,37.884700889475795
2025-09-20 23:30:00,2.9716,2.9782,2.97,2.975,1140407.8,-0.0032498356324319744,-0.0034694125353891764,0.00021957690295720204,38.55159661499753,41.920661239605884,31.813467365780824
2025-09-21 00:00:00,2.975,2.9792,2.9734,2.9747,1109534.3,-0.0032555569359189462,-0.0034266414154951303,0.00017108447957618405,35.808591291718244,39.883304590310004,27.659164694534724
2025-09-21 00:30:00,2.9747,2.9917,2.9725,2.9888,2683327.6,-0.0020981527499226438,-0.003160943682380633,0.0010627909324579894,52.75104242796584,44.17255053619528,69.90802621150696
2025-09-21 01:00:00,2.9888,2.9905,2.9856,2.9873,860764.9,-0.0012871021455111986,-0.0027861753750067467,0.001499073229495548,61.74186238669299,50.02898781969452,85.16761152068995
2025-09-21 01:30:00,2.9873,2.9873,2.9777,2.9798,716101.7,-0.0012352864053539747,-0.002475997581076192,0.0012407111757222174,56.21500503198885,52.09099355712596,64.46302798171463
2025-09-21 02:00:00,2.9797,2.9876,2.9761,2.9868,1174958.5,-0.000622208131380031,-0.00210523969113696,0.0014830315597569288,63.283121634229474,55.82170291616046,78.2059590703675
2025-09-21 02:30:00,2.9869,2.9909,2.9848,2.9902,903549.5,0.00013643961183484876,-0.0016569038305425982,0.001793343442377447,73.21793362404908,61.62044648545666,96.41290790123394
2025-09-21 03:00:00,2.9903,2.9939,2.9881,2.9925,737864.0,0.0009127426629365054,-0.0011429745318467775,0.0020557171947832827,80.19270888744157,67.81120061945164,104.95572542342143
2025-09-21 03:30:00,2.9926,2.9987,2.9913,2.9976,886788.3,0.0019173932851623832,-0.0005309009684449454,0.0024482942536073284,85.51755505388077,73.71331876426136,109.1260276331196
2025-09-21 04:00:00,2.9977,2.9981,2.9931,2.9962,1349891.6,0.0025709811711203123,8.947545946810619e-05,0.002481505711652206,87.16437512497907,78.19700421783394,105.09911693926935
2025-09-21 04:30:00,2.9962,3.0068,2.9933,3.0068,1242157.9,0.0038993365670005886,0.0008514476809746027,0.003047888886025986,91.44291674998605,82.61230839521797,109.10413345952222
2025-09-21 05:00:00,3.0068,3.013,3.0011,3.0115,1619182.1,0.0052705627424969315,0.0017352706932790686,0.003535292049217863,92.94026428318847,86.0549603578748,106.7108721338158
2025-09-21 05:30:00,3.0115,3.0135,3.0042,3.0058,1243558.0,0.00583012099688851,0.0025542407540009573,0.003275880242887553,88.43076442408618,86.84689504661192,91.59850317903468
2025-09-21 06:00:00,3.0058,3.0115,3.0028,3.0045,1026381.5,0.00609837750962372,0.00326306810512551,0.0028353094044982104,84.26578590839263,85.98652533387217,80.82430705743357
2025-09-21 06:30:00,3.0045,3.0046,2.9996,3.0001,937055.1,0.005888055660517644,0.003788065616203937,0.0020999900443137067,73.94722544880092,81.97342537218175,57.894825602039276
2025-09-21 07:00:00,3.0002,3.0066,2.9992,3.004,650163.3,0.005967284346711121,0.004223909362305375,0.0017433749844057468,70.16429203148392,78.03704759194915,54.418780910553494
2025-09-21 07:30:00,3.004,3.0058,2.9953,2.997,1105881.6,0.005402950304877141,0.004459717550819728,0.0009432327540574133,55.33475324621448,70.46961614337093,25.065027451901585
2025-09-21 08:00:00,2.997,3.0005,2.99,2.9907,515212.9,0.004396672063498475,0.004447108453355477,-5.043638985700264e-05,37.88274329889435,59.60732519521207,-5.566420493741106
2025-09-21 08:30:00,2.9908,2.9925,2.9899,2.9909,450510.5,0.003574127320953746,0.004272512226875131,-0.0006983849059213846,26.667591577793814,48.62741398940599,-17.25205324543053
2025-09-21 09:00:00,2.9909,2.9928,2.9691,2.9705,1282492.7,0.0012616022113136616,0.003670330223762837,-0.0024087280124491755,18.82944543624681,38.6947578050196,-20.901179301298768
2025-09-21 09:30:00,2.9705,2.9805,2.9618,2.9789,2486089.2,0.00010550302613943074,0.002957364784238156,-0.002851861758098725,23.57810869186262,33.65587476730061,3.4225765409866398
2025-09-21 10:00:00,2.9788,2.9805,2.9726,2.9755,661037.8,-0.0010727000736543424,0.0021513518126596563,-0.0032240518863139987,24.9072032459498,30.73965092685034,13.242307884148708
2025-09-21 10:30:00,2.9754,2.9777,2.9679,2.9681,684860.0,-0.0025738825584085134,0.0012063049384460223,-0.0037801874968545358,21.292302163966514,27.590534672555734,8.69583714678808
2025-09-21 11:00:00,2.9682,2.9782,2.9669,2.9769,700412.8,-0.0030186963848288784,0.0003613046737910423,-0.0033800010586199206,25.429987156929986,26.87035216734715,22.54925713609566
2025-09-21 11:30:00,2.9768,2.9815,2.9738,2.9751,555536.8,-0.0034763858911719403,-0.00040623343920155423,-0.003070152451970386,27.029082347044056,26.923262227246116,27.24072258663994
2025-09-21 12:00:00,2.9751,2.9857,2.9731,2.9828,881812.9,-0.0031811125882650337,-0.0009612092690142502,-0.0022199033192507834,36.107243528520264,29.984589327670832,48.352551930219136
2025-09-21 12:30:00,2.9829,2.9865,2.9775,2.9791,476493.6,-0.0032086778057793808,-0.0014107029763672763,-0.0017979748294121045,42.67364622331439,34.21427495955202,59.592388750839135
2025-09-21 13:00:00,2.979,2.985,2.9777,2.9844,454153.8,-0.0027709163345353005,-0.001682745648000881,-0.0010881706865344194,52.75017275102675,40.39290755671026,77.46470313965973
2025-09-21 13:30:00,2.9845,2.9873,2.9808,2.9863,600092.3,-0.002244796477184341,-0.0017951558138375732,-0.00044964066334676777,67.19292562486764,49.32624691276272,102.92628304907747
2025-09-21 14:00:00,2.9863,2.9884,2.9777,2.9781,639433.8,-0.0024611436376393847,-0.0019283533785979354,-0.0005327902590414493,62.15962483518317,53.60403955356954,79.27079539841044
2025-09-21 14:30:00,2.9781,2.987,2.9745,2.9764,515032.8,-0.0027382117133507577,-0.0020903250455485,-0.0006478866678022578,56.1684320606648,54.45883705593462,59.58762207012515
2025-09-21 15:00:00,2.9763,2.9783,2.9726,2.9726,543159.1,-0.003227217052288456,-0.002317703446896491,-0.0009095136053919647,46.282830676102144,51.73350159599047,35.38148883632549
2025-09-21 15:30:00,2.9727,2.9815,2.9696,2.9798,554529.7,-0.002999204516672016,-0.0024540036608515963,-0.0005452008558204198,48.94032683371372,50.80244334189822,45.216093817344714
2025-09-21 16:00:00,2.9799,2.9835,2.9689,2.9742,809832.0,-0.003233106894560578,-0.0026098243075933928,-0.0006232825869671851,41.68671361563842,47.76386676647829,29.532407313958686
2025-09-21 16:30:00,2.9741,2.9748,2.9618,2.9649,1393882.4,-0.004121399562198924,-0.002912139358514499,-0.001209260203684425,31.675854189874126,42.40119590761024,10.225170754401901
2025-09-21 17:00:00,2.9649,2.9675,2.9523,2.9575,3278494.2,-0.005360701229867537,-0.003401851732785107,-0.0019588494970824303,25.91871350423732,36.90703510648593,3.9420702997401094
2025-09-21 17:30:00,2.9575,2.974,2.9534,2.9738,1068606.5,-0.004970288562315961,-0.0037155390986912777,-0.0012547494636246832,37.1314045706921,36.981824927887985,37.430563856300324
2025-09-21 18:00:00,2.9738,2.9813,2.9728,2.9755,605665.6,-0.004472155691017221,-0.0038668624171564665,-0.0006052932738607546,46.176245706407656,40.04663185406121,58.435473411100546
2025-09-21 18:30:00,2.9755,2.9854,2.9752,2.9854,661963.0,-0.00324117232243859,-0.003741724398212891,0.0005005520757743009,62.58051346805633,47.55792572539292,92.62568895338316
2025-09-21 19:00:00,2.9854,2.9856,2.971,2.9824,775149.3,-0.0024791064658886697,-0.003489200811748047,0.0010100943458593772,71.850472442168,55.65544129765127,104.24053473120146
2025-09-21 19:30:00,2.9824,2.9827,2.9764,2.9818,348815.9,-0.0019016576441943656,-0.0031716921782373106,0.001270034534042945,77.4298444909748,62.91357569542578,106.46238208207285
2025-09-21 20:00:00,2.9817,2.9852,2.9744,2.9845,620671.6,-0.0012121845486308125,-0.002779790652316011,0.0015676061036851985,83.8521285595491,69.89309331680022,111.77019904504687
2025-09-21 20:30:00,2.9845,2.9845,2.9738,2.9753,426251.0,-0.0013920881398719054,-0.0025022501498271903,0.001110162009955285,78.92444206272235,72.90354289877426,90.96624039061854
2025-09-21 21:00:00,2.9754,2.9787,2.9675,2.9683,765600.4,-0.002075578553067725,-0.0024169158304752974,0.0003413372774075723,68.63231072449776,71.4797988406821,62.93733449212908
2025-09-21 21:30:00,2.9682,2.9793,2.9668,2.9746,608126.4,-0.0020848593206364008,-0.0023505045285075184,0.00026564520787111757,67.7010435885889,70.22021375665103,62.66270325246464
2025-09-21 22:00:00,2.9746,2.9793,2.9644,2.9734,885570.8,-0.0021640979924275605,-0.002313223221291527,0.00014912522886396636,59.284972455285605,66.57513332286256,44.704650720131696
2025-09-21 22:30:00,2.9733,2.9926,2.971,2.9906,1528247.2,-0.000829437715427428,-0.0020164661201187073,0.0011870284046912793,70.49258210967058,67.88094958513189,75.71584715874795
2025-09-21 23:00:00,2.9906,2.9927,2.9713,2.9738,1142785.5,-0.0011144823677442517,-0.0018360693696438163,0.0007215870018995646,58.06690397417406,64.60960104814595,44.98150982623028
2025-09-21 23:30:00,2.9738,2.9765,2.969,2.9701,501058.7,-0.0016202639914366657,-0.0017929082940023862,0.00017264430256572053,45.42505023484395,58.21475077704528,19.84564915044129
2025-09-22 00:00:00,2.9701,2.9755,2.9531,2.9549,2087743.8,-0.0032106027109515267,-0.002076447177392214,-0.0011341555335593126,31.798518338380646,49.40933996415706,-3.423124913172188
2025-09-22 00:30:00,2.9549,2.956,2.8995,2.9165,19880236.9,-0.007483254383381599,-0.0031578086185900913,-0.004325445764791508,27.279126674800228,42.03260220103812,-2.227824377675546
2025-09-22 01:00:00,2.9164,2.928,2.9125,2.9248,3970903.7,-0.010083385985617088,-0.004542924091995491,-0.005540461893621597,27.234725365460406,37.09997658917888,7.5042229180234585
2025-09-22 01:30:00,2.9248,2.936,2.9158,2.9175,2547923.8,-0.01258795193055251,-0.0061519296597068954,-0.006436022270845615,24.594251817316884,32.93140166522488,7.919952121500884
2025-09-22 02:00:00,2.9175,2.9228,2.8967,2.9058,4005313.0,-0.015340099586207856,-0.007989563645007088,-0.007350535941200768,19.555890100433512,28.472897810294427,1.7218746807116787
2025-09-22 02:30:00,2.9058,2.9063,2.8769,2.8979,6585839.3,-0.017951724107462486,-0.009981995737498167,-0.007969728369964318,19.08216507559122,25.34265356539336,6.561188095986942
2025-09-22 03:00:00,2.8979,2.9079,2.8967,2.9054,2404876.2,-0.01919500002459973,-0.011824596594918479,-0.00737040342968125,20.925243038304384,23.870183389697033,15.035362335519082
2025-09-22 03:30:00,2.9053,2.9054,2.8931,2.9038,1877484.3,-0.020077965486464233,-0.01347527037322763,-0.006602695113236603,22.952839401707568,23.56440206036721,21.729714084388284
2025-09-22 04:00:00,2.9038,2.9056,2.8946,2.9028,1739888.0,-0.02062071089976003,-0.014904358478534111,-0.00571635242122592,24.057809094039015,23.728871071591147,24.715685138934752
2025-09-22 04:30:00,2.9028,2.9066,2.8943,2.8944,1004687.8,-0.0214810304013473,-0.01621969286309675,-0.00526133753825055,23.413170664462623,23.623637602548303,22.992236788291258
2025-09-22 05:00:00,2.8944,2.8958,2.8808,2.8885,2555868.0,-0.022380927100297043,-0.01745193971053681,-0.004928987389760234,22.151363635304506,23.132879613467036,20.188331678979445
2025-09-22 05:30:00,2.8885,2.8885,2.8454,2.847,6280645.1,-0.02614146238180659,-0.019189844244790765,-0.0069516181370158255,15.35624389520662,20.54066770738023,4.987396270859399
2025-09-22 06:00:00,2.8471,2.8506,2.6975,2.8099,44803221.0,-0.03174938646410874,-0.02170175268865436,-0.010047633775454382,26.867174876727464,22.649503430495972,35.30251776919045
2025-09-22 06:30:00,2.8098,2.8291,2.8048,2.824,8004119.1,-0.03465645648341553,-0.024292693447606598,-0.010363763035808934,37.952641299313846,27.750549386768597,58.35682512440434
2025-09-22 07:00:00,2.8239,2.8279,2.8087,2.8161,7260226.0,-0.03716932950157936,-0.026868020658401152,-0.01030130884317821,44.09136796380113,33.19748891244611,65.87912606651118
2025-09-22 07:30:00,2.8161,2.8239,2.8043,2.806,4587137.0,-0.03952022056137672,-0.029398460638996267,-0.01012175992238045,46.69059474328335,37.695190856058524,64.68140251773299
2025-09-22 08:00:00,2.806,2.8239,2.7979,2.8106,4315061.4,-0.04054476232547577,-0.03162772097629217,-0.0089170413491836,49.15671404693305,41.515698586350034,64.43874496809907
2025-09-22 08:30:00,2.8105,2.823,2.8076,2.8128,4541515.8,-0.040709918837797954,-0.033444160548593324,-0.00726575828920463,51.15150297214638,44.72763338161548,63.999242153208186
2025-09-22 09:00:00,2.8129,2.8189,2.8089,2.8152,3366477.4,-0.04018393127522746,-0.034792114693920156,-0.005391816581307302,53.88583976929444,47.780368844175136,66.09678161953305
2025-09-22 09:30:00,2.8152,2.8165,2.7974,2.8007,5288256.9,-0.04047059137549036,-0.0359278100302342,-0.00454278134525616,53.93436438371811,49.831700690689466,62.13969176977541
2025-09-22 10:00:00,2.8008,2.8139,2.7895,2.8117,5881950.7,-0.03935648642412337,-0.036613545309012036,-0.002742941115111336,60.820166284116034,53.49452255516499,75.47145374201813
2025-09-22 10:30:00,2.8117,2.8187,2.798,2.8161,3936601.8,-0.03768410805568312,-0.036827657858346255,-0.0008564501973368638,62.93734991331652,56.642131674548835,75.52778639085187
2025-09-22 11:00:00,2.816,2.8221,2.8117,2.8176,2928120.6,-0.035824733458692304,-0.03662707297841547,0.0008023395197231664,66.35059438665553,59.878285911917736,79.29521133613112
2025-09-22 11:30:00,2.8177,2.8197,2.8114,2.8162,2667650.8,-0.03407138033046708,-0.0361159344488258,0.0020445541183587157,70.1058226143593,63.28746481273159,83.74253821761472
2025-09-22 12:00:00,2.8163,2.8229,2.8041,2.8191,3131057.9,-0.032078053744757806,-0.035308358308012204,0.003230304563254398,75.4193856188753,67.3314384147795,91.59528002706688
2025-09-22 12:30:00,2.8191,2.8455,2.815,2.8454,5296978.6,-0.02805276307225313,-0.03385723926086039,0.005804476188607265,83.55339993639319,72.73875892198406,105.18268196521146
2025-09-22 13:00:00,2.8454,2.8536,2.8408,2.8531,5812296.4,-0.023965110686988922,-0.0318788135460861,0.007913702859097177,88.77558955717934,78.08436913371582,110.1580304041064
2025-09-22 13:30:00,2.8531,2.8583,2.8338,2.8572,5596019.2,-0.020162361830306175,-0.029535523202930115,0.00937316137262394,91.98411396835229,82.71761741192798,110.51710708120092
2025-09-22 14:00:00,2.8572,2.8646,2.8492,2.8644,5261151.1,-0.01637887071090738,-0.02690419270452557,0.010525321993618192,94.56730545071689,86.6675134248576,110.36688950243544
2025-09-22 14:30:00,2.8643,2.8696,2.8548,2.8605,5766338.8,-0.013539054355698354,-0.02423116503476013,0.010692110679061777,92.1417045649099,88.49224380487503,99.44062608497964
2025-09-22 15:00:00,2.8606,2.8746,2.8538,2.8667,6039415.3,-0.010665248899557778,-0.021517981807719664,0.010852732908161886,91.02591179031806,89.33679980002272,94.40413577090877
2025-09-22 15:30:00,2.8667,2.8671,2.8491,2.8602,4610245.5,-0.008810669138769711,-0.01897651927392967,0.01016585013515996,87.20876388858075,88.62745449620873,84.3713826733248
2025-09-22 16:00:00,2.8602,2.8703,2.8566,2.8609,2972689.6,-0.007201403865915168,-0.016621496192326772,0.009420092326411604,84.99496788789541,87.41662562677095,80.15165241014432
2025-09-22 16:30:00,2.8609,2.8618,2.8418,2.8454,2783723.2,-0.007094983451389147,-0.014716193644139248,0.0076212101927501,73.66554906172901,82.83293343842364,55.33078030833977
2025-09-22 17:00:00,2.8454,2.867,2.8446,2.8628,4256473.6,-0.005542716933439884,-0.012881498301999375,0.007338781368559491,72.80317649866898,79.48968112517208,59.43016724566277
2025-09-22 17:30:00,2.8627,2.8684,2.8518,2.8572,2060662.0,-0.004710112488511609,-0.011247221139301822,0.006537108650790213,67.65309805793628,75.54415343609348,51.87098730162185
2025-09-22 18:00:00,2.8572,2.8632,2.8461,2.8521,1746176.5,-0.0044109481799377015,-0.009879966547428998,0.005469018367491297,55.56954504675426,68.88595063964708,28.936733860968616
2025-09-22 18:30:00,2.852,2.8541,2.8326,2.8335,4054740.8,-0.005610053656925018,-0.009025983969328204,0.003415930312403186,37.760649078788646,58.51085011936093,-3.7397530023559256
2025-09-22 19:00:00,2.8336,2.8377,2.8285,2.8286,2390611.5,-0.006876474715454606,-0.008596082118553484,0.0017196074030988787,25.24607263242437,47.42259095704875,-19.106964016824392
2025-09-22 19:30:00,2.8286,2.8361,2.8157,2.8345,5153594.0,-0.007319665291618982,-0.008340798753166585,0.0010211334615476027,28.308126565694256,41.05110282659725,2.8221740438882676
2025-09-22 20:00:00,2.8344,2.8344,2.8146,2.8317,2045700.0,-0.00780684120979247,-0.008234007244491762,0.0004271660346992917,29.10547755486748,37.06922773602066,13.17797719256113
2025-09-22 20:30:00,2.8318,2.8437,2.8314,2.8406,1799686.5,-0.007389593382608695,-0.008065124472115149,0.0006755310895064544,35.51269755206771,36.55038434136967,33.43732397346379
2025-09-22 21:00:00,2.8405,2.8407,2.8296,2.8395,1151107.9,-0.007066227211651288,-0.007865345020022377,0.000799117808371089,39.102640995058906,37.401136559266085,42.505649866644546
2025-09-22 21:30:00,2.8395,2.8571,2.8377,2.8554,845580.9,-0.005463974773304514,-0.007385070970678804,0.0019210961973742903,51.34723773896125,42.049836952497806,69.94203931188814
2025-09-22 22:00:00,2.8554,2.8562,2.8466,2.8494,838292.4,-0.004625013748692286,-0.006833059526281501,0.002208045777589215,58.09980458317593,47.39982616272385,79.49976142408009
2025-09-22 22:30:00,2.8494,2.8505,2.8431,2.8461,663446.5,-0.004178249256490574,-0.0063020974723233154,0.0021238482158327417,63.4390854083917,52.7462459112798,84.8247644026155
2025-09-22 23:00:00,2.8461,2.8495,2.8444,2.8472,1062229.1,-0.003692855432041675,-0.005780249064266988,0.002087393632225313,67.86135105657483,57.78461429304482,88.01482458363485
2025-09-22 23:30:00,2.8473,2.8526,2.844,2.8526,887227.2,-0.002839708071780578,-0.0051921408657697055,0.0023524327939891277,75.04482227301054,63.5380169530334,98.05843291296482
2025-09-23 00:00:00,2.8525,2.867,2.8471,2.8647,1223530.7,-0.0011736842644900491,-0.004388449545513775,0.0032147652810237256,81.90011052297397,69.65871480968026,106.38290194956139
2025-09-23 00:30:00,2.8647,2.8685,2.8507,2.851,1189950.7,-0.0009478971304082151,-0.003700339062492663,0.002752441932084448,72.93769150546157,70.75170704160736,77.30966043317
2025-09-23 01:00:00,2.8509,2.8535,2.8367,2.8476,1688383.0,-0.0010314212033590842,-0.0031665554906659473,0.002135134287306863,64.04929219472916,68.51756875931463,55.11273906555823
2025-09-23 01:30:00,2.8476,2.8482,2.8224,2.8227,1838450.8,-0.0030714309903903114,-0.0031475305906108206,7.609960022050919e-05,42.916447869515885,59.98386179604838,8.781620016450901
2025-09-23 02:00:00,2.8227,2.8372,2.8175,2.8187,2006425.7,-0.0049538155131028105,-0.0035087875751092187,-0.0014450279379935919,29.39527897183432,49.78766752131036,-11.389498127117761
2025-09-23 02:30:00,2.8186,2.822,2.8066,2.8092,2322245.2,-0.007129999221631156,-0.004233029904413606,-0.00289696931721755,20.99696034848198,40.190765130367566,-17.390649215289187
2025-09-23 03:00:00,2.8091,2.8499,2.7991,2.8481,3487308.9,-0.0056505990021409325,-0.004516543723959071,-0.0011340552781818614,37.533036005616225,39.30485542211712,33.98939717261443
2025-09-23 03:30:00,2.8482,2.8725,2.8474,2.8596,4599443.2,-0.0035097515480999597,-0.004315185288787249,0.0008054337406872896,52.49704671037441,43.70225251820289,70.08663509471747
2025-09-23 04:00:00,2.8597,2.8659,2.8442,2.8452,1905017.4,-0.002941170191821385,-0.004040382269394077,0.0010992120775726918,55.93354431009524,47.779349782167,72.24193336595172
2025-09-23 04:30:00,2.8452,2.8568,2.8356,2.8561,2160030.6,-0.0015926671897021905,-0.0035508392534556996,0.001958172063753509,63.17458812316977,52.91109589583459,83.70157257784012
2025-09-23 05:00:00,2.856,2.8745,2.8518,2.8707,2551779.9,0.0006466746745190655,-0.0027113364678607466,0.003358011142379812,73.76979614931032,59.8639959803265,101.58139648727798
2025-09-23 05:30:00,2.8707,2.8753,2.8642,2.8655,2643454.5,0.0019789604692848073,-0.001773277080431636,0.0037522375497164432,78.22623330338962,65.98474175468088,102.7092164008071
2025-09-23 06:00:00,2.8655,2.875,2.8593,2.8729,2142466.1,0.0035905352604053142,-0.000700514612264246,0.00429104987266956,84.4342867691888,72.13459009285019,109.03368012186601
2025-09-23 06:30:00,2.8729,2.8806,2.8645,2.8728,4314698.5,0.00480427009378559,0.0004004423289457211,0.0044038277648398684,86.43267379704609,76.90061799424882,105.49678540264063
2025-09-23 07:00:00,2.8728,2.8843,2.8644,2.8713,3153925.6,0.005580794306903947,0.0014365127245373663,0.00414428158236658,85.869043877217,79.89009328857155,97.82694505450789
2025-09-23 07:30:00,2.8713,2.8743,2.8637,2.8646,1974252.1,0.005591110493171403,0.0022674322782641736,0.003323678214907229,77.0954474581856,78.95854467844289,73.36925301767101
2025-09-23 08:00:00,2.8646,2.87,2.8588,2.8607,2770210.1,0.005224365505282158,0.0028588189236677707,0.0023655465816143873,68.57697866137768,75.49802267275449,54.73489063862408
2025-09-23 08:30:00,2.8607,2.8663,2.8561,2.8661,1566185.8,0.0053082619904940564,0.0033487075370330277,0.0019595544534610288,66.59409802613396,72.53004779054764,54.72219849730661
2025-09-23 09:00:00,2.866,2.8738,2.8544,2.8546,2400183.1,0.004396120923460423,0.003558190214318507,0.0008379307091419155,47.26786022255097,64.10931860121542,13.584943465222068
2025-09-23 09:30:00,2.8545,2.8588,2.8494,2.8579,1746930.3,0.0038946301054321175,0.003625478192541229,0.00026915191289088834,39.63034043490003,55.94965921244363,6.99170287981282
2025-09-23 10:00:00,2.8578,2.8651,2.8556,2.8604,1792649.9,0.0036567711442367923,0.003631736782880342,2.5034361356450138e-05,36.92643517054433,49.60858453181053,11.562136448011941
2025-09-23 10:30:00,2.8604,2.8688,2.8577,2.8642,1787623.9,0.003731875705758725,0.003651764567456019,8.011113830270599e-05,38.75324904397294,45.990139369198005,24.27946839352282
2025-09-23 11:00:00,2.8642,2.8643,2.857,2.8617,1759781.6,0.003548759613438257,0.0036311635766524664,-8.240396321420934e-05,37.583350365513745,43.18787636796992,26.374298360601387
2025-09-23 11:30:00,2.8618,2.8679,2.8584,2.8584,1021694.7,0.003101603021296473,0.003525251465581268,-0.00042364844428479514,37.103759681426844,41.159837472455564,28.991604099369397
2025-09-23 12:00:00,2.8583,2.862,2.8529,2.8575,1327248.1,0.0026441258847604843,0.0033490263494171113,-0.000704900464656627,35.8014135581094,39.37369616767351,28.65684833898119
2025-09-23 12:30:00,2.8574,2.8719,2.8553,2.865,1956615.4,0.0028538617363658147,0.0032499934268068525,-0.00039613169044103776,45.179084448575765,41.30882559464093,52.919602156445436
2025-09-23 13:00:00,2.8649,2.8651,2.8564,2.8622,1436174.1,0.0027623002327934465,0.0031524547880041717,-0.00039015455521072525,47.60572843019796,43.407793206493274,56.00159887760735
2025-09-23 13:30:00,2.8622,2.8687,2.8541,2.8595,1890786.3,0.0024437001917294587,0.0030107038687492292,-0.0005670036770197705,46.70011524976163,44.505233887582726,51.08987797411943
2025-09-23 14:00:00,2.8596,2.8785,2.8569,2.8638,2038865.6,0.002509256282727357,0.002910414351544855,-0.0004011580688174981,45.32611849984105,44.778862091668834,46.42063131618549
2025-09-23 14:30:00,2.8639,2.8693,2.8549,2.864,2162142.2,0.0025479767952445442,0.002837926840284793,-0.00028995004504024863,44.67053733322731,44.74275383885499,44.52610432197194
2025-09-23 15:00:00,2.8639,2.88,2.8587,2.8754,2756456.5,0.003458678315931607,0.002962077135414156,0.000496601180517451,57.45563497491912,48.980380884209694,74.40614315633798
2025-09-23 15:30:00,2.8753,2.8839,2.8741,2.8766,1976480.0,0.004228502261587774,0.00321536216064888,0.0010131401009388944,63.78762761768772,53.91612979536904,83.53062326232508
2025-09-23 16:00:00,2.8766,2.8792,2.8637,2.8787,1848739.9,0.004950973988109286,0.0035624845261409614,0.0013884894619683248,70.26702056232914,59.36642671768907,92.06820825160925
2025-09-23 16:30:00,2.8787,2.8964,2.8717,2.8863,4076022.5,0.006066859540363012,0.004063359528985372,0.0020035000113776402,72.21899085557955,63.65061476365256,89.35574303943353
2025-09-23 17:00:00,2.8862,2.8872,2.8686,2.8693,1550427.8,0.005515865491098726,0.004353860721408043,0.001162004769690683,60.123929285910485,62.47505293773853,55.421681982254384
2025-09-23 17:30:00,2.8692,2.875,2.8451,2.8487,4340094.2,0.003378011287360483,0.0041586908345985305,-0.0007806795472380477,42.42180081049006,55.79063556198904,15.684131307492109
2025-09-23 18:00:00,2.8487,2.8549,2.8411,2.8454,2930474.7,0.0014013105717554097,0.0036072147820299066,-0.002205904210274497,30.87312338541423,47.48479816979744,-2.3502261833521914
2025-09-23 18:30:00,2.8453,2.8521,2.8379,2.8457,1776793.7,-0.00013942429741353735,0.0028578869661412183,-0.0029973112635547556,25.026526701387283,39.99870768032739,-4.9178352564929355
2025-09-23 19:00:00,2.8456,2.87,2.8454,2.8653,1759188.0,0.00021856888825055876,0.0023300233505630864,-0.0021114544623125277,32.29688674679385,37.43143403581621,22.02779216874913
2025-09-23 19:30:00,2.8652,2.8659,2.8477,2.8532,2024880.0,-0.00046868509891551113,0.001770281660667367,-0.002238966759582878,30.249206549144798,35.03735820692574,20.672903233582915
2025-09-23 20:00:00,2.8531,2.8599,2.8384,2.8436,2336454.2,-0.0017676027800415106,0.0010627047725255917,-0.002830307552567102,23.414000947293136,31.162905787048203,7.916191267783006
2025-09-23 20:30:00,2.8437,2.8561,2.8428,2.8551,962008.6,-0.001847750789127911,0.00048061366019489123,-0.0023283644493228024,25.40990376543208,29.245238446509493,17.73923440327726
2025-09-23 21:00:00,2.8551,2.8564,2.8349,2.8471,1221059.7,-0.0025276644624674383,-0.0001210419643375747,-0.0024066224981298635,24.715589125966854,27.735355339661947,18.676056698576666
2025-09-23 21:30:00,2.847,2.8582,2.8462,2.8483,632762.1,-0.0029358285716374333,-0.0006839992857975465,-0.002251829285839887,27.615879034933783,27.69552990475256,27.456577295296228
2025-09-23 22:00:00,2.8483,2.8484,2.8356,2.8366,1016821.3,-0.004155491864330507,-0.0013782978015041388,-0.0027771940628263684,20.025020971057085,25.13869359352074,9.797675726129775
2025-09-23 22:30:00,2.8367,2.8449,2.8333,2.8354,716026.2,-0.005159438981234388,-0.0021345260374501887,-0.003024912943784199,15.25737092893359,21.84491937199169,2.0822740428173887
2025-09-23 23:00:00,2.8354,2.8367,2.8175,2.82,2523854.2,-0.007115700238281342,-0.0031307608776164194,-0.003984939360664922,11.758882206590606,18.48290698352466,-1.689167347277504
2025-09-23 23:30:00,2.82,2.8333,2.8195,2.8247,1085304.7,-0.008192364183395195,-0.004143081538772174,-0.004049282644623021,12.797932490344216,16.587915485797847,5.217966499436955
2025-09-24 00:00:00,2.8247,2.8423,2.8215,2.8382,1111496.1,-0.007865620958815711,-0.004887589422780882,-0.0029780315360348293,24.805539899223234,19.327123623606308,35.762372450457086
2025-09-24 00:30:00,2.8382,2.8382,2.8274,2.8282,872961.0,-0.008317709646580074,-0.00557361346754072,-0.0027440961790393533,25.300335362790822,21.318194203334482,33.264617681703506
2025-09-24 01:00:00,2.8282,2.8389,2.8247,2.8385,679888.4,-0.0077554690498531365,-0.006009984584003205,-0.0017454844658499318,34.065907440877595,25.56743194918219,51.062858424268406
2025-09-24 01:30:00,2.8385,2.8431,2.835,2.8411,874902.1,-0.0070191783367499205,-0.006211823334552548,-0.0008073550021973725,42.03902428900436,31.05796272912291,64.00114740876725
2025-09-24 02:00:00,2.8411,2.8417,2.8214,2.8255,1604171.5,-0.007606766201563531,-0.006490811907954744,-0.0011159542936087863,36.65600540518309,32.9239769544763,44.12006230659665
2025-09-24 02:30:00,2.8256,2.833,2.8188,2.829,6598016.2,-0.007701237990787035,-0.006732897124521203,-0.0009683408662658323,38.4276045766917,34.75851949521476,45.76577473964558
2025-09-24 03:00:00,2.829,2.8347,2.8055,2.8128,3434868.5,-0.008979798646266524,-0.007182277428870268,-0.0017975212173962554,32.09003425680178,33.86902441574377,28.532053938917798
2025-09-24 03:30:00,2.8128,2.8216,2.8062,2.814,2947869.9,-0.009783459574106868,-0.007702513857917589,-0.0020809457161892787,28.92881716410908,32.222288665198874,22.341874161929496
2025-09-24 04:00:00,2.8139,2.8254,2.7883,2.8244,7061312.7,-0.00947198640276703,-0.008056408366887476,-0.0014155780358795535,41.244515578992235,35.22969763646333,53.27415146405005
2025-09-24 04:30:00,2.8243,2.8488,2.8243,2.8402,3284163.2,-0.00785961299043203,-0.008017049291596388,0.00015743630116435772,56.09138504164201,42.183593438189554,83.90696824854693
2025-09-24 05:00:00,2.8402,2.8484,2.8376,2.8444,3201711.7,-0.006171746493697228,-0.007647988732016556,0.0014762422383193287,68.3033476035187,50.890178159965934,103.12968649062422
2025-09-24 05:30:00,2.8443,2.8609,2.8423,2.8572,1753773.7,-0.0037579280533073245,-0.00686997659627471,0.0031120485429673855,77.1700921580851,59.65014949267232,112.20997748891067
2025-09-24 06:00:00,2.8573,2.8689,2.8537,2.8566,2599620.2,-0.0018717976164968064,-0.00587034080031913,0.003998543183822324,79.69321280348758,66.3311705962774,106.41729721790793
2025-09-24 06:30:00,2.8566,2.8585,2.8508,2.8559,2229203.6,-0.00042856952365077916,-0.004781986544985461,0.0043534170213346815,81.08579778297026,71.24937965850836,100.75863403189408
2025-09-24 07:00:00,2.856,2.8726,2.8545,2.8644,1772584.5,0.0013851113983638363,-0.0035485669563156013,0.004933678354679437,84.14814355954444,75.54896762552039,101.34649542759252
2025-09-24 07:30:00,2.8644,2.8774,2.8624,2.8736,1489325.5,0.003524204868337044,-0.0021340125913850722,0.005658217459722116,88.01047206251708,79.70280243785261,104.62581131184604
2025-09-24 08:00:00,2.8737,2.8746,2.8671,2.8718,1074648.0,0.005016381178220897,-0.0007039338374638785,0.005720315015684775,89.91195705776475,83.10585397782332,103.52416321764761
2025-09-24 08:30:00,2.8718,2.8799,2.8718,2.8746,978243.5,0.006351660267979398,0.0007071849836247767,0.005644475284354621,90.09718000493665,85.43629598686108,99.41894804108776
2025-09-24 09:00:00,2.8747,2.8747,2.8703,2.8729,905353.8,0.007189822970576465,0.0020037125810151144,0.005186110389561351,87.88196555096634,86.25151917489616,91.14285830310669
2025-09-24 09:30:00,2.8729,2.8791,2.8723,2.8733,2184846.7,0.007796476678075148,0.003162265400427121,0.004634211277648027,86.07024653752357,86.19109496243863,85.82854968769345
2025-09-24 10:00:00,2.8733,2.8752,2.8685,2.8693,2045866.2,0.00786383811069502,0.004102579942480701,0.003761258168214319,78.57145874551959,83.65121622346561,68.41194378962757
2025-09-24 10:30:00,2.8692,2.874,2.8677,2.8726,990130.0,0.00809024563641536,0.0049001130812676335,0.0031901325551477273,77.35233561270576,81.55158935321232,68.95382813169263
2025-09-24 11:00:00,2.8725,2.8842,2.8719,2.8767,1319529.5,0.008502499445610212,0.00562059035413615,0.002881909091474062,76.48404865762895,79.8624091213512,69.72732773018444
2025-09-24 11:30:00,2.8767,2.882,2.8752,2.8804,1422773.2,0.009023752436339905,0.006301222770576901,0.0027225296657630033,78.51230155156905,79.41237326475715,76.71215812519284
2025-09-24 12:00:00,2.8804,2.8875,2.8784,2.879,1692594.7,0.009217625834361254,0.006884503383333772,0.002333122451027482,71.78597881215684,76.87024178055704,61.61745287535646
2025-09-24 12:30:00,2.8789,2.8835,2.8751,2.8767,1159080.3,0.009081000994243027,0.007323802905515623,0.0017571980887274036,63.008834359619506,72.24977264024453,44.526957798369466
2025-09-24 13:00:00,2.8767,2.8805,2.8737,2.877,929143.1,0.008894403173702603,0.007637922959153019,0.0012564802145495838,57.6624552296447,67.38733350337792,38.21269868217826
2025-09-24 13:30:00,2.877,2.8868,2.8718,2.8766,1787716.7,0.008614938748222833,0.007833326116966983,0.0007816126312558506,53.42480180292756,62.733156269894465,34.808092868993754
2025-09-24 14:00:00,2.8766,2.8957,2.8766,2.8949,2120119.6,0.009757638258194756,0.008218188545212538,0.0015394497129822184,67.997486916237,64.48793315200864,75.01659444469371
2025-09-24 14:30:00,2.895,2.9261,2.8941,2.9197,5937813.1,0.012520065073606368,0.009078563850891305,0.003441501222715063,75.0120232409618,67.99596318165969,89.044143359566
2025-09-24 15:00:00,2.9197,2.9245,2.9084,2.9238,3480944.5,0.014868746309913305,0.010236600342695705,0.0046321459672176,81.92943968059211,72.6404553479705,100.50740834583533
2025-09-24 15:30:00,2.9239,2.9511,2.9234,2.9404,4884127.0,0.01786365330348838,0.01176201093485424,0.00610164236863414,83.45527168281596,76.24539412625232,97.87502679594323
2025-09-24 16:00:00,2.9403,2.9487,2.9289,2.9448,3037751.5,0.02035751316109291,0.013481111380101976,0.006876401780990934,86.3220096212468,79.60426595791715,99.7574969479061
2025-09-24 16:30:00,2.9449,2.9524,2.9316,2.9462,3483148.4,0.02219107842661039,0.015223104789403662,0.006967973637206727,88.31723718339542,82.50858969974324,99.93453215069977
2025-09-24 17:00:00,2.9462,2.9493,2.9347,2.9368,2882902.3,0.022624885077068946,0.01670346084693672,0.005921424230132227,85.7598785523711,83.59235265061919,90.09493035587494
2025-09-24 17:30:00,2.9368,2.956,2.9363,2.944,2770656.8,0.023281287608601264,0.01801902619926963,0.005262261409331635,85.7559918773527,84.31356572619703,88.64084417966404
2025-09-24 18:00:00,2.944,2.9534,2.9405,2.9529,1933866.9,0.02424022078733934,0.019263265116883574,0.0049769556704557655,89.20256721294551,85.94323288844652,95.72123586194351
2025-09-24 18:30:00,2.9528,2.9557,2.9464,2.9513,2066043.1,0.024587644550882803,0.02032814100368342,0.004259503547199384,90.27074755499537,87.38573777729613,96.04076711039386
2025-09-24 19:00:00,2.9512,2.9568,2.9481,2.9526,2602588.0,0.024683345282423552,0.021199181859431447,0.003484163422992105,90.62126971985919,88.46424842481714,94.93531230994327
2025-09-24 19:30:00,2.9525,2.9955,2.9476,2.9773,7969085.6,0.026447403174286954,0.02224882612240255,0.004198577051884405,85.33327366437223,87.4205901713355,81.15864065044568
2025-09-24 20:00:00,2.9772,2.9796,2.9622,2.9649,3900024.2,0.026538931116068643,0.023106847121135768,0.0034320839949328746,74.90686712759958,83.24934915675686,58.22190306928502
2025-09-24 20:30:00,2.9648,2.9767,2.9517,2.9685,2487439.5,0.026595382567708548,0.023804554210450322,0.002790828357258225,69.18673770947966,78.56181200766446,50.436589113110074
2025-09-24 21:00:00,2.9686,2.9759,2.9597,2.9638,2212791.5,0.025961600855259004,0.02423596353941206,0.0017256373158469444,62.0784391747409,73.06735439668994,40.10060873084282
2025-09-24 21:30:00,2.9638,2.9657,2.9412,2.9439,3082805.4,0.023581725144874888,0.02410511586050463,-0.0005233907156297415,45.66490539577327,63.933204729717716,9.128306727884365
2025-09-24 22:00:00,2.9439,2.96,2.943,2.9446,2515531.6,0.021504253005458995,0.023584943289495505,-0.002080690284036509,32.9281187486972,53.59817606937755,-8.411995892663498
2025-09-24 22:30:00,2.9445,2.9505,2.9366,2.942,3186832.6,0.01942413377366048,0.022752781386328504,-0.0033286476126680245,25.00810633048421,44.06815282307977,-13.11198665470691
2025-09-24 23:00:00,2.9421,2.9479,2.929,2.9291,3409380.4,0.016543993249901856,0.021511023759043173,-0.004967030509141317,16.722196200272787,34.95283394881078,-19.739079296803197
2025-09-24 23:30:00,2.9291,2.9325,2.9234,2.9257,3447586.1,0.01382771228969304,0.019974361465173146,-0.006146649175480107,12.211468756723685,27.37237888478175,-18.110351499392443
2025-09-25 00:00:00,2.9257,2.9446,2.9215,2.922,3467281.8,0.01124683447426289,0.018228856066991095,-0.006982021592728205,8.427840903794083,21.057532891119195,-16.831543070856142
2025-09-25 00:30:00,2.9219,2.932,2.9116,2.9142,3173642.5,0.008474387929704008,0.016277962439533677,-0.007803574509829669,6.94984580478241,16.354970529006934,-11.860403643666636
2025-09-25 01:00:00,2.9142,2.9192,2.9042,2.9095,2422521.6,0.005830740204709972,0.014188517992568938,-0.008357777787858966,7.097200782918659,13.269047280310843,-5.246492211865711
2025-09-25 01:30:00,2.9095,2.9095,2.8905,2.896,2795508.9,0.0026161359733936074,0.011874041588733873,-0.009257905615340265,7.169410451023809,11.235835003881832,-0.9634386546922364
2025-09-25 02:00:00,2.896,2.9104,2.8883,2.8977,2834808.5,0.0002033704249448931,0.009539907355976077,-0.009336536931031184,9.149667404355188,10.540445804039617,6.368110604986331
2025-09-25 02:30:00,2.8977,2.9175,2.8972,2.9047,3008167.6,-0.0011308860067451576,0.00740574868343183,-0.008536634690176988,14.888631431413652,11.989841013164295,20.686212267912367
2025-09-25 03:00:00,2.9047,2.9048,2.8756,2.8772,2105252.8,-0.004357088213832849,0.0050531813039788945,-0.009410269517811744,10.663421415317844,11.547701147215477,8.894861951522579
2025-09-25 03:30:00,2.8772,2.8803,2.87,2.873,4070551.8,-0.007170128823787092,0.0026085192784256975,-0.00977864810221279,8.449430183938492,10.514944159456482,4.318402232902514
2025-09-25 04:00:00,2.873,2.8785,2.8385,2.8531,6976703.1,-0.010879831537297768,-8.915088471899563e-05,-0.010790680652578773,10.219821190800388,10.416569836571117,9.82632389925893
2025-09-25 04:30:00,2.8531,2.8572,2.8324,2.845,7462285.6,-0.01430846093919591,-0.002933012895614379,-0.01137544804358153,11.030081597079901,10.621073756740712,11.848097277758281
2025-09-25 05:00:00,2.845,2.8633,2.8352,2.8617,5016708.9,-0.015499455929980144,-0.005446301502487532,-0.010053154427492612,18.605307854274482,13.282485122585301,29.25095331765284
2025-09-25 05:30:00,2.8616,2.8665,2.8543,2.8653,2090995.2,-0.015968760199911003,-0.007550793241972227,-0.008417966957938776,25.290338412837936,17.285102886002846,41.30080946650811
2025-09-25 06:00:00,2.8652,2.8654,2.8445,2.851,3288521.6,-0.01729520929800543,-0.009499676453178868,-0.007795532844826564,24.145772024539877,19.571992598848524,33.29333087592258
2025-09-25 06:30:00,2.8511,2.8615,2.8442,2.8459,1842204.4,-0.01854419124895701,-0.011308579412334496,-0.007235611836622514,21.385077941937684,20.176354379878244,23.802525066056567
2025-09-25 07:00:00,2.8459,2.858,2.8388,2.853,2182430.3,-0.01874502678034151,-0.0127958688859359,-0.005949157894405612,23.741064852636352,21.364591204130946,28.494012149647162
2025-09-25 07:30:00,2.8531,2.8549,2.8386,2.8424,1365999.1,-0.01953434206241944,-0.014143563521232609,-0.005390778541186832,22.78631880920376,21.838500405821886,24.681955615967503
2025-09-25 08:00:00,2.8424,2.8549,2.8394,2.8512,2675456.3,-0.01922814358470326,-0.01516047953392674,-0.0040676640507765205,28.78451622710485,24.153839012916208,38.04587065548213
2025-09-25 08:30:00,2.8511,2.8512,2.8267,2.8319,3740228.3,-0.020308721488661252,-0.016190127924873645,-0.004118593563787607,23.544786362458442,23.950821462763617,22.732716161848096
2025-09-25 09:00:00,2.8319,2.8478,2.8294,2.8416,2345990.9,-0.02015010051325916,-0.01698212244255075,-0.003167978070708413,28.175586218188425,25.359076381238552,33.80860589208817
2025-09-25 09:30:00,2.8415,2.8439,2.8247,2.8276,3442929.5,-0.020913003162009502,-0.0177682985864425,-0.003144704575567002,21.096323826479615,23.938158862985574,15.412653753467694
2025-09-25 10:00:00,2.8276,2.838,2.8244,2.8314,1724291.8,-0.020969260186962213,-0.01840849090654644,-0.0025607692804157714,19.755272794888892,22.543863506953347,14.17809137075998
2025-09-25 10:30:00,2.8313,2.8317,2.8176,2.8177,2338944.0,-0.021867247768483367,-0.019100242278933827,-0.0027670054895495393,13.246112007526358,19.44461300714435,0.8491100082903742
2025-09-25 11:00:00,2.8177,2.8233,2.8074,2.8123,3930848.0,-0.022752369118467897,-0.01983066764684064,-0.002921701471627257,12.05867282715203,16.98263294714691,2.2107525871622684
2025-09-25 11:30:00,2.8123,2.8173,2.8102,2.8154,2062448.4,-0.022939260556563923,-0.0204523862287853,-0.0024868743277786237,13.653150305820619,15.872805400038146,9.213840117385566
2025-09-25 12:00:00,2.8154,2.8244,2.794,2.795,4901742.3,-0.02445161982508326,-0.021252232948044892,-0.0031993868770383675,9.649445578811934,13.798352126296075,1.3516324838436482
2025-09-25 12:30:00,2.7944,2.8416,2.7852,2.8278,9928563.3,-0.022741341533181636,-0.021550054665072243,-0.0011912868681093931,27.948115234359403,18.514939828983852,46.8144660451105
2025-09-25 13:00:00,2.8277,2.8576,2.8068,2.8497,7572081.6,-0.019395210774191263,-0.02111908588689605,0.0017238751127047862,48.32820941959124,28.452696359186316,88.07923554040107
2025-09-25 13:30:00,2.8496,2.852,2.8232,2.8267,4123496.0,-0.01838732814792543,-0.020572734339101926,0.0021854061911764956,51.32562027604428,36.0770043314723,81.82285216518825
2025-09-25 14:00:00,2.8267,2.8607,2.8267,2.8499,4665607.0,-0.015537422065832196,-0.01956567188444798,0.004028249818615784,62.782201596832984,44.9787367532592,98.38913128398056
2025-09-25 14:30:00,2.8498,2.8571,2.838,2.8387,2972835.1,-0.01402097231985211,-0.018456731971528806,0.004435759651676696,65.47511011532782,51.81086120728207,92.80360793141932
2025-09-25 15:00:00,2.8386,2.8404,2.8234,2.8268,3545745.1,-0.013622375255966546,-0.017489860628416357,0.003867485372449811,62.0165193263333,55.21274724696582,75.62406348506826
2025-09-25 15:30:00,2.8268,2.8365,2.8202,2.8312,2080225.4,-0.012803846214392678,-0.01655265774561162,0.0037488115312189416,61.653396990182415,57.35963049470468,70.24092998113788
2025-09-25 16:00:00,2.8312,2.8377,2.8036,2.8052,3369642.8,-0.01409070982895022,-0.016060268162279342,0.001969558333329121,49.93228673517681,54.88384924152873,40.02916172247298
2025-09-25 16:30:00,2.8053,2.8138,2.7873,2.7914,4933148.4,-0.01603921311865797,-0.016056057153555067,1.68440348970976e-05,36.02549800005155,48.59773216103633,10.881029678081973
2025-09-25 17:00:00,2.7914,2.7939,2.7534,2.7705,12015064.3,-0.019050271671920083,-0.01665490005722807,-0.002395371614692013,29.329207427185693,42.17489058308612,3.6378411153848447
2025-09-25 17:30:00,2.7704,2.7743,2.7244,2.7368,13485184.7,-0.023880585106276886,-0.018100037067037833,-0.005780548039239053,22.585331241503592,35.64503746922528,-3.5340812139397855
2025-09-25 18:00:00,2.7368,2.7837,2.7336,2.7808,7255240.4,-0.023882903778707387,-0.019256610409371745,-0.004626293369335642,28.8499909426116,33.38002196035405,19.789928907126708
2025-09-25 18:30:00,2.7808,2.8004,2.773,2.8003,5340082.7,-0.022056995003219004,-0.019816687328141198,-0.0022403076750778066,38.29888871180386,35.01964421083732,44.85737771373694
2025-09-25 19:00:00,2.8004,2.8139,2.795,2.8092,3087942.7,-0.019665106418397915,-0.01978637114619254,0.00012126472779462605,49.90040856649,39.97989899605488,69.74142770736024
2025-09-25 19:30:00,2.8092,2.8115,2.7473,2.7606,6426517.9,-0.021443938935493456,-0.020117884704052725,-0.0013260542314407313,43.9171302770422,41.29230942305065,49.16677198502529
2025-09-25 20:00:00,2.7607,2.7721,2.7561,2.7596,3004570.4,-0.022673007842785253,-0.02062890933179923,-0.002044098510986022,39.63407390637757,40.7395642508263,37.423093217480115
2025-09-25 20:30:00,2.7596,2.7621,2.746,2.7479,3043568.0,-0.024310905045446418,-0.02136530847452867,-0.002945596570917749,35.17504368432618,38.88472406199293,27.755682928992684
2025-09-25 21:00:00,2.748,2.7646,2.7463,2.7519,2734479.4,-0.024998022169520517,-0.022091851213527042,-0.002906170955993475,33.69211478396417,37.15385430265001,26.768635746592494
2025-09-25 21:30:00,2.7519,2.76,2.7338,2.7573,3104840.9,-0.02482071482035364,-0.02263762393489236,-0.0021830908854612793,34.714668701413665,36.340792435571224,31.46242123309854
2025-09-25 22:00:00,2.7572,2.7685,2.7493,2.7538,2171732.8,-0.0246781439363013,-0.023045727935174152,-0.001632416001127148,31.528334551461345,34.736639807534594,25.11172403931485
2025-09-25 22:30:00,2.7539,2.7574,2.7449,2.7546,2097245.5,-0.024221393027869187,-0.02328086095371316,-0.0009405320741560259,29.674736559068265,33.049338724712484,22.925532227779826
2025-09-25 23:00:00,2.7546,2.7649,2.7502,2.7543,2479581.0,-0.023611444104991275,-0.023346977583968788,-0.00026446652102248697,28.31416061907099,31.470946022831985,22.000589811549
2025-09-25 23:30:00,2.7542,2.7543,2.7321,2.7435,5717318.3,-0.02372602607020058,-0.02342278728121515,-0.0003032387889854299,23.6620012859298,28.86796444386459,13.250074970060219
2025-09-26 00:00:00,2.7435,2.7652,2.7424,2.7613,3115957.9,-0.022125473181744404,-0.023163324461321,0.0010378512795765973,40.10800085728642,32.61464324833853,55.094716075182205
2025-09-26 00:30:00,2.7613,2.7726,2.7387,2.7682,2502199.7,-0.02006890925851801,-0.022544441420760404,0.0024755321622423956,56.450601394569595,40.559962630415555,88.23187892287768
2025-09-26 01:00:00,2.7683,2.7774,2.7577,2.7673,2831568.7,-0.018300730580679048,-0.021695699252744133,0.003394968672065086,63.53513234987497,48.218352536902024,94.16869197582086
2025-09-26 01:30:00,2.7673,2.7732,2.7619,2.7676,2083524.5,-0.016682918447549877,-0.020693143091705286,0.004010224644155409,68.47890353862141,54.97186953747515,95.49297154091393
2025-09-26 02:00:00,2.7675,2.7787,2.7532,2.7545,2399893.8,-0.016270297335296835,-0.019808573940423596,0.003538276605126761,61.67549220171335,57.206410425554544,70.61365575403094
2025-09-26 02:30:00,2.7545,2.7665,2.7495,2.7589,1713498.1,-0.015410605041249248,-0.018928980160588728,0.00351837511933948,60.28723800572023,58.23335295227644,64.39500811260781
2025-09-26 03:00:00,2.7589,2.7636,2.744,2.7539,1610738.7,-0.014960297915813214,-0.018135243711633626,0.0031749457958204115,55.785197297089404,57.41730106721409,52.520989756840024
2025-09-26 03:30:00,2.7539,2.7629,2.7464,2.7611,1407739.7,-0.013862646488012054,-0.01728072426690931,0.0034180777788972577,57.93405141694357,57.58955118379058,58.623051883249545
2025-09-26 04:00:00,2.7611,2.7659,2.7537,2.7611,1054250.5,-0.012844684298276121,-0.016393516273182675,0.0035488319749065536,57.28936761129549,57.48948999295889,56.88912284796869
2025-09-26 04:30:00,2.7611,2.7639,2.754,2.7633,908997.3,-0.011725258829983876,-0.015459864784542915,0.0037346059545590397,58.6929117408636,57.890630575593796,60.297474071403215
2025-09-26 05:00:00,2.7633,2.7754,2.7604,2.7739,1606639.3,-0.009869010855339422,-0.014341693998702217,0.0044726831433627955,67.85099015192985,61.21075043437248,81.13146958704458
2025-09-26 05:30:00,2.7738,2.7739,2.7506,2.7529,1820523.0,-0.009977431834118367,-0.013468841565785448,0.003491409731667082,53.783465096483205,58.73498865507605,43.880417979297505
2025-09-26 06:00:00,2.753,2.7716,2.7379,2.7637,4450255.8,-0.009087135656989265,-0.012592500384026211,0.0035053647270369467,56.93407477020451,58.13468402678554,54.53285625704244
2025-09-26 06:30:00,2.7637,2.7705,2.752,2.7554,3467718.9,-0.008948161322691828,-0.011863632571759337,0.002915471249067509,53.51160540235859,56.59365781864323,47.34750056978932
2025-09-26 07:00:00,2.7553,2.7676,2.7551,2.7575,3407702.4,-0.00856978358131677,-0.011204862773670825,0.002635079192354055,53.096625823794625,55.427980487027035,48.433916497329804
2025-09-26 07:30:00,2.7574,2.774,2.738,2.7551,9647604.1,-0.008367125424042055,-0.010637315303745072,0.0022701898797030176,50.68663943808556,53.84753347071321,44.364851372830245
2025-09-26 08:00:00,2.7551,2.7687,2.755,2.7619,1458283.0,-0.007570545666359507,-0.01002396137626796,0.002453415709908452,55.124426292057,54.27316441116114,56.82695005384873
2025-09-26 08:30:00,2.7619,2.7671,2.7567,2.759,1527105.3,-0.007091509723259559,-0.009437471045666281,0.0023459613224067217,55.505173083593625,54.68383396863863,57.14785131350361
2025-09-26 09:00:00,2.7589,2.7663,2.7536,2.7623,2160176.1,-0.006372133873556951,-0.008824403611244416,0.002452269737687465,58.69233761128496,56.020001849520746,64.0370091348134
2025-09-26 09:30:00,2.7623,2.7638,2.7205,2.7488,4826267.9,-0.00681282648278092,-0.008422088185551718,0.0016092617027707971,56.76062382808416,56.266875842375214,57.748119799502035
2025-09-26 10:00:00,2.7488,2.7489,2.7234,2.728,5278237.4,-0.008739718681086917,-0.008485614284658757,-0.0002541043964281592,42.51331308165129,51.682354922133904,24.175229400686064
2025-09-26 10:30:00,2.7279,2.7304,2.7095,2.7098,5661180.6,-0.01160164597399227,-0.00910882062252546,-0.0024928253514668094,28.49724748079088,43.95398577501956,-2.4162291076664815
2025-09-26 11:00:00,2.7098,2.7139,2.6984,2.7069,10339919.2,-0.013943023243659258,-0.01007566114675222,-0.003867362096907039,22.745960401656074,36.8846439838984,-5.531406762828581
2025-09-26 11:30:00,2.707,2.7331,2.7067,2.7277,3071428.3,-0.013959281523384881,-0.010852385222078752,-0.003106896301306129,28.08284485330866,33.95071094036849,16.34711267918901
2025-09-26 12:00:00,2.7277,2.7328,2.7062,2.7302,2505714.3,-0.013613509161080284,-0.01140461000987906,-0.0022088991512012237,33.80013269974017,33.90051819349238,33.59936171223573
2025-09-26 12:30:00,2.7302,2.7766,2.719,2.7535,12522504.0,-0.011328775724390727,-0.011389443152781394,6.066742839066705e-05,46.020207818582,37.94041473518892,62.179793985368164
2025-09-26 13:00:00,2.7536,2.7568,2.7353,2.7392,2880511.7,-0.010550380288529837,-0.011221630579931084,0.0006712502914012469,48.071442893547335,41.31742412130839,61.57948043802523
2025-09-26 13:30:00,2.7392,2.7684,2.7326,2.7614,5183516.5,-0.008049353889624022,-0.010587175241869671,0.0025378213522456484,58.901848544547306,47.1788989290547,82.34774777553253
2025-09-26 14:00:00,2.7613,2.7636,2.7185,2.7249,4021950.5,-0.008909810655271855,-0.010251702324550107,0.0013418916692782522,50.563721706595004,48.3071731882348,55.076818743315414
2025-09-26 14:30:00,2.7248,2.7248,2.7004,2.7077,5562056.9,-0.01085450116220077,-0.01037226209208024,-0.0004822390701205298,37.673342177798226,44.76256285142261,23.49490083054947
2025-09-26 15:00:00,2.7078,2.7438,2.7061,2.7436,3790765.6,-0.009390603397974484,-0.010175930353259088,0.0007853269552846043,44.38239862151585,44.63584144145369,43.875512981640156
2025-09-26 15:30:00,2.7435,2.7482,2.7307,2.7353,3929577.6,-0.008798767788988915,-0.009900497840405054,0.0011017300514161391,44.85510739247159,44.708930091792986,45.1474619938288
2025-09-26 16:00:00,2.7353,2.7618,2.7319,2.7509,3684001.0,-0.006990363619110873,-0.009318470996146218,0.002328107377035345,51.994393554736064,47.137417912774005,61.70834483866018
2025-09-26 16:30:00,2.7508,2.7661,2.7472,2.763,2465545.2,-0.004528618316567368,-0.008360500460230449,0.0038318821436630814,62.047006026866796,52.10728061747161,81.92645684565717
2025-09-26 17:00:00,2.7631,2.7919,2.7627,2.7901,4466861.1,-0.00038646893917215763,-0.006765694156018791,0.006379225216846633,74.04226631299308,59.41894251597876,103.2889139070217
2025-09-26 17:30:00,2.79,2.7973,2.7839,2.7934,4484112.3,0.003126456857240001,-0.004787263953367033,0.007913720810607034,81.35325494137625,66.73037999111126,110.59900484190624
2025-09-26 18:00:00,2.7933,2.8089,2.7906,2.8077,3510034.3,0.006983860750641835,-0.0024330390125652593,0.009416899763207094,87.20017303311415,73.55364433844557,114.49323042245135
2025-09-26 18:30:00,2.8077,2.809,2.7959,2.8029,2405914.9,0.00954354914859934,-3.7721380332339516e-05,0.009581270528931679,89.59446771882257,78.9005854652379,110.98223222599194
2025-09-26 19:00:00,2.8028,2.8059,2.7878,2.7883,3542162.2,0.010275572262114618,0.002024937348157052,0.008250634913957566,86.35743912061442,81.3862033503634,96.29991066111646
2025-09-26 19:30:00,2.7883,2.7999,2.7723,2.7918,5119894.9,0.011011196385100952,0.0038221891555458324,0.00718900722955512,83.58269462021364,82.11836710698014,86.51134964668063
2025-09-26 20:00:00,2.7918,2.7974,2.7825,2.7855,2575623.8,0.010959492249149161,0.0052496497742664985,0.005709842474882662,78.89516433392528,81.04396618262852,74.5975606365188
2025-09-26 20:30:00,2.7854,2.7879,2.7769,2.7781,1968818.8,0.010203775421846473,0.0062404749037824935,0.003963300518063979,69.2634428892834,77.11712508484682,53.55607849815655
2025-09-26 21:00:00,2.778,2.7883,2.7698,2.7871,4749457.2,0.010213355965448478,0.0070350511161156905,0.003178304849332788,63.74222326528178,72.65882447832514,45.90902083919505
2025-09-26 21:30:00,2.7872,2.789,2.776,2.7862,1396988.7,0.010032675696584725,0.007634576032209498,0.0023980996643752275,56.4403937414803,67.25268089937687,34.81581942568715
2025-09-26 22:00:00,2.7863,2.793,2.7811,2.7853,1286476.2,0.009704989723012147,0.008048658770370028,0.001656330952642119,50.80720126983024,61.77085435619466,28.879895097101382
2025-09-26 22:30:00,2.7853,2.7898,2.7818,2.7821,716646.8,0.009082386869381232,0.00825540439017227,0.0008269824792089611,44.3306511866893,55.95745329969287,21.077046960682168
2025-09-26 23:00:00,2.7822,2.7835,2.7752,2.7829,793831.5,0.008554907290389657,0.008315304970215749,0.00023960232017390844,41.64979700534613,51.18823453491063,22.572921946217136
2025-09-26 23:30:00,2.7828,2.7887,2.7826,2.7835,886928.5,0.008092011240862007,0.008270646224345,-0.0001786349834829934,42.93818139226844,48.43821682069657,31.938110535412193
2025-09-27 00:00:00,2.7836,2.7836,2.7758,2.7808,821757.4,0.00742174212808866,0.008100865405093732,-0.0006791232770050719,41.910478416101775,46.262304019164965,33.2068272099754
2025-09-27 00:30:00,2.7807,2.7835,2.7727,2.7803,1027517.0,0.006772138212062018,0.007835119966487388,-0.0010629817544253704,43.026525840619435,45.183711292983126,38.71215493589206
2025-09-27 01:00:00,2.7803,2.7826,2.7676,2.7704,1100408.8,0.0053962703210213014,0.007347350037394172,-0.0019510797163728704,32.35889124282779,40.90877127626468,15.25913117595401
2025-09-27 01:30:00,2.7705,2.7735,2.7675,2.7728,737319.9,0.004448268180507586,0.0067675336660168554,-0.002319265485509269,28.50069873704868,36.77274709652601,11.956602018094017
2025-09-27 02:00:00,2.7729,2.7765,2.7697,2.7732,994153.3,0.0036867477777629,0.006151376488366065,-0.002464628710603165,26.45144621685601,33.33231346996934,12.68971171062934
2025-09-27 02:30:00,2.7731,2.7844,2.7712,2.7777,657948.8,0.0034070751228743035,0.005602516215267713,-0.002195441092393409,32.88093424920411,33.18185372971427,32.2790952881838
2025-09-27 03:00:00,2.7777,2.7894,2.7767,2.7884,767159.2,0.00400269255710306,0.005282551483634782,-0.001279858926531722,53.731886150915535,40.03186453678136,81.13192937918389
2025-09-27 03:30:00,2.7884,2.79,2.783,2.7836,851712.4,0.004040823680135919,0.00503420592293501,-0.0009933822427990908,59.67310928579525,46.578946119785996,85.86143561781375
2025-09-27 04:00:00,2.7835,2.787,2.7795,2.7869,1008521.0,0.004287897082167813,0.004884944154781571,-0.0005970470726137577,68.52281359793774,53.89356861250324,97.78130356880676
2025-09-27 04:30:00,2.7869,2.79,2.7829,2.7835,622677.0,0.00416138311416292,0.004740231946657841,-0.000578848832494921,69.38557943566225,59.05757222022291,90.04159386654095
2025-09-27 05:00:00,2.7834,2.7834,2.7757,2.7805,461677.4,0.003775523075251197,0.004547290172376512,-0.0007717670971253152,65.51631221636731,61.210485552271045,74.12796554455984
2025-09-27 05:30:00,2.7805,2.7913,2.7798,2.7902,646999.5,0.004203974348750528,0.004478627007651316,-0.0002746526589007883,75.4702585644128,65.96374322298497,94.48328924726846
2025-09-27 06:00:00,2.7902,2.7912,2.7862,2.7895,859002.7,0.00443590655050885,0.0044700829162228235,-3.417636571397334e-05,80.86906126516375,70.9321825703779,100.74281865473546
2025-09-27 06:30:00,2.7896,2.797,2.789,2.7969,742278.9,0.005157381562707286,0.004607542645519716,0.0005498389171875702,87.11684187703396,76.32706900592991,108.69638761924207
2025-09-27 07:00:00,2.797,2.8016,2.7895,2.7897,1057920.7,0.0050895072097261185,0.0047039355583609966,0.0003855716513651219,76.09591260270703,76.25001687152229,75.78770406507653
2025-09-27 07:30:00,2.7898,2.79,2.7791,2.781,1352623.7,0.004284312121667355,0.004620010871022269,-0.0003356987493549138,57.551715222911604,70.01724965531874,32.62064635809733
2025-09-27 08:00:00,2.7809,2.7814,2.7694,2.7758,1298392.9,0.0031898223846225093,0.004333973173742317,-0.0011441507891198077,44.99306894777931,61.67585608613893,11.627494671060063
2025-09-27 08:30:00,2.7757,2.7775,2.768,2.7696,782335.0,0.001801378033551515,0.003827454145704157,-0.002026076112152642,31.582680885821375,51.64479768603308,-8.541552714602034
2025-09-27 09:00:00,2.7696,2.7745,2.7619,2.7731,1102270.0,0.0009722392623867648,0.003256411169040679,-0.002284171906653914,30.45898289113534,44.58285942106716,2.2112298312716945
2025-09-27 09:30:00,2.7731,2.7834,2.773,2.7814,972023.9,0.000973657726432986,0.0027998604805191405,-0.0018262027540861545,36.67878456386365,41.948167801999325,26.14001808759231
2025-09-27 10:00:00,2.7813,2.7853,2.7781,2.78,453999.0,0.0008519923324357137,0.002410286850902455,-0.0015582945184667413,39.64983622477549,41.18205727625804,36.58539412181038
2025-09-27 10:30:00,2.78,2.7939,2.78,2.7881,936620.5,0.0013931149743764415,0.002206852475597252,-0.0008137375012208107,48.43154488872525,43.598553147080445,58.09752837201485
2025-09-27 11:00:00,2.788,2.7889,2.781,2.7823,597101.5,0.0013385174434246139,0.0020331854691627246,-0.0006946680257381107,49.416160068554255,45.53775545423838,57.172969297186
2025-09-27 11:30:00,2.7823,2.7824,2.7753,2.777,436056.9,0.0008576958172556992,0.0017980875387813196,-0.0009403917215256203,48.67327337903651,46.58292809583776,52.853963945434
2025-09-27 12:00:00,2.777,2.7785,2.7735,2.7773,760621.6,0.0004951410296047953,0.0015374982369460147,-0.0010423572073412193,48.49051558602441,47.21879059256664,51.03396557293995
2025-09-27 12:30:00,2.7773,2.789,2.7766,2.7844,837752.6,0.0007718272668628678,0.0013843640429293852,-0.0006125367760665174,55.76451039068334,50.06736385860554,67.15880345483895
2025-09-27 13:00:00,2.7844,2.7871,2.7809,2.7842,1533255.7,0.0009638540650920291,0.0013002620473619142,-0.00033640798226988516,60.40550692712219,53.513411548111094,74.18969768514438
2025-09-27 13:30:00,2.7842,2.7855,2.7802,2.7816,1032791.6,0.0008959109119657249,0.0012193918202826764,-0.0003234809083169515,53.98644640436546,53.671089833529216,54.61715954603794
2025-09-27 14:00:00,2.7817,2.7862,2.78,2.7828,481434.9,0.0009281957816025255,0.0011611526125466464,-0.0002329568309441209,51.18704270094968,52.84307412266937,47.8749798575103
2025-09-27 14:30:00,2.7829,2.7849,2.7801,2.7824,344881.8,0.0009110036335218119,0.0011111228167416795,-0.00020011918321986757,48.6671787940974,51.451109013145384,43.09931835600145
2025-09-27 15:00:00,2.7825,2.7825,2.7727,2.777,941169.8,0.0004563829632759919,0.0009801748460485419,-0.00052379188277255,41.23824189545172,48.04681997391416,27.621085738526844
2025-09-27 15:30:00,2.7769,2.785,2.774,2.7842,463013.4,0.0006693567063793537,0.0009180112181147043,-0.00024865451173535055,51.0095436767218,49.03439454151671,54.95984194713198
2025-09-27 16:00:00,2.7842,2.7849,2.7777,2.7831,631535.1,0.0007408391922139046,0.0008825768129345445,-0.0001417376207206399,55.27425611167968,51.1143483982377,63.594071538563625
2025-09-27 16:30:00,2.783,2.7853,2.7747,2.7765,474986.5,0.0002619056504351569,0.000758442580434667,-0.0004965369299995101,44.62046521964734,48.94972067204092,35.96195431486019
2025-09-27 17:00:00,2.7765,2.7774,2.7628,2.7692,1418724.3,-0.0006986480435560161,0.0004670244556365305,-0.0011656724991925466,38.52612633298866,45.475189225690166,24.628000547585643
2025-09-27 17:30:00,2.7691,2.777,2.7678,2.7757,228461.8,-0.0009247382819417282,0.00018867190812087874,-0.001113410190062607,44.06015259806094,45.00351034981376,42.1734370945553
